ISO-10303-21;
HEADER;
FILE_DESCRIPTION (( 'STEP AP214' ),
    '1' );
FILE_NAME ('Propellor 28in.STEP',
    '2026-09-23T06:09:58',
    ( '' ),
    ( '' ),
    'SwSTEP 2.0',
    'SolidWorks 2025',
    '' );
FILE_SCHEMA (( 'AUTOMOTIVE_DESIGN' ));
ENDSEC;

DATA;
#1 = CARTESIAN_POINT ( 'NONE',  ( -2.566391064300002967, 0.3762190141939036336, -0.1295184816354462698 ) ) ;
#2 = CARTESIAN_POINT ( 'NONE',  ( 3.303320101505768491, 0.7785861288146066483, -0.9585444354215797436 ) ) ;
#3 = CARTESIAN_POINT ( 'NONE',  ( 1.203235179604959182, 0.07497340354041086286, -0.2402401427500099051 ) ) ;
#4 = CARTESIAN_POINT ( 'NONE',  ( 3.213529251250993646, -0.1236729276927652915, 0.9054376516632477445 ) ) ;
#5 = CARTESIAN_POINT ( 'NONE',  ( 1.258675872299999776, 0.5946838906015895487, -0.3999883762846229707 ) ) ;
#6 = CARTESIAN_POINT ( 'NONE',  ( -1.720926595393059033, -0.009018042637148412574, -0.7115852933507621492 ) ) ;
#7 = CARTESIAN_POINT ( 'NONE',  ( 2.566391064299999414, 0.6116605979294992279, -0.8253043168524449857 ) ) ;
#8 = CARTESIAN_POINT ( 'NONE',  ( -11.09880415586338387, 1.033705089034388624, 1.371156060070541916 ) ) ;
#9 = CARTESIAN_POINT ( 'NONE',  ( -7.385196613088521822, -0.6665433131216458307, -2.206533514546255237 ) ) ;
#10 = CARTESIAN_POINT ( 'NONE',  ( -2.566391064299997637, -0.03869432891329287194, -0.7435251327574750047 ) ) ;
#11 = CARTESIAN_POINT ( 'NONE',  ( 7.384981780348807590, -0.6710139136326753739, 2.198801801499135067 ) ) ;
#12 = CARTESIAN_POINT ( 'NONE',  ( 7.190559425789142978, 1.007565359115511150, -1.144257566974597795 ) ) ;
#13 = CARTESIAN_POINT ( 'NONE',  ( 2.225350519203447952, 0.1952606289523104444, 0.3326458434357431604 ) ) ;
#14 = CARTESIAN_POINT ( 'NONE',  ( 0.8336028239802991679, 0.04518060286459818498, -0.8998176550808494323 ) ) ;
#15 = CARTESIAN_POINT ( 'NONE',  ( -1.666618909397044046, 0.6207864599343491108, 0.1507700086470296630 ) ) ;
#16 = CARTESIAN_POINT ( 'NONE',  ( -14.33582779230001591, 0.5980261428415347691, 0.6967181126209598396 ) ) ;
#17 = CARTESIAN_POINT ( 'NONE',  ( -3.217398306500855565, 0.004679531406345253247, -0.7271574672533520634 ) ) ;
#18 = ORIENTED_EDGE ( 'NONE', *, *, #3366, .F. ) ;
#19 = CARTESIAN_POINT ( 'NONE',  ( 11.10165027739138033, 0.9390504305467975987, -1.580030407621349831 ) ) ;
#20 = CARTESIAN_POINT ( 'NONE',  ( 11.07153015935746510, 0.4582324534324287435, -0.3752459354308491646 ) ) ;
#21 = CARTESIAN_POINT ( 'NONE',  ( 14.33582779229999815, 0.2701732744515621398, -0.01902883247113864099 ) ) ;
#22 = CARTESIAN_POINT ( 'NONE',  ( 1.258675872299999332, 0.02503487456620977908, 0.7424116169670722520 ) ) ;
#23 = CARTESIAN_POINT ( 'NONE',  ( 0.000000000000000000, 0.8110768568541631973, 0.000000000000000000 ) ) ;
#24 = CARTESIAN_POINT ( 'NONE',  ( -2.180592484358060190, 0.3132075528159839473, -0.08699526174642259468 ) ) ;
#25 = CARTESIAN_POINT ( 'NONE',  ( 1.258675872299999776, 0.2008194619799379965, -0.3512316917397397265 ) ) ;
#26 = CARTESIAN_POINT ( 'NONE',  ( 2.566391064299999858, -0.08682642287692476923, 0.8057586563822590753 ) ) ;
#27 = EDGE_CURVE ( 'NONE', #3450, #3660, #1754, .T. ) ;
#28 = CARTESIAN_POINT ( 'NONE',  ( 2.566391064300002078, 0.008904511102578720194, 0.6808496485091166672 ) ) ;
#29 = CARTESIAN_POINT ( 'NONE',  ( -1.720941105591886844, -0.01330544448972494596, -0.7205731985690262409 ) ) ;
#30 = CARTESIAN_POINT ( 'NONE',  ( -13.81261822783274873, 0.2729269206961200123, 0.03351881907184074000 ) ) ;
#31 = CARTESIAN_POINT ( 'NONE',  ( 14.33582779230000526, 0.6032839344735975162, -0.7680729175490913496 ) ) ;
#32 = CARTESIAN_POINT ( 'NONE',  ( -7.386177491354573910, -0.7164007908634324462, -2.263111976183185270 ) ) ;
#33 = CARTESIAN_POINT ( 'NONE',  ( -3.213656608912854651, -0.1100207200368180926, -0.8851530355903473035 ) ) ;
#34 = CARTESIAN_POINT ( 'NONE',  ( -14.33582779229999815, 0.5653885306861676785, 0.4905546278825559936 ) ) ;
#35 = CARTESIAN_POINT ( 'NONE',  ( -13.70448002924510611, 0.6880765399120759573, 0.9791881204299588415 ) ) ;
#36 = CARTESIAN_POINT ( 'NONE',  ( 7.385551055234916618, -0.6774181702442796382, 2.219666810165882076 ) ) ;
#37 = CARTESIAN_POINT ( 'NONE',  ( 1.258675872300000442, 0.3763436361331251589, 0.4067965723205567707 ) ) ;
#38 = CARTESIAN_POINT ( 'NONE',  ( -1.720924605450073530, -0.008643643061017508220, -0.7108299883366144822 ) ) ;
#39 =( NAMED_UNIT ( * ) PLANE_ANGLE_UNIT ( ) SI_UNIT ( $, .RADIAN. ) );
#40 = CARTESIAN_POINT ( 'NONE',  ( -2.566391064300000302, 0.7376435431819577948, 0.2119862104506574085 ) ) ;
#41 = CARTESIAN_POINT ( 'NONE',  ( -14.33582779229998749, 0.3341538386277156936, 0.08143103141811991463 ) ) ;
#42 = CARTESIAN_POINT ( 'NONE',  ( -11.07038416138202308, 0.3863363835853703687, 0.2755426874076483679 ) ) ;
#43 = CARTESIAN_POINT ( 'NONE',  ( 2.566391064300005187, -0.04305779370577792614, 0.7491954178761923711 ) ) ;
#44 = CARTESIAN_POINT ( 'NONE',  ( 7.178822885843161750, 1.062743631335026695, -1.380008654466504892 ) ) ;
#45 = CARTESIAN_POINT ( 'NONE',  ( 1.258675872299999110, 0.2164167263004400932, -0.2032260893374288058 ) ) ;
#46 = CARTESIAN_POINT ( 'NONE',  ( 1.258675872299999776, 0.1315883503442996649, -0.6405433003142100290 ) ) ;
#47 = CARTESIAN_POINT ( 'NONE',  ( -1.652301502329893479, 0.6415351422210151533, 0.3784827830046666453 ) ) ;
#48 = ORIENTED_EDGE ( 'NONE', *, *, #3962, .T. ) ;
#49 = CARTESIAN_POINT ( 'NONE',  ( -2.566391064299994085, 0.5776245813667905127, 0.6142983291993108219 ) ) ;
#50 = CARTESIAN_POINT ( 'NONE',  ( -3.230937624101775540, 0.1859465895239929278, -0.4485240998450275574 ) ) ;
#51 = ORIENTED_EDGE ( 'NONE', *, *, #5514, .F. ) ;
#52 = CARTESIAN_POINT ( 'NONE',  ( -14.12190099618530148, 0.4243039952065684184, 0.1802964043084415713 ) ) ;
#53 = CARTESIAN_POINT ( 'NONE',  ( 14.33582779230000526, 0.3043163852152877547, -0.06327987102463347724 ) ) ;
#54 = CARTESIAN_POINT ( 'NONE',  ( 3.213526465454007219, -0.1272763324753215519, 0.9074943539071569365 ) ) ;
#55 = CARTESIAN_POINT ( 'NONE',  ( 1.717305642894562556, 0.1651516308368275454, 0.5610406331594381957 ) ) ;
#56 = CARTESIAN_POINT ( 'NONE',  ( 13.82774569147775523, 0.2757548614533516518, -0.03508974371684250165 ) ) ;
#57 = CARTESIAN_POINT ( 'NONE',  ( -1.258675872299999998, 0.1990729022482896349, -0.04535233740710532813 ) ) ;
#58 = CARTESIAN_POINT ( 'NONE',  ( 1.183745904150338868, 0.7227127685126583101, -0.3310247496589551197 ) ) ;
#59 = CARTESIAN_POINT ( 'NONE',  ( 7.386177305473072607, -0.7153244911296964270, 2.262584201630299496 ) ) ;
#60 = CARTESIAN_POINT ( 'NONE',  ( 7.377725278635904438, -0.5671987245398537603, 2.022944948886368000 ) ) ;
#61 = CARTESIAN_POINT ( 'NONE',  ( -11.10167681409778595, 0.9502235356649126885, 1.598172811134100924 ) ) ;
#62 = DIRECTION ( 'NONE',  ( -0.000000000000000000, -1.000000000000000000, -0.000000000000000000 ) ) ;
#63 = CARTESIAN_POINT ( 'NONE',  ( -14.33582779229999993, 0.2674099003160529953, 0.01524678816250808061 ) ) ;
#64 = CARTESIAN_POINT ( 'NONE',  ( -11.07037801421600065, 0.3851488051561890447, 0.2739906372319848571 ) ) ;
#65 = CARTESIAN_POINT ( 'NONE',  ( 11.09950223859009810, 1.033149851337789471, -1.410946183837928247 ) ) ;
#66 = CARTESIAN_POINT ( 'NONE',  ( -2.566391064299991864, 0.5486230975904432539, 0.2725674478823259528 ) ) ;
#67 = FACE_OUTER_BOUND ( 'NONE', #2223, .T. ) ;
#68 = CARTESIAN_POINT ( 'NONE',  ( 14.33582779229998039, 0.2702850537845378764, -0.01849238691113245028 ) ) ;
#69 = CARTESIAN_POINT ( 'NONE',  ( 1.710567124133606010, 0.2939399839870205366, 0.4386661997732911877 ) ) ;
#70 = CARTESIAN_POINT ( 'NONE',  ( -1.258675872299998666, -0.01323804132384662907, -0.7629442919515764254 ) ) ;
#71 = CARTESIAN_POINT ( 'NONE',  ( 1.258675872299999776, 0.3337664168049107594, -0.7961644903032615295 ) ) ;
#72 = CARTESIAN_POINT ( 'NONE',  ( -7.190559425789142978, 1.007565359115511150, 1.144257566974597795 ) ) ;
#73 = CARTESIAN_POINT ( 'NONE',  ( -7.382355976030335221, -0.6064477243860152411, -2.127873238111445353 ) ) ;
#74 = CARTESIAN_POINT ( 'NONE',  ( -11.07041039831776708, 0.3906230862810274318, 0.2811738785426399767 ) ) ;
#75 = CARTESIAN_POINT ( 'NONE',  ( 14.33582779229999815, 0.6629321557264521436, -0.8072173364576378241 ) ) ;
#76 = CARTESIAN_POINT ( 'NONE',  ( 2.086707744776912676, 0.4047656051931340371, -0.4874876690309197791 ) ) ;
#77 = CARTESIAN_POINT ( 'NONE',  ( 14.02339220423145072, 0.3365831358378888472, -0.09360231373106119024 ) ) ;
#78 = CARTESIAN_POINT ( 'NONE',  ( -1.685086289527134351, 0.5408871380203903456, -0.09882994070115731777 ) ) ;
#79 = ORIENTED_EDGE ( 'NONE', *, *, #5514, .T. ) ;
#80 = CARTESIAN_POINT ( 'NONE',  ( -11.09785170326625980, 0.9017222400703145402, 1.312220380203067638 ) ) ;
#81 = CARTESIAN_POINT ( 'NONE',  ( -11.07469448229275777, 0.5503367158786203195, 0.5166184563753206671 ) ) ;
#82 = ORIENTED_EDGE ( 'NONE', *, *, #3962, .F. ) ;
#83 = CARTESIAN_POINT ( 'NONE',  ( 2.566391064300000302, -0.08205449580431789514, 0.7993354927903130180 ) ) ;
#84 = CARTESIAN_POINT ( 'NONE',  ( 3.213519258406521306, -0.1294178001239689457, 0.9102493255770146563 ) ) ;
#85 = CARTESIAN_POINT ( 'NONE',  ( 2.566391064299997637, -0.05861106211421267254, 0.7693025799642720930 ) ) ;
#86 = CARTESIAN_POINT ( 'NONE',  ( -14.18077749852385239, 0.5282971979179476030, 0.4100916637904283291 ) ) ;
#87 = CARTESIAN_POINT ( 'NONE',  ( -2.566391064299998970, 0.4949676867707168970, 0.1103798172136789268 ) ) ;
#88 = CARTESIAN_POINT ( 'NONE',  ( 1.258675872299999776, 0.4430490530218027523, -0.7425673861385798658 ) ) ;
#89 = CARTESIAN_POINT ( 'NONE',  ( 11.07034150710047271, 0.3709707837476158843, -0.2554632941989255501 ) ) ;
#90 = CARTESIAN_POINT ( 'NONE',  ( 2.566391064299995861, 0.01747982599423896291, 0.6693948695417547556 ) ) ;
#91 = CARTESIAN_POINT ( 'NONE',  ( 13.70352160107418449, 0.6876955166597900071, -0.9793505518280464228 ) ) ;
#92 = CARTESIAN_POINT ( 'NONE',  ( -0.7376361199289190873, -0.1382729668552167557, -0.9792483099170830041 ) ) ;
#93 = CARTESIAN_POINT ( 'NONE',  ( -7.386161658691488441, -0.7115190107149180765, -2.257393063034827563 ) ) ;
#94 = CARTESIAN_POINT ( 'NONE',  ( -14.33582779229998749, 0.2803532260719836522, 0.03207187138670223453 ) ) ;
#95 = CARTESIAN_POINT ( 'NONE',  ( 11.09679597267687612, 1.026462599629720751, -1.272099149661737316 ) ) ;
#96 = CARTESIAN_POINT ( 'NONE',  ( -2.566391064299992752, 0.5662835875113934048, 0.3856553806160232245 ) ) ;
#97 = CARTESIAN_POINT ( 'NONE',  ( -13.70530097930128477, 0.6887227286316598418, 0.9790489883912407709 ) ) ;
#98 = CARTESIAN_POINT ( 'NONE',  ( 14.33582779229994841, 0.2684327213008794732, -0.01688112499493317487 ) ) ;
#99 = CARTESIAN_POINT ( 'NONE',  ( -2.566391064300002522, -0.05425824885960957300, -0.7636908367618322480 ) ) ;
#100 = DIRECTION ( 'NONE',  ( 0.000000000000000000, 0.000000000000000000, 1.000000000000000000 ) ) ;
#101 = CARTESIAN_POINT ( 'NONE',  ( -2.566391064300002078, 0.6483975956242091776, 0.02272092043646191037 ) ) ;
#102 = CARTESIAN_POINT ( 'NONE',  ( -7.374236955928652471, -0.4918407992003210882, -1.957851362661273242 ) ) ;
#103 = CARTESIAN_POINT ( 'NONE',  ( -7.384254249594209618, -0.6567137285538965363, -2.176241960996398550 ) ) ;
#104 = CARTESIAN_POINT ( 'NONE',  ( 2.566391064299998970, 0.4355439593839210421, 0.2624763984249821047 ) ) ;
#105 = CARTESIAN_POINT ( 'NONE',  ( 2.078291805778071044, 0.3984015254867674383, -0.5759563344312946809 ) ) ;
#106 = CARTESIAN_POINT ( 'NONE',  ( 1.258675872299999554, 0.08405757782056083594, 0.6924701376168294065 ) ) ;
#107 = CARTESIAN_POINT ( 'NONE',  ( -2.566391064299999858, 0.4361487124370830859, -0.2617622958949525347 ) ) ;
#108 = ORIENTED_EDGE ( 'NONE', *, *, #3205, .T. ) ;
#109 = CARTESIAN_POINT ( 'NONE',  ( -7.177830107840851959, 0.9143106947769836790, 1.378908542096856982 ) ) ;
#110 = CARTESIAN_POINT ( 'NONE',  ( -3.224605453205419359, 0.1131718882214966526, -0.5643477272340823303 ) ) ;
#111 = ORIENTED_EDGE ( 'NONE', *, *, #2650, .F. ) ;
#112 = CARTESIAN_POINT ( 'NONE',  ( 3.213510999724884964, -0.1333035697289662591, 0.9156167140751768629 ) ) ;
#113 = CARTESIAN_POINT ( 'NONE',  ( 3.213524472031497048, -0.1278137524295571981, 0.9081843232563966417 ) ) ;
#114 = CARTESIAN_POINT ( 'NONE',  ( 2.262555414798817832, -0.02522819045325431705, 0.7092359943568445901 ) ) ;
#115 = CARTESIAN_POINT ( 'NONE',  ( -1.258675872299999776, 0.1868995053010871488, 0.4199612614126296273 ) ) ;
#116 = CARTESIAN_POINT ( 'NONE',  ( -1.690273755855739246, 0.2463206924221927330, -0.1052947985333982373 ) ) ;
#117 = CARTESIAN_POINT ( 'NONE',  ( 14.33582779229998039, 0.4342215435294905501, -0.2473961685198904636 ) ) ;
#118 = FACE_OUTER_BOUND ( 'NONE', #4360, .T. ) ;
#119 = CARTESIAN_POINT ( 'NONE',  ( 2.262843913664591255, -0.04079611901832402160, 0.7337734373533914001 ) ) ;
#120 = FACE_OUTER_BOUND ( 'NONE', #3510, .T. ) ;
#121 = CARTESIAN_POINT ( 'NONE',  ( -2.566391064300002078, -0.07872964003956271772, -0.7950992470544103741 ) ) ;
#122 = CARTESIAN_POINT ( 'NONE',  ( -11.07035040557855687, 0.3778172718300149002, 0.2644782566023957115 ) ) ;
#123 = CARTESIAN_POINT ( 'NONE',  ( 2.566391064299997637, 0.7659602516713414078, -0.5745883309020156648 ) ) ;
#124 = CARTESIAN_POINT ( 'NONE',  ( 11.07038416138202308, 0.3863363835853703687, -0.2755426874076483679 ) ) ;
#125 = CARTESIAN_POINT ( 'NONE',  ( 0.7661078615897354283, 0.4139295014365638181, -0.9571412545373715330 ) ) ;
#126 = CARTESIAN_POINT ( 'NONE',  ( 14.30049090487748487, 0.2729269206961200123, -0.5048035854872530148 ) ) ;
#127 = CARTESIAN_POINT ( 'NONE',  ( 14.33582779230004078, 0.2688660971331378047, -0.01728833504392715895 ) ) ;
#128 = CARTESIAN_POINT ( 'NONE',  ( -1.720698549826602752, 0.008914412915101688900, -0.6754446708825578849 ) ) ;
#129 = CARTESIAN_POINT ( 'NONE',  ( 0.000000000000000000, -0.1697095371458367807, 0.000000000000000000 ) ) ;
#130 = CARTESIAN_POINT ( 'NONE',  ( -11.07337290650053774, 0.5577488833906580901, 0.4578763654736974775 ) ) ;
#131 = CARTESIAN_POINT ( 'NONE',  ( -14.33582779230001591, 0.3022915394296518676, 0.05035883818326016698 ) ) ;
#132 = CARTESIAN_POINT ( 'NONE',  ( -7.385342730163488412, -0.6793334972951988737, -2.211547427001006039 ) ) ;
#133 = CARTESIAN_POINT ( 'NONE',  ( 11.08600916013221038, 0.8661992636573300208, -0.8755583586500464977 ) ) ;
#134 = CARTESIAN_POINT ( 'NONE',  ( 2.566391064299997637, 0.5158176761640985708, -0.1639120818645230793 ) ) ;
#135 = CARTESIAN_POINT ( 'NONE',  ( 14.01211697851517179, 0.3300902500134311190, -0.08739867018975408519 ) ) ;
#136 = CARTESIAN_POINT ( 'NONE',  ( -2.566391064299999858, 0.3113694157549547481, -0.4024193113675489930 ) ) ;
#137 = ORIENTED_EDGE ( 'NONE', *, *, #675, .F. ) ;
#138 = CARTESIAN_POINT ( 'NONE',  ( -11.10113938602592576, 0.9249378871625361098, 1.506793257467181402 ) ) ;
#139 = ORIENTED_EDGE ( 'NONE', *, *, #158, .T. ) ;
#140 = CARTESIAN_POINT ( 'NONE',  ( 14.33582779229994664, 0.2690425371063445703, -0.01760805840332673594 ) ) ;
#141 = CARTESIAN_POINT ( 'NONE',  ( -1.718130450040823209, 0.1429413000950308377, -0.5811126279237874837 ) ) ;
#142 = CARTESIAN_POINT ( 'NONE',  ( 1.720843035201637283, 0.0002237513226412310668, 0.6929894022776843521 ) ) ;
#143 = DIRECTION ( 'NONE',  ( 0.000000000000000000, 1.000000000000000000, 0.000000000000000000 ) ) ;
#144 = CARTESIAN_POINT ( 'NONE',  ( -1.258675872299999776, 0.1858313873905099167, 0.7627149881935150200 ) ) ;
#145 = CARTESIAN_POINT ( 'NONE',  ( 11.07369039069951988, 0.5254823841729626688, -0.4771168669443424104 ) ) ;
#146 = CARTESIAN_POINT ( 'NONE',  ( 13.70211913894777567, 0.6910977273102791862, -0.9795882367071728769 ) ) ;
#147 = CARTESIAN_POINT ( 'NONE',  ( 1.720917918719222062, -0.007519146294354625733, 0.7085648140758943336 ) ) ;
#148 = CARTESIAN_POINT ( 'NONE',  ( -0.7585626797280795586, -0.1327911289726526889, -0.9632620328663564768 ) ) ;
#149 = CARTESIAN_POINT ( 'NONE',  ( -2.566391064299999858, -0.07927883805696653297, -0.7958033141430932433 ) ) ;
#150 = CARTESIAN_POINT ( 'NONE',  ( -11.07048077157876520, 0.3992449538243276197, 0.2926281394876540376 ) ) ;
#151 = CARTESIAN_POINT ( 'NONE',  ( 11.09785170326633441, 1.031691827695897956, -1.322144967480585631 ) ) ;
#152 = CARTESIAN_POINT ( 'NONE',  ( 7.385874180887774365, -0.6950163920213040525, 2.234669617458218571 ) ) ;
#153 = CARTESIAN_POINT ( 'NONE',  ( -14.33582779229999815, 0.6164948245571929553, 0.8310063016307118744 ) ) ;
#154 = CARTESIAN_POINT ( 'NONE',  ( 13.67344817176398131, 0.2729269206961200123, -0.9844473022328561473 ) ) ;
#155 = CARTESIAN_POINT ( 'NONE',  ( 11.07034259446943736, 0.3731988095819859241, -0.2585733320866940854 ) ) ;
#156 = CARTESIAN_POINT ( 'NONE',  ( -2.566391064299994973, -0.06296890348863917741, -0.7749087105311884827 ) ) ;
#157 = CARTESIAN_POINT ( 'NONE',  ( 2.566391064300000302, 0.2157200755080715127, 0.3890557640026759412 ) ) ;
#158 = EDGE_CURVE ( 'NONE', #3450, #4329, #1622, .T. ) ;
#159 = CARTESIAN_POINT ( 'NONE',  ( -3.216506743473528829, 0.02052436712475480887, -0.7574077942280037501 ) ) ;
#160 = CARTESIAN_POINT ( 'NONE',  ( -14.33582779229999815, 0.2672293586657576991, 0.01511018575468521183 ) ) ;
#161 = CARTESIAN_POINT ( 'NONE',  ( -7.379760133548299628, -0.5915863047132186026, -2.066284359497688516 ) ) ;
#162 = CARTESIAN_POINT ( 'NONE',  ( 2.566391064299995861, 0.2675353906679551752, 0.4493980452557100325 ) ) ;
#163 = CARTESIAN_POINT ( 'NONE',  ( 1.646325541119260993, 0.2839754394722811548, -0.4916054819942197729 ) ) ;
#164 = CARTESIAN_POINT ( 'NONE',  ( 14.04477194036706500, 0.3504041230869224255, -0.1069026852275071632 ) ) ;
#165 = CARTESIAN_POINT ( 'NONE',  ( -2.239063619241368208, 0.2607897166462823657, -0.4510910210092898276 ) ) ;
#166 = VERTEX_POINT ( 'NONE', #3730 ) ;
#167 = CARTESIAN_POINT ( 'NONE',  ( 1.258675872299999776, 0.1335901231684266666, 0.6502840104038455360 ) ) ;
#168 = ORIENTED_EDGE ( 'NONE', *, *, #1867, .T. ) ;
#169 = CARTESIAN_POINT ( 'NONE',  ( 14.33582779229999637, 0.2707256833639803406, -0.01973412840305474591 ) ) ;
#170 = CARTESIAN_POINT ( 'NONE',  ( -2.262322768898490821, -0.002575933116323218721, -0.7003278843245289709 ) ) ;
#171 = CARTESIAN_POINT ( 'NONE',  ( 1.258675872300000442, -0.007600464717011585873, 0.7475974100462396965 ) ) ;
#172 = CARTESIAN_POINT ( 'NONE',  ( -13.69959855006813143, 0.6827332750969600239, 0.9781930249136979727 ) ) ;
#173 = CARTESIAN_POINT ( 'NONE',  ( -2.072622653093208811, 0.4058898557112196603, 0.6560370525098446759 ) ) ;
#174 = CARTESIAN_POINT ( 'NONE',  ( 11.08356108920001404, 0.7193925534327261229, -0.8117344923848148763 ) ) ;
#175 = CARTESIAN_POINT ( 'NONE',  ( -14.33582779229996973, 0.6428617253377597596, 0.8313018627916159975 ) ) ;
#176 = CARTESIAN_POINT ( 'NONE',  ( 1.720905550756553826, -0.005769198002586707445, 0.7050437254268380194 ) ) ;
#177 = CARTESIAN_POINT ( 'NONE',  ( 3.304098318535813483, 0.6993873528796313854, -1.016975075516608484 ) ) ;
#178 = CARTESIAN_POINT ( 'NONE',  ( -2.566391064299993197, -0.04669914495352178729, -0.7539167340934194161 ) ) ;
#179 = CARTESIAN_POINT ( 'NONE',  ( 14.33582779229998394, 0.6978462282897738289, -0.6476787150325260534 ) ) ;
#180 = CARTESIAN_POINT ( 'NONE',  ( 7.386079057891119959, -0.7044718239181894104, 2.247915192451936051 ) ) ;
#181 = CARTESIAN_POINT ( 'NONE',  ( 0.7686987775103568676, 0.4195871094161551240, -0.9550557272558524158 ) ) ;
#182 = CARTESIAN_POINT ( 'NONE',  ( -1.015242849315658002, 0.6304667956156246866, 0.6890133585925344306 ) ) ;
#183 = CARTESIAN_POINT ( 'NONE',  ( -1.258675872299998444, 0.007474766215792833998, -0.7063279034842602222 ) ) ;
#184 = CARTESIAN_POINT ( 'NONE',  ( 7.376613503270243122, -0.5545360133220003096, 2.000098920253904566 ) ) ;
#185 = CIRCLE ( 'NONE', #5022, 0.1702754156250000095 ) ;
#186 = CARTESIAN_POINT ( 'NONE',  ( -11.07137811120192694, 0.4743750797720737156, 0.3634729731321315604 ) ) ;
#187 = CARTESIAN_POINT ( 'NONE',  ( -2.566391064299997637, -0.08437522390495014180, -0.8027231163277351866 ) ) ;
#188 = CARTESIAN_POINT ( 'NONE',  ( -2.566391064299995861, 0.01747982599423896291, -0.6693948695417547556 ) ) ;
#189 = CARTESIAN_POINT ( 'NONE',  ( 3.251726938723298321, 0.5228800273101196217, 0.1366624116269646583 ) ) ;
#190 = CARTESIAN_POINT ( 'NONE',  ( 1.258675872299999554, 0.2846679647882964237, -0.7912677135843135812 ) ) ;
#191 = CARTESIAN_POINT ( 'NONE',  ( 14.02804712262246234, 0.7243011034333558529, -0.7750112606787196157 ) ) ;
#192 = DIRECTION ( 'NONE',  ( 0.000000000000000000, 0.000000000000000000, 1.000000000000000000 ) ) ;
#193 = B_SPLINE_CURVE_WITH_KNOTS ( 'NONE', 3,
 ( #4525, #177, #4893, #4980, #2301 ),
 .UNSPECIFIED., .F., .F.,
 ( 4, 1, 4 ),
 ( 0.000000000000000000, 0.1919068383482318008, 0.9469544683107044003 ),
 .UNSPECIFIED. ) ;
#194 = VERTEX_POINT ( 'NONE', #1989 ) ;
#195 = CARTESIAN_POINT ( 'NONE',  ( 2.566391064299999414, -0.07983265685873433548, 0.7965090186880672274 ) ) ;
#196 = CARTESIAN_POINT ( 'NONE',  ( -1.720941985888364778, -0.01408733890602975949, -0.7228889240762272905 ) ) ;
#197 = CARTESIAN_POINT ( 'NONE',  ( 1.720400493411638143, 0.02071067923726633425, 0.6514357135132027299 ) ) ;
#198 = CARTESIAN_POINT ( 'NONE',  ( -13.91360843073611697, 0.2874224931032191011, 0.04957721114644059873 ) ) ;
#199 = CARTESIAN_POINT ( 'NONE',  ( -2.566391064299997637, 0.5703852440456296247, 0.4443227904387415106 ) ) ;
#200 = EDGE_CURVE ( 'NONE', #2347, #4786, #1207, .T. ) ;
#201 = CARTESIAN_POINT ( 'NONE',  ( 11.08600916013209670, 0.7586408235940973466, -0.8883504997324639385 ) ) ;
#202 = CARTESIAN_POINT ( 'NONE',  ( -3.303843635609017060, 0.7517011047781748667, 0.9966640480939435998 ) ) ;
#203 = CARTESIAN_POINT ( 'NONE',  ( 1.720920266994421688, -0.007894024420544907411, 0.7093196570952222668 ) ) ;
#204 = CARTESIAN_POINT ( 'NONE',  ( -1.258675872299999776, 0.1315883503442996649, 0.6405433003142100290 ) ) ;
#205 = CARTESIAN_POINT ( 'NONE',  ( -14.33582779229999460, 0.3021531257047850860, 0.06043104887795000546 ) ) ;
#206 = CARTESIAN_POINT ( 'NONE',  ( 3.224568131962418871, 0.1836713743570837221, 0.5753843464882447689 ) ) ;
#207 = CARTESIAN_POINT ( 'NONE',  ( 3.213681894702930641, -0.1078545052172662777, 0.8823215028978512731 ) ) ;
#208 = CARTESIAN_POINT ( 'NONE',  ( 1.015242849315659113, 0.6304667956156240205, -0.6890133585925344306 ) ) ;
#209 = CARTESIAN_POINT ( 'NONE',  ( -1.258675872299999776, 0.6004959455143787928, 0.3261146625232663188 ) ) ;
#210 = CARTESIAN_POINT ( 'NONE',  ( 2.566391064299997637, 0.07682925332667388252, 0.5887130562777596055 ) ) ;
#211 = CARTESIAN_POINT ( 'NONE',  ( -14.33582779229998749, 0.4658381063775989817, 0.2162488721527708602 ) ) ;
#212 = CARTESIAN_POINT ( 'NONE',  ( -3.213509985887135656, -0.1356754095582412833, -0.9185581408707427231 ) ) ;
#213 = CARTESIAN_POINT ( 'NONE',  ( -7.383030595457529266, -0.6363764422951025956, -2.143005718966265682 ) ) ;
#214 = CARTESIAN_POINT ( 'NONE',  ( 2.566391064300000302, 0.6363171245812142551, -0.8416576825647795745 ) ) ;
#215 = CARTESIAN_POINT ( 'NONE',  ( -2.566391064299994973, 0.1877132172139852340, -0.5324572152803194180 ) ) ;
#216 = CARTESIAN_POINT ( 'NONE',  ( 11.08024854322005304, 0.7436020765895002826, -0.6950565195490493453 ) ) ;
#217 = CARTESIAN_POINT ( 'NONE',  ( 2.566391064299998970, 0.6644551997764902573, -0.8265945761488515675 ) ) ;
#218 = CARTESIAN_POINT ( 'NONE',  ( 2.566391064299999858, -0.08593313790457818291, 0.8037880854658676633 ) ) ;
#219 = CARTESIAN_POINT ( 'NONE',  ( -1.183745904150339090, 0.7227127685126577550, 0.3310247496589555638 ) ) ;
#220 = CARTESIAN_POINT ( 'NONE',  ( 3.213550004848020336, -0.1224386213040611071, 0.9012657867881157525 ) ) ;
#221 = CARTESIAN_POINT ( 'NONE',  ( -1.719484378752607956, 0.09806365158644866908, -0.6212219328962061971 ) ) ;
#222 = CARTESIAN_POINT ( 'NONE',  ( 1.719699415442719648, 0.03907393362858511965, 0.6135290559370382146 ) ) ;
#223 = CARTESIAN_POINT ( 'NONE',  ( 0.7376361199289190873, -0.1382729668552167557, 0.9792483099170830041 ) ) ;
#224 = CARTESIAN_POINT ( 'NONE',  ( -1.258675872300002885, 0.1513198558809883409, 0.5629190690946400677 ) ) ;
#225 = CARTESIAN_POINT ( 'NONE',  ( 3.274152858963956358, 0.5415410364639769991, -0.2336491490013110628 ) ) ;
#226 = CARTESIAN_POINT ( 'NONE',  ( -11.10033611275137666, 1.028752940137056093, 1.464851391460452179 ) ) ;
#227 = CARTESIAN_POINT ( 'NONE',  ( 2.262854311902759541, -0.04217345605171238243, 0.7359438578048188573 ) ) ;
#228 = CARTESIAN_POINT ( 'NONE',  ( -0.9737211400023397800, 0.6062517808110060580, 0.7458492458201001485 ) ) ;
#229 = CARTESIAN_POINT ( 'NONE',  ( -14.33582779230000526, 0.3043163852152877547, 0.06327987102463347724 ) ) ;
#230 = CARTESIAN_POINT ( 'NONE',  ( 3.238236000511458546, 0.3711184067723679592, 0.3442432785423382713 ) ) ;
#231 = CARTESIAN_POINT ( 'NONE',  ( 14.33582779229999460, 0.2734803322275126680, -0.02325673598666993733 ) ) ;
#232 = CARTESIAN_POINT ( 'NONE',  ( 1.102175554564278848, 0.6820356517648236139, -0.5389681714041764105 ) ) ;
#233 = CARTESIAN_POINT ( 'NONE',  ( -0.8336028239802991679, 0.04518060286459818498, 0.8998176550808494323 ) ) ;
#234 = CARTESIAN_POINT ( 'NONE',  ( 3.220603786594417706, 0.05872358992832178021, 0.6475982489706546552 ) ) ;
#235 = CARTESIAN_POINT ( 'NONE',  ( -7.325359638934620499, -0.008865313659947407152, -1.122027856729566286 ) ) ;
#236 = CARTESIAN_POINT ( 'NONE',  ( -3.213510288089585387, -0.1342358601240564164, -0.9169182594824460963 ) ) ;
#237 = CARTESIAN_POINT ( 'NONE',  ( -2.566391064299999858, -0.008321306930090855564, -0.7037031166301617180 ) ) ;
#238 = CARTESIAN_POINT ( 'NONE',  ( -1.042652361945181738, -0.02694323924675177256, -0.6535839991453915587 ) ) ;
#239 = CARTESIAN_POINT ( 'NONE',  ( -14.33582779229999815, 0.3898188547346174149, 0.1368295640911756372 ) ) ;
#240 = CARTESIAN_POINT ( 'NONE',  ( 14.33582779230001591, 0.3229238634280748310, -0.07044876791144173700 ) ) ;
#241 = CARTESIAN_POINT ( 'NONE',  ( 2.566391064299997637, 0.6117279586357964316, -0.8254113743888517041 ) ) ;
#242 = CARTESIAN_POINT ( 'NONE',  ( 1.258675872299996223, -0.01978745642615568553, 0.7806122636814495364 ) ) ;
#243 = DIRECTION ( 'NONE',  ( 0.000000000000000000, 0.000000000000000000, 1.000000000000000000 ) ) ;
#244 = CARTESIAN_POINT ( 'NONE',  ( 3.213575308861357005, -0.1186666738178596414, 0.8963925929692235783 ) ) ;
#245 = CARTESIAN_POINT ( 'NONE',  ( -2.262712058156019168, -0.02331094788818148522, -0.7198763240733779822 ) ) ;
#246 = CARTESIAN_POINT ( 'NONE',  ( 2.254499784583219313, 0.06649165759107945883, 0.5602500379420842780 ) ) ;
#247 = CARTESIAN_POINT ( 'NONE',  ( -13.82643997901670296, 0.2756355293145754670, 0.03494230671041165248 ) ) ;
#248 = CARTESIAN_POINT ( 'NONE',  ( -1.662821684044423209, 0.3085776793350238356, 0.2379342221613842123 ) ) ;
#249 = B_SPLINE_CURVE_WITH_KNOTS ( 'NONE', 1,
 ( #767, #2517 ),
 .UNSPECIFIED., .F., .F.,
 ( 2, 2 ),
 ( 0.000000000000000000, 1.000000000000000000 ),
 .UNSPECIFIED. ) ;
#250 = ADVANCED_FACE ( 'NONE', ( #5552 ), #1462, .T. ) ;
#251 = CARTESIAN_POINT ( 'NONE',  ( 3.303859186126934411, 0.6762393474264822846, -0.9664627145872041192 ) ) ;
#252 = CARTESIAN_POINT ( 'NONE',  ( -2.566391064300000302, 0.7744045673380924866, 0.4596974028143747670 ) ) ;
#253 = CARTESIAN_POINT ( 'NONE',  ( 13.69959855006813143, 0.6827332750969600239, -0.9781930249136979727 ) ) ;
#254 = CARTESIAN_POINT ( 'NONE',  ( -1.064194388456919826, 0.6596375939953080803, 0.6111709203707419436 ) ) ;
#255 = CARTESIAN_POINT ( 'NONE',  ( -2.566391064300000302, 0.001738377028536539385, -0.6903803747369339217 ) ) ;
#256 = CARTESIAN_POINT ( 'NONE',  ( 2.566391064299997637, 0.3527520145616189762, 0.3570290812360865651 ) ) ;
#257 = B_SPLINE_CURVE_WITH_KNOTS ( 'NONE', 1,
 ( #1114, #2861 ),
 .UNSPECIFIED., .F., .F.,
 ( 2, 2 ),
 ( 0.000000000000000000, 1.000000000000000000 ),
 .UNSPECIFIED. ) ;
#258 = CARTESIAN_POINT ( 'NONE',  ( 2.566391064299999858, -0.03433701248552972762, 0.7378501586674132140 ) ) ;
#259 = CARTESIAN_POINT ( 'NONE',  ( -1.258675872299999776, 0.08385624553148883498, -0.6926416129916971309 ) ) ;
#260 = CARTESIAN_POINT ( 'NONE',  ( -0.7411826345420150508, 0.3000887178040492764, 0.9765721530799813532 ) ) ;
#261 = CARTESIAN_POINT ( 'NONE',  ( 7.368729077970540331, -0.4725576341989871088, 1.847870897146709490 ) ) ;
#262 = CARTESIAN_POINT ( 'NONE',  ( -3.214507983570439986, -0.04799007203599751914, -0.8288426882158530518 ) ) ;
#263 = CARTESIAN_POINT ( 'NONE',  ( -14.33582779229999993, 0.2674099003160529953, 0.01524678816250808061 ) ) ;
#264 = CARTESIAN_POINT ( 'NONE',  ( -14.33582779229999460, 0.3115062246489254116, 0.07279198988325615016 ) ) ;
#265 = CARTESIAN_POINT ( 'NONE',  ( 2.566391064299997637, 0.6513053441885550132, -0.8356760124223193698 ) ) ;
#266 = CARTESIAN_POINT ( 'NONE',  ( -3.220603786594428808, 0.1133819847643865453, -0.6558115631850464089 ) ) ;
#267 = CARTESIAN_POINT ( 'NONE',  ( 2.566391064300012292, 0.002051354708539086802, 0.7170178208546253984 ) ) ;
#268 = CARTESIAN_POINT ( 'NONE',  ( 1.258675872299999776, 0.3344856142544084254, -0.7888593581769142160 ) ) ;
#269 = CARTESIAN_POINT ( 'NONE',  ( 1.258675872299999776, 0.08385624553148883498, 0.6926416129916971309 ) ) ;
#270 = CARTESIAN_POINT ( 'NONE',  ( 14.33582779229999815, 0.2776070247042315975, -0.02854348996036445291 ) ) ;
#271 = CARTESIAN_POINT ( 'NONE',  ( -2.262871043903772250, -0.04669315337780566288, -0.7435612743233583899 ) ) ;
#272 = CARTESIAN_POINT ( 'NONE',  ( 2.256391362103084663, 0.05279371477478912722, 0.5830760847044899053 ) ) ;
#273 = CARTESIAN_POINT ( 'NONE',  ( 0.7585626797280795586, -0.1327911289726526889, 0.9632620328663564768 ) ) ;
#274 = CARTESIAN_POINT ( 'NONE',  ( -2.074292151600382716, 0.6274624291349231164, 0.6513819310177613175 ) ) ;
#275 = CARTESIAN_POINT ( 'NONE',  ( 14.33582779229999815, 0.5849969879800447359, -0.5543989332592609287 ) ) ;
#276 = CARTESIAN_POINT ( 'NONE',  ( -11.10113938602596306, 1.014593160886593237, 1.529801464086646856 ) ) ;
#277 = CARTESIAN_POINT ( 'NONE',  ( 13.97255613730618329, 0.6364099741647017972, -0.8314056861314392810 ) ) ;
#278 = CARTESIAN_POINT ( 'NONE',  ( -2.262004297550526122, -0.01070375898588318483, -0.6862053860567121077 ) ) ;
#279 = CARTESIAN_POINT ( 'NONE',  ( -1.258675872299999776, 0.2008194619799379965, 0.3512316917397397265 ) ) ;
#280 = CARTESIAN_POINT ( 'NONE',  ( -2.566391064299997637, 0.03455826391489102978, -0.6464318519656679918 ) ) ;
#281 = CARTESIAN_POINT ( 'NONE',  ( 7.334580234627988915, -0.09102654897979797766, 1.272477756476535049 ) ) ;
#282 = CARTESIAN_POINT ( 'NONE',  ( 3.214087212473088151, -0.08391291373009442112, 0.8506140591146932328 ) ) ;
#283 = CARTESIAN_POINT ( 'NONE',  ( 0.000000000000000000, 0.8110768568541631973, 0.000000000000000000 ) ) ;
#284 = CARTESIAN_POINT ( 'NONE',  ( -1.186706625926907455, 0.05486693573844641375, -0.3228017077643201005 ) ) ;
#285 = CARTESIAN_POINT ( 'NONE',  ( 2.566391064299997637, 0.3378088358503230082, 0.1954470371749100210 ) ) ;
#286 = CARTESIAN_POINT ( 'NONE',  ( -11.07034317591712735, 0.3747780805099719670, 0.2597072591361466731 ) ) ;
#287 = CARTESIAN_POINT ( 'NONE',  ( -2.566391064300002078, -0.07707622917754944347, -0.7929852893369427891 ) ) ;
#288 = CARTESIAN_POINT ( 'NONE',  ( -7.325359638935032613, -0.1025155028618858072, -1.107943534063880797 ) ) ;
#289 = CARTESIAN_POINT ( 'NONE',  ( -1.186706625926907677, 0.05486693573844645538, -0.3228017077643209887 ) ) ;
#290 = CARTESIAN_POINT ( 'NONE',  ( -11.08164853378435311, 0.7749678437405405074, 0.7390869957795198619 ) ) ;
#291 = CARTESIAN_POINT ( 'NONE',  ( 3.215731290980015977, -0.002447574551599685302, 0.7816848870793131621 ) ) ;
#292 = CARTESIAN_POINT ( 'NONE',  ( 1.635960983394576296, 0.3951490276870723295, -0.7946335726254735166 ) ) ;
#293 = CARTESIAN_POINT ( 'NONE',  ( -7.168823707401364764, 1.092416737470708776, 1.608978532981607756 ) ) ;
#294 = CARTESIAN_POINT ( 'NONE',  ( -3.238236000511461210, 0.2582707488739023338, -0.3276504414783876773 ) ) ;
#295 = CARTESIAN_POINT ( 'NONE',  ( -3.213533210592391942, -0.1256656614282035678, -0.9054225874627915838 ) ) ;
#296 = CARTESIAN_POINT ( 'NONE',  ( 2.566391064299994529, -0.07322037986087749639, 0.7880529610063583545 ) ) ;
#297 = CARTESIAN_POINT ( 'NONE',  ( -2.262871078772314082, -0.04689646424020951776, -0.7437844081025025700 ) ) ;
#298 = CARTESIAN_POINT ( 'NONE',  ( 1.720307970086417892, 0.02363570593115099996, 0.6454421590859455993 ) ) ;
#299 = CARTESIAN_POINT ( 'NONE',  ( 0.8162275360800780311, -0.1108924261850485343, 0.9170075284037112473 ) ) ;
#300 = CARTESIAN_POINT ( 'NONE',  ( -1.258675872299999776, 0.4106093349370653067, 0.7629427290537736939 ) ) ;
#301 = CARTESIAN_POINT ( 'NONE',  ( 3.293040172460543591, 0.6317048203277351170, -0.5941464510684194567 ) ) ;
#302 = CARTESIAN_POINT ( 'NONE',  ( -11.09312386627868996, 0.9887662196647960533, 1.119550041320744427 ) ) ;
#303 = CARTESIAN_POINT ( 'NONE',  ( 14.12845079114949165, 0.6082574751701139704, -0.6200492915985755804 ) ) ;
#304 = CARTESIAN_POINT ( 'NONE',  ( -1.258675872299999776, 0.04352756135198621035, -0.6045961248221889406 ) ) ;
#305 = CARTESIAN_POINT ( 'NONE',  ( -1.258675872299999776, 0.1554466679754843705, 0.7429275194805661231 ) ) ;
#306 = CARTESIAN_POINT ( 'NONE',  ( -3.216519702238465950, -0.01320852673407419201, -0.7528155038259518594 ) ) ;
#307 = CARTESIAN_POINT ( 'NONE',  ( 3.234487288991935827, 0.3245179231315603596, 0.4040374584105553835 ) ) ;
#308 = CARTESIAN_POINT ( 'NONE',  ( 14.33582779230000526, 0.2978175556620826780, -0.05474034332613505333 ) ) ;
#309 = CARTESIAN_POINT ( 'NONE',  ( 13.67344817176398131, 0.6978775534352680276, -0.9844473022328561473 ) ) ;
#310 = CARTESIAN_POINT ( 'NONE',  ( -1.258675872299999776, 0.5640774072364628244, -0.02335993811569538059 ) ) ;
#311 = CARTESIAN_POINT ( 'NONE',  ( 3.279372303911495923, 0.5737853331560606174, -0.3236223884014012842 ) ) ;
#312 = CARTESIAN_POINT ( 'NONE',  ( -3.215731290980015977, -0.002447574551599685302, -0.7816848870793131621 ) ) ;
#313 = CARTESIAN_POINT ( 'NONE',  ( -14.33582779229998039, 0.2712769596784009862, 0.02043883388584239943 ) ) ;
#314 = CARTESIAN_POINT ( 'NONE',  ( -11.07322850856660956, 0.5131173280690670691, 0.4578246969711310954 ) ) ;
#315 = CARTESIAN_POINT ( 'NONE',  ( 2.566391064299999858, 0.6254865429034448532, -0.8391026377555442783 ) ) ;
#316 = CARTESIAN_POINT ( 'NONE',  ( 1.258675872299999998, 0.1979291922254022007, -0.7685086100014798527 ) ) ;
#317 = CARTESIAN_POINT ( 'NONE',  ( 7.374236955928652471, -0.4918407992003210882, 1.957851362661273242 ) ) ;
#318 = CARTESIAN_POINT ( 'NONE',  ( 1.666618909397044046, 0.6207864599343491108, -0.1507700086470296630 ) ) ;
#319 = EDGE_CURVE ( 'NONE', #472, #1854, #1724, .T. ) ;
#320 = CARTESIAN_POINT ( 'NONE',  ( -3.303956636039224293, 0.7406880169823613080, 1.007533333638091610 ) ) ;
#321 = CARTESIAN_POINT ( 'NONE',  ( -11.09131841396614071, 0.8360091263135647210, 1.060478456581021245 ) ) ;
#322 = CARTESIAN_POINT ( 'NONE',  ( -7.386114209883231752, -0.7068642443274794074, -2.251168700346558360 ) ) ;
#323 = CARTESIAN_POINT ( 'NONE',  ( 3.213538343478194115, -0.1245906118254177797, 0.9040388528586235095 ) ) ;
#324 = CARTESIAN_POINT ( 'NONE',  ( 11.10167681409778595, 0.9529111363013480496, -1.600126938549241817 ) ) ;
#325 = CARTESIAN_POINT ( 'NONE',  ( 2.566391064300000302, -0.01316642008666069931, 0.7100969026461230182 ) ) ;
#326 = CARTESIAN_POINT ( 'NONE',  ( 1.258675872299999776, 0.06584286995628435557, 0.5406566732486947080 ) ) ;
#327 = CARTESIAN_POINT ( 'NONE',  ( -1.636083537286588729, 0.4247120562789706288, 0.7876957196681039219 ) ) ;
#328 = CARTESIAN_POINT ( 'NONE',  ( 2.566391064299991864, 0.5486230975904432539, -0.2725674478823259528 ) ) ;
#329 = CARTESIAN_POINT ( 'NONE',  ( -7.233806467536788354, 0.7318623045261507531, 0.3693627190628174795 ) ) ;
#330 = CARTESIAN_POINT ( 'NONE',  ( 1.258675872299999776, 0.08666507442872904698, 0.6902485254317967112 ) ) ;
#331 = CARTESIAN_POINT ( 'NONE',  ( -1.719699415442719648, 0.03907393362858511965, -0.6135290559370382146 ) ) ;
#332 = CARTESIAN_POINT ( 'NONE',  ( 1.258675872299999776, 0.08280979214071074179, 0.6935328579970361229 ) ) ;
#333 = CARTESIAN_POINT ( 'NONE',  ( -3.215744768095532891, -0.03101911658474640690, -0.7780081870573162250 ) ) ;
#334 = CARTESIAN_POINT ( 'NONE',  ( 14.33582779229999815, 0.2780015740545013769, -0.02651521433036654191 ) ) ;
#335 = CARTESIAN_POINT ( 'NONE',  ( 14.33582779230000526, 0.2934698613072418971, -0.04905896745350089849 ) ) ;
#336 = CARTESIAN_POINT ( 'NONE',  ( -2.566391064299999858, 0.6212848363331431312, 0.8359788181397669327 ) ) ;
#337 = CARTESIAN_POINT ( 'NONE',  ( -1.258675872299999776, 0.5176384891878477168, -0.1893318323286347638 ) ) ;
#338 = CARTESIAN_POINT ( 'NONE',  ( 7.253879622763348856, 0.4308234729668297680, -0.04737182955632728010 ) ) ;
#339 = CARTESIAN_POINT ( 'NONE',  ( -2.566391064299997637, -0.04294509975682392344, -0.7608639358271664932 ) ) ;
#340 = CARTESIAN_POINT ( 'NONE',  ( -11.07034259446943736, 0.3731988095819859241, 0.2585733320866940854 ) ) ;
#341 = CARTESIAN_POINT ( 'NONE',  ( -2.566391064300002522, 0.1513337238122320905, -0.4836864606480205109 ) ) ;
#342 = CARTESIAN_POINT ( 'NONE',  ( 7.163708520741811192, 1.060852397611697029, -1.767382100584342197 ) ) ;
#343 = CARTESIAN_POINT ( 'NONE',  ( 0.7957529479449928500, 0.09504494060570266301, -0.9328873578202754313 ) ) ;
#344 = CARTESIAN_POINT ( 'NONE',  ( 2.566391064300002522, -0.03171164776116909556, 0.7498864790970671823 ) ) ;
#345 = CARTESIAN_POINT ( 'NONE',  ( 1.258675872299999110, 0.5634930104412790852, 0.02559780753905596673 ) ) ;
#346 = CARTESIAN_POINT ( 'NONE',  ( -14.33582779229998749, 0.6586101929333302296, 0.8137804189619105566 ) ) ;
#347 = CARTESIAN_POINT ( 'NONE',  ( -3.283121015431002654, 0.5943330241638821176, 0.3914890901115514743 ) ) ;
#348 = CARTESIAN_POINT ( 'NONE',  ( -2.566391064300002078, -0.07707622917754944347, -0.7929852893369427891 ) ) ;
#349 = CARTESIAN_POINT ( 'NONE',  ( 11.07048077157876520, 0.3992449538243276197, -0.2926281394876540376 ) ) ;
#350 = CARTESIAN_POINT ( 'NONE',  ( -1.258675872299999998, -0.01979769011308779927, -0.7821469875921387427 ) ) ;
#351 = CARTESIAN_POINT ( 'NONE',  ( 1.258675872300000442, 0.07785914103661215058, 0.5025598771054963221 ) ) ;
#352 = CARTESIAN_POINT ( 'NONE',  ( 0.7957529479449909626, 0.09504494060570244096, -0.9328873578202769856 ) ) ;
#353 = CARTESIAN_POINT ( 'NONE',  ( -2.566391064300000302, 0.6255201466919896314, 0.8391276209789331197 ) ) ;
#354 = CARTESIAN_POINT ( 'NONE',  ( 7.164733598028534267, 0.9979779784737315973, -1.698809966483282086 ) ) ;
#355 = CARTESIAN_POINT ( 'NONE',  ( 7.383975190152503032, -0.6517638639228394704, 2.168267152397125752 ) ) ;
#356 = CARTESIAN_POINT ( 'NONE',  ( 1.258675872299998222, -0.01876033525949701020, 0.7808709451495248199 ) ) ;
#357 = CARTESIAN_POINT ( 'NONE',  ( 13.83033856085191715, 0.2761422631236335468, -0.03538909598277224788 ) ) ;
#358 = CARTESIAN_POINT ( 'NONE',  ( -2.566391064299999858, 0.08713925462571009417, -0.5744490631054675056 ) ) ;
#359 = CARTESIAN_POINT ( 'NONE',  ( 0.9140464189358292746, -0.07796409365467191210, 0.8171882215369158375 ) ) ;
#360 = EDGE_CURVE ( 'NONE', #2227, #5343, #2320, .T. ) ;
#361 = CARTESIAN_POINT ( 'NONE',  ( 3.213908770279978011, -0.08166390710332861735, 0.8629493004377506438 ) ) ;
#362 = CARTESIAN_POINT ( 'NONE',  ( 2.566391064299997637, -0.004006569289067805038, 0.6979959517692020388 ) ) ;
#363 = CARTESIAN_POINT ( 'NONE',  ( -2.566391064299999858, 0.8019088683898327741, 0.4134081620977411164 ) ) ;
#364 = CARTESIAN_POINT ( 'NONE',  ( 2.069372012209279355, 0.5664554212569375968, -0.7418963040051830271 ) ) ;
#365 = CARTESIAN_POINT ( 'NONE',  ( 7.183786775855154794, 0.8811721723066641143, -1.260212072865999122 ) ) ;
#366 = CARTESIAN_POINT ( 'NONE',  ( -2.566391064300002522, -0.03171164776116909556, -0.7498864790970671823 ) ) ;
#367 = CARTESIAN_POINT ( 'NONE',  ( -2.566391064299999858, -0.08254261233167758949, -0.8000199310078754955 ) ) ;
#368 = CARTESIAN_POINT ( 'NONE',  ( -7.358886296063404053, -0.3809938565424389467, -1.671135434336687986 ) ) ;
#369 = CARTESIAN_POINT ( 'NONE',  ( 2.566391064300000302, 0.7371724097763783234, -0.7074852882727921122 ) ) ;
#370 = CARTESIAN_POINT ( 'NONE',  ( 0.8162275360800798074, -0.1108924261850479792, 0.9170075284037104701 ) ) ;
#371 = CARTESIAN_POINT ( 'NONE',  ( 2.566391064300003855, -0.06528756778078187439, 0.7829449177312741703 ) ) ;
#372 = CARTESIAN_POINT ( 'NONE',  ( 2.192496217029860972, 0.4865429073478076405, 0.1872479830966514991 ) ) ;
#373 = CARTESIAN_POINT ( 'NONE',  ( -1.258675872300000442, -0.01459560279342451104, -0.7666512381700860690 ) ) ;
#374 = CARTESIAN_POINT ( 'NONE',  ( -2.566391064300002078, 0.7596091003275459164, 0.6159999660799205801 ) ) ;
#375 = CARTESIAN_POINT ( 'NONE',  ( -14.33582779229998039, 0.5217340706311784926, 0.3951141221265145886 ) ) ;
#376 = CARTESIAN_POINT ( 'NONE',  ( -2.566391064299992752, -0.06936689973508378126, -0.7831187099942045204 ) ) ;
#377 = CARTESIAN_POINT ( 'NONE',  ( 14.33582779229999637, 0.2858316501390165132, -0.03913958128797365849 ) ) ;
#378 = CARTESIAN_POINT ( 'NONE',  ( 14.33582779229996973, 0.6428617253377597596, -0.8313018627916159975 ) ) ;
#379 = CARTESIAN_POINT ( 'NONE',  ( 2.566391064299997637, 0.1882636112383794802, 0.4298904392063251922 ) ) ;
#380 = CARTESIAN_POINT ( 'NONE',  ( 0.7729511345561463909, 0.1422322401643167089, -0.9516972718744812765 ) ) ;
#381 = CARTESIAN_POINT ( 'NONE',  ( -1.258675872299999776, 0.3784527088407946271, 0.7774614931507328741 ) ) ;
#382 = CARTESIAN_POINT ( 'NONE',  ( 2.566391064299999414, 0.6116605979294992279, -0.8253043168524449857 ) ) ;
#383 = CARTESIAN_POINT ( 'NONE',  ( 11.07069299799159623, 0.4166779257763771893, -0.3163055910777382018 ) ) ;
#384 = CARTESIAN_POINT ( 'NONE',  ( 2.566391064300002522, -0.03131343175720119332, 0.7494979785515832882 ) ) ;
#385 = CARTESIAN_POINT ( 'NONE',  ( 13.83971116926884548, 0.2769658131447771399, -0.03655065570646796186 ) ) ;
#386 = CARTESIAN_POINT ( 'NONE',  ( -1.258675872300001553, 0.03466975096830449826, -0.6300544632956192048 ) ) ;
#387 = CARTESIAN_POINT ( 'NONE',  ( -0.8031577666839488927, -0.04413801566226461387, -0.9271452465197023152 ) ) ;
#388 = AXIS2_PLACEMENT_3D ( 'NONE', #2328, #4037, #455 ) ;
#389 = CARTESIAN_POINT ( 'NONE',  ( 2.566391064299988756, 0.02454986625764705652, 0.6950940774356416663 ) ) ;
#390 = CARTESIAN_POINT ( 'NONE',  ( 7.380680663151522936, -0.6032975769638169172, 2.086746502385829594 ) ) ;
#391 = CARTESIAN_POINT ( 'NONE',  ( -2.262868901858308135, -0.04508877998531116149, -0.7409109435841142455 ) ) ;
#392 = CARTESIAN_POINT ( 'NONE',  ( -13.67344817176398131, 0.7284478141877915869, 0.9844473022328561473 ) ) ;
#393 = CARTESIAN_POINT ( 'NONE',  ( 11.08600916013209670, 0.7586408235940973466, -0.8883504997324639385 ) ) ;
#394 = CARTESIAN_POINT ( 'NONE',  ( -7.386176111380257758, -0.7151773250741734200, -2.261702928994589801 ) ) ;
#395 = CARTESIAN_POINT ( 'NONE',  ( -7.386146449299495487, -0.7096822718345694447, -2.254950629621462532 ) ) ;
#396 = CARTESIAN_POINT ( 'NONE',  ( -2.566391064299997637, 0.2471349405917736275, -0.3412206610928471551 ) ) ;
#397 = CARTESIAN_POINT ( 'NONE',  ( 11.10129956254205297, 1.008118762794194545, -1.546386587056244544 ) ) ;
#398 = CARTESIAN_POINT ( 'NONE',  ( 1.079654371959909431, 0.006215731867661123018, -0.5880858279589605830 ) ) ;
#399 = CARTESIAN_POINT ( 'NONE',  ( 3.213651668383725291, -0.1038069686510117023, 0.8852147023199614662 ) ) ;
#400 = CARTESIAN_POINT ( 'NONE',  ( 2.566391064299999858, 0.7744251096544739754, -0.4581531344928848060 ) ) ;
#401 = CARTESIAN_POINT ( 'NONE',  ( -2.262826198107360742, -0.03896168871718160703, -0.7308806566334857813 ) ) ;
#402 = CARTESIAN_POINT ( 'NONE',  ( -14.33582779230001591, 0.6364368721025990272, 0.8357336610318519821 ) ) ;
#403 = CARTESIAN_POINT ( 'NONE',  ( -3.293040172460543591, 0.6317048203277351170, 0.5941464510684194567 ) ) ;
#404 = CARTESIAN_POINT ( 'NONE',  ( -14.33582779229999460, 0.2734803322275126680, 0.02325673598666993733 ) ) ;
#405 = CARTESIAN_POINT ( 'NONE',  ( 2.566391064299998082, -0.06276994959378651151, 0.7746530319857762859 ) ) ;
#406 = CARTESIAN_POINT ( 'NONE',  ( 2.566391064300002522, 0.7666982610052333058, -0.3342586906425947246 ) ) ;
#407 = CARTESIAN_POINT ( 'NONE',  ( 2.209637592076866497, 0.2421634705939052223, 0.2412334352854685338 ) ) ;
#408 = CARTESIAN_POINT ( 'NONE',  ( 1.258675872299999776, 0.4236098497879670632, 0.3599711740977548646 ) ) ;
#409 = CARTESIAN_POINT ( 'NONE',  ( -2.566391064299999858, 0.7744251096544739754, 0.4581531344928848060 ) ) ;
#410 = ORIENTED_EDGE ( 'NONE', *, *, #4559, .F. ) ;
#411 = CARTESIAN_POINT ( 'NONE',  ( -1.258675872299999998, 0.3877643394081785599, 0.7736089910525834057 ) ) ;
#412 = CARTESIAN_POINT ( 'NONE',  ( 2.566391064299997637, 0.03455826391489102978, 0.6464318519656679918 ) ) ;
#413 = CARTESIAN_POINT ( 'NONE',  ( 7.386158329010625856, -0.7110746319430375495, 2.256792224913475753 ) ) ;
#414 = CARTESIAN_POINT ( 'NONE',  ( 1.258675872299998444, -0.01410496078052845929, 0.7761747693120195635 ) ) ;
#415 = CARTESIAN_POINT ( 'NONE',  ( 13.88560892228677268, 0.2844409197111957832, -0.04392127466771558048 ) ) ;
#416 = CARTESIAN_POINT ( 'NONE',  ( -2.201209749345340860, 0.2644643645259558418, -0.1952589934700185714 ) ) ;
#417 = CARTESIAN_POINT ( 'NONE',  ( 1.258675872299999776, 0.07919710109772995499, 0.6966080718303367947 ) ) ;
#418 = CARTESIAN_POINT ( 'NONE',  ( 2.566391064299992752, -0.01671232471186683347, 0.7352717851263881332 ) ) ;
#419 = CARTESIAN_POINT ( 'NONE',  ( 3.216519702238465950, -0.01320852673407419201, 0.7528155038259518594 ) ) ;
#420 = CARTESIAN_POINT ( 'NONE',  ( -2.262867649111052426, -0.04503877582592979989, -0.7403279639105863064 ) ) ;
#421 = CARTESIAN_POINT ( 'NONE',  ( -1.258675872299999776, 0.08666507442872904698, -0.6902485254317967112 ) ) ;
#422 = CARTESIAN_POINT ( 'NONE',  ( 11.10133159784520984, 0.9279528525212867862, -1.526641285602304610 ) ) ;
#423 = CARTESIAN_POINT ( 'NONE',  ( -11.07034150710047271, 0.3709707837476158843, 0.2554632941989255501 ) ) ;
#424 = CARTESIAN_POINT ( 'NONE',  ( -2.566391064299998970, -0.06606707205605831523, -0.7788869154141762063 ) ) ;
#425 = CARTESIAN_POINT ( 'NONE',  ( -3.251726938723300986, 0.3756177769156398560, -0.1177774179020815160 ) ) ;
#426 = CARTESIAN_POINT ( 'NONE',  ( 11.10162780486523637, 0.9772811335037969727, -1.591693702679140898 ) ) ;
#427 = CARTESIAN_POINT ( 'NONE',  ( 1.258675872299999776, -0.02273335072856126279, 0.7834376915565920418 ) ) ;
#428 = CARTESIAN_POINT ( 'NONE',  ( 11.07034155099214168, 0.3720229061789550040, -0.2563954205993694835 ) ) ;
#429 = CARTESIAN_POINT ( 'NONE',  ( 1.639587022358312218, 0.5644610398163620868, -0.6606560479168988032 ) ) ;
#430 = CARTESIAN_POINT ( 'NONE',  ( -2.566391064299994529, -0.08043504430364596669, -0.7972849432968277528 ) ) ;
#431 = CARTESIAN_POINT ( 'NONE',  ( -7.256264928924107238, -0.6406368640514551460, -2.155340194510127816 ) ) ;
#432 = CARTESIAN_POINT ( 'NONE',  ( -7.175300563889513761, 1.076236834009815402, 1.456327174614377329 ) ) ;
#433 = CARTESIAN_POINT ( 'NONE',  ( -2.566391064299997637, -0.04294509975682392344, -0.7608639358271664932 ) ) ;
#434 = CARTESIAN_POINT ( 'NONE',  ( -14.33582779229999637, 0.2858316501390165132, 0.03913958128797365849 ) ) ;
#435 = CARTESIAN_POINT ( 'NONE',  ( 2.566391064300000302, -0.06460129882556930880, 0.7770054870912617151 ) ) ;
#436 = CARTESIAN_POINT ( 'NONE',  ( 14.33582779230000526, 0.6904734085880617211, -0.7258232460400871888 ) ) ;
#437 = CARTESIAN_POINT ( 'NONE',  ( 1.707184896087222903, 0.1630075093214100601, 0.3348104434935004203 ) ) ;
#438 = CARTESIAN_POINT ( 'NONE',  ( 1.258675872299999776, 0.3895417149593609074, -0.7763875495883436617 ) ) ;
#439 = CARTESIAN_POINT ( 'NONE',  ( -1.649189022532686399, 0.6362563290494754886, 0.4365916035852048793 ) ) ;
#440 = EDGE_CURVE ( 'NONE', #1825, #3202, #3265, .T. ) ;
#441 = CARTESIAN_POINT ( 'NONE',  ( 0.000000000000000000, 0.7456910972541630489, 1.160597232900000053 ) ) ;
#442 = CARTESIAN_POINT ( 'NONE',  ( -11.07220648676634411, 0.4824565283476320299, 0.4110807053007488054 ) ) ;
#443 = ORIENTED_EDGE ( 'NONE', *, *, #4297, .F. ) ;
#444 = CARTESIAN_POINT ( 'NONE',  ( -14.17361319139430975, 0.5353358456245868036, 0.3016716891977512249 ) ) ;
#445 = CARTESIAN_POINT ( 'NONE',  ( 2.566391064300002078, 0.008904511102578720194, 0.6808496485091166672 ) ) ;
#446 = CARTESIAN_POINT ( 'NONE',  ( 14.33582779230000526, 0.2699057177842149047, -0.01867899006235869755 ) ) ;
#447 = CARTESIAN_POINT ( 'NONE',  ( 2.566391064300000302, -0.08378345640008448558, 0.8023273604825534866 ) ) ;
#448 = CARTESIAN_POINT ( 'NONE',  ( 13.91360843073611697, 0.2874224931032191011, -0.04957721114644059873 ) ) ;
#449 = CARTESIAN_POINT ( 'NONE',  ( -2.244902400116657315, 0.1198148356212242055, -0.4691538879153838715 ) ) ;
#450 = CARTESIAN_POINT ( 'NONE',  ( -1.258675872299999776, 0.4236098497879670632, -0.3599711740977548646 ) ) ;
#451 = VECTOR ( 'NONE', #5295, 39.37007874015748143 ) ;
#452 = CARTESIAN_POINT ( 'NONE',  ( 7.386176748036077377, -0.7146959245460879906, 2.261957077364296076 ) ) ;
#453 = CARTESIAN_POINT ( 'NONE',  ( 11.07185146866730996, 0.4703059911959275308, -0.3929785119872546972 ) ) ;
#454 = CARTESIAN_POINT ( 'NONE',  ( -2.566391064299998970, -0.08442086484326233320, -0.8027566445747378321 ) ) ;
#455 = DIRECTION ( 'NONE',  ( 0.000000000000000000, 0.000000000000000000, -1.000000000000000000 ) ) ;
#456 = CARTESIAN_POINT ( 'NONE',  ( 2.566391064299997637, 0.5926789436670042432, -0.7565781265997153504 ) ) ;
#457 = CARTESIAN_POINT ( 'NONE',  ( -11.07034185686211636, 0.3724209581386864754, 0.2573119995062732590 ) ) ;
#458 = CARTESIAN_POINT ( 'NONE',  ( -11.07038416138202308, 0.3863363835853703687, 0.2755426874076483679 ) ) ;
#459 = CARTESIAN_POINT ( 'NONE',  ( -11.08894684525065166, 0.8028532970896450349, 0.9817959013609283137 ) ) ;
#460 = CARTESIAN_POINT ( 'NONE',  ( -2.566391064299999858, -0.04582186105604446613, -0.7636335334963872956 ) ) ;
#461 = CARTESIAN_POINT ( 'NONE',  ( 14.33582779230000703, 0.2675730968111448838, -0.01561897754379871009 ) ) ;
#462 = CARTESIAN_POINT ( 'NONE',  ( 2.201209749345508726, 0.4529789650109332100, 0.2333717200725356211 ) ) ;
#463 = CARTESIAN_POINT ( 'NONE',  ( -2.566391064300004743, -0.08209594294276116588, -0.7993900208688590192 ) ) ;
#464 = CARTESIAN_POINT ( 'NONE',  ( -11.09564843942741774, 1.017676243681971293, 1.221370683605729424 ) ) ;
#465 = CARTESIAN_POINT ( 'NONE',  ( -7.376644102591972008, -0.5224084268219020277, -2.005053299904128838 ) ) ;
#466 = CARTESIAN_POINT ( 'NONE',  ( -2.566391064300006963, -0.04961530160187875571, -0.7576914311768707666 ) ) ;
#467 = CARTESIAN_POINT ( 'NONE',  ( 3.213615528278150890, -0.1139871784106426811, 0.8903210880893761558 ) ) ;
#468 = CARTESIAN_POINT ( 'NONE',  ( 7.175300563889513761, 1.076236834009815402, -1.456327174614377329 ) ) ;
#469 = CARTESIAN_POINT ( 'NONE',  ( 1.258675872299999998, 0.1443767205907793838, -0.7281326131194417739 ) ) ;
#470 = CARTESIAN_POINT ( 'NONE',  ( 0.7545486363475460978, 0.1942265812274563408, -0.9663674644158194438 ) ) ;
#471 = CARTESIAN_POINT ( 'NONE',  ( -1.671806375725717553, 0.6034595349304019418, 0.07755659667351630371 ) ) ;
#472 = VERTEX_POINT ( 'NONE', #3192 ) ;
#473 = CARTESIAN_POINT ( 'NONE',  ( -14.33582779229998749, 0.5969919612562893940, 0.6681221260949253837 ) ) ;
#474 = CARTESIAN_POINT ( 'NONE',  ( -11.07322850856660956, 0.5131173280690670691, 0.4578246969711310954 ) ) ;
#475 = VERTEX_POINT ( 'NONE', #4901 ) ;
#476 = CARTESIAN_POINT ( 'NONE',  ( 7.163387227860913420, 1.020359083069594552, -1.770369998838519088 ) ) ;
#477 = CARTESIAN_POINT ( 'NONE',  ( 3.214654158438863263, -0.06197668869894110838, 0.8209109023488480039 ) ) ;
#478 = CARTESIAN_POINT ( 'NONE',  ( 11.07034587167882833, 0.3757015048978261107, -0.2617520269094945617 ) ) ;
#479 = CARTESIAN_POINT ( 'NONE',  ( 2.259526135703947780, 0.06519571504263368955, 0.6375305866816298739 ) ) ;
#480 = CARTESIAN_POINT ( 'NONE',  ( 14.04507699868579351, 0.3319134919834620945, -0.1069572333244703799 ) ) ;
#481 = CARTESIAN_POINT ( 'NONE',  ( -2.225350519203447952, 0.1952606289523104444, -0.3326458434357431604 ) ) ;
#482 = CARTESIAN_POINT ( 'NONE',  ( 1.258675872299999776, 0.1860484031448106368, -0.7634138802191474671 ) ) ;
#483 = CARTESIAN_POINT ( 'NONE',  ( 3.213509985887135656, -0.1356754095582412833, 0.9185581408707427231 ) ) ;
#484 = CARTESIAN_POINT ( 'NONE',  ( 11.07153015935746510, 0.4582324534324287435, -0.3752459354308491646 ) ) ;
#485 = CARTESIAN_POINT ( 'NONE',  ( 13.68421733769820392, 0.6957835123767639462, -0.9826221777926547052 ) ) ;
#486 = CARTESIAN_POINT ( 'NONE',  ( -1.186706625926907455, 0.05486693573844641375, -0.3228017077643201005 ) ) ;
#487 = CARTESIAN_POINT ( 'NONE',  ( 11.10159409607604175, 0.9348423946044074340, -1.565028117463134860 ) ) ;
#488 = CARTESIAN_POINT ( 'NONE',  ( -3.213514100463737755, -0.1315220583752789163, -0.9129873320730834685 ) ) ;
#489 = CARTESIAN_POINT ( 'NONE',  ( -14.33582779229999637, 0.2732049710294978673, 0.02290447782720898481 ) ) ;
#490 = CARTESIAN_POINT ( 'NONE',  ( 14.33582779229997684, 0.6939694044740275514, -0.5849752999373830642 ) ) ;
#491 = CARTESIAN_POINT ( 'NONE',  ( -14.33582779230001591, 0.5903222713583228254, 0.5825520958730489030 ) ) ;
#492 = CARTESIAN_POINT ( 'NONE',  ( -13.69223892888122940, 0.6939553244612964855, 0.9812627036971781624 ) ) ;
#493 = CARTESIAN_POINT ( 'NONE',  ( 3.213509985887135656, -0.1362876198016519935, 0.9183214324288432318 ) ) ;
#494 = CARTESIAN_POINT ( 'NONE',  ( 1.258675872299999776, 0.2956773245275617357, 0.4983177776111922253 ) ) ;
#495 = CARTESIAN_POINT ( 'NONE',  ( -1.720912002477829050, -0.006644250922099473149, -0.7068039890289999905 ) ) ;
#496 = CARTESIAN_POINT ( 'NONE',  ( -14.33582779229999815, 0.6682713623187664931, 0.4944632358677845674 ) ) ;
#497 = CARTESIAN_POINT ( 'NONE',  ( -14.33582779229999815, 0.2780015740545013769, 0.02651521433036654191 ) ) ;
#498 = CARTESIAN_POINT ( 'NONE',  ( -2.566391064300005187, -0.04305779370577792614, -0.7491954178761923711 ) ) ;
#499 = CARTESIAN_POINT ( 'NONE',  ( 7.183786775855090845, 1.040884418160560099, -1.277481143211891768 ) ) ;
#500 = CARTESIAN_POINT ( 'NONE',  ( 1.258675872299998000, 0.1623836775222199380, -0.5195526276401580823 ) ) ;
#501 = CARTESIAN_POINT ( 'NONE',  ( 1.258675872299999776, 0.08496340698033083561, 0.6916984905591712085 ) ) ;
#502 = CARTESIAN_POINT ( 'NONE',  ( -2.098218654270381123, 0.6877914806375752255, 0.3925541892942054911 ) ) ;
#503 = VERTEX_POINT ( 'NONE', #1750 ) ;
#504 = CARTESIAN_POINT ( 'NONE',  ( -11.10165027739138033, 0.9390504305467975987, 1.580030407621349831 ) ) ;
#505 = CARTESIAN_POINT ( 'NONE',  ( -3.226094156120800527, 0.1313652911311343763, -0.5358584106946419068 ) ) ;
#506 = VERTEX_POINT ( 'NONE', #3593 ) ;
#507 =( NAMED_UNIT ( * ) SI_UNIT ( $, .STERADIAN. ) SOLID_ANGLE_UNIT ( ) );
#508 = CARTESIAN_POINT ( 'NONE',  ( 11.07034170023539055, 0.3714725151961225103, -0.2566573031619865941 ) ) ;
#509 = CARTESIAN_POINT ( 'NONE',  ( 3.213533210592391942, -0.1256656614282035678, 0.9054225874627915838 ) ) ;
#510 = CARTESIAN_POINT ( 'NONE',  ( 1.720826362107343188, 0.001469502847068232965, 0.6904806814744163246 ) ) ;
#511 = DIRECTION ( 'NONE',  ( 0.000000000000000000, 0.000000000000000000, 1.000000000000000000 ) ) ;
#512 = CARTESIAN_POINT ( 'NONE',  ( -1.258675872299999110, 0.2164167263004400932, 0.2032260893374288058 ) ) ;
#513 = CARTESIAN_POINT ( 'NONE',  ( 1.258675872299999776, 0.3140612653832015044, -0.7982993305989405375 ) ) ;
#514 = CARTESIAN_POINT ( 'NONE',  ( 11.07034153230753581, 0.3713381459630512027, -0.2559964002065368005 ) ) ;
#515 = CARTESIAN_POINT ( 'NONE',  ( 14.33582779229998927, 0.3490524908501557166, -0.1236265013925349349 ) ) ;
#516 = FACE_OUTER_BOUND ( 'NONE', #4210, .T. ) ;
#517 = CARTESIAN_POINT ( 'NONE',  ( -1.258675872299999776, 0.01991067574578704591, -0.6729159131458579690 ) ) ;
#518 = CARTESIAN_POINT ( 'NONE',  ( -2.566391064300002522, -0.08147033100208965484, -0.7986188447308353311 ) ) ;
#519 = CARTESIAN_POINT ( 'NONE',  ( -3.213681894702930641, -0.1078545052172662777, -0.8823215028978512731 ) ) ;
#520 = CARTESIAN_POINT ( 'NONE',  ( 2.566391064300001190, 0.7153412233143596755, -0.1531802513987032821 ) ) ;
#521 = CARTESIAN_POINT ( 'NONE',  ( -3.293040172460543591, 0.6317048203277351170, 0.5941464510684194567 ) ) ;
#522 = CARTESIAN_POINT ( 'NONE',  ( -1.258675872299999776, 0.06545184935113557145, -0.7082875908304285817 ) ) ;
#523 = CARTESIAN_POINT ( 'NONE',  ( 14.33582779230005144, 0.2684138249486952565, -0.01661386799650158355 ) ) ;
#524 = CARTESIAN_POINT ( 'NONE',  ( 1.258675872299998666, 0.4132906412712415989, 0.3581525885831817746 ) ) ;
#525 = CARTESIAN_POINT ( 'NONE',  ( -1.258675872299996445, -0.005269446511640098890, -0.7412487581539396464 ) ) ;
#526 = CARTESIAN_POINT ( 'NONE',  ( 14.33582779229999815, 0.6164948245571929553, -0.8310063016307118744 ) ) ;
#527 = CARTESIAN_POINT ( 'NONE',  ( -14.33582779230001236, 0.6794202412714819284, 0.5238641997831625652 ) ) ;
#528 = CARTESIAN_POINT ( 'NONE',  ( -2.566391064299992308, -0.07446025683226902003, -0.7922812202756155386 ) ) ;
#529 = CARTESIAN_POINT ( 'NONE',  ( -3.213912593115638039, -0.09264278942670055306, -0.8622643372292144726 ) ) ;
#530 = CARTESIAN_POINT ( 'NONE',  ( 3.295793650833282129, 0.8310155856067948932, -0.6816581468908247121 ) ) ;
#531 = CARTESIAN_POINT ( 'NONE',  ( 1.638034673059467705, 0.2714615665763995267, -0.6986394260897430541 ) ) ;
#532 = CARTESIAN_POINT ( 'NONE',  ( 14.17099160396609037, 0.6668487021964837336, -0.4886598106003843256 ) ) ;
#533 = CARTESIAN_POINT ( 'NONE',  ( -1.641848757677611736, 0.5942207972541322381, 0.5981737545399887779 ) ) ;
#534 = ORIENTED_EDGE ( 'NONE', *, *, #1623, .F. ) ;
#535 = CARTESIAN_POINT ( 'NONE',  ( -7.190559425789259329, 0.8434800761315862649, 1.131529985597312216 ) ) ;
#536 = B_SPLINE_CURVE_WITH_KNOTS ( 'NONE', 3,
 ( #1226, #2974, #3032, #4283, #3802 ),
 .UNSPECIFIED., .F., .F.,
 ( 4, 1, 4 ),
 ( 0.4758633675113230210, 0.5033576628816580634, 0.5115619354531583118 ),
 .UNSPECIFIED. ) ;
#537 = CARTESIAN_POINT ( 'NONE',  ( -2.566391064300002078, 0.1891136037465094566, -0.4286353803628195624 ) ) ;
#538 = ORIENTED_EDGE ( 'NONE', *, *, #2895, .T. ) ;
#539 = CARTESIAN_POINT ( 'NONE',  ( -13.70172788049995205, 0.6969535972120677325, 0.9778000486537481439 ) ) ;
#540 = CARTESIAN_POINT ( 'NONE',  ( 3.213516422790840377, -0.1304801191270479610, 0.9116221407555562539 ) ) ;
#541 = CARTESIAN_POINT ( 'NONE',  ( 2.566391064299999414, -0.07983265685873433548, 0.7965090186880672274 ) ) ;
#542 = CARTESIAN_POINT ( 'NONE',  ( 2.262500976146366582, -0.02340487822272120308, 0.7063544634003661171 ) ) ;
#543 = CARTESIAN_POINT ( 'NONE',  ( -13.98480659310213703, 0.6344361143503216560, 0.8200974610787601371 ) ) ;
#544 = CARTESIAN_POINT ( 'NONE',  ( -2.566391064300002078, 0.3760130364067763575, -0.1298896656374670944 ) ) ;
#545 = CARTESIAN_POINT ( 'NONE',  ( 1.258675872299999776, 0.2405340044216433826, -0.7878028887092277666 ) ) ;
#546 = CARTESIAN_POINT ( 'NONE',  ( 14.33582779230000526, 0.4795711764206117556, -0.3203069165691304621 ) ) ;
#547 = CARTESIAN_POINT ( 'NONE',  ( 13.70275918987721830, 0.6908486482787800087, -0.9794797628846444448 ) ) ;
#548 = CARTESIAN_POINT ( 'NONE',  ( 2.262859864531967524, -0.04309375632331659961, 0.7373906622025105939 ) ) ;
#549 = AXIS2_PLACEMENT_3D ( 'NONE', #23, #2658, #3546 ) ;
#550 = FACE_OUTER_BOUND ( 'NONE', #1055, .T. ) ;
#551 = CARTESIAN_POINT ( 'NONE',  ( -11.07034587167882833, 0.3757015048978261107, 0.2617520269094945617 ) ) ;
#552 = CARTESIAN_POINT ( 'NONE',  ( -7.385754652286258271, -0.6908670120413044069, -2.228679562964002603 ) ) ;
#553 = CARTESIAN_POINT ( 'NONE',  ( 2.566391064299997637, 0.5910307241580871063, 0.06500965011412562777 ) ) ;
#554 = CARTESIAN_POINT ( 'NONE',  ( 2.566391064299998082, -0.06276994959378651151, 0.7746530319857762859 ) ) ;
#555 = CARTESIAN_POINT ( 'NONE',  ( -14.33582779229999460, 0.4647825336208461500, 0.2957997969054739218 ) ) ;
#556 = CARTESIAN_POINT ( 'NONE',  ( -0.7585626797280795586, -0.1327911289726526889, -0.9632620328663564768 ) ) ;
#557 = CARTESIAN_POINT ( 'NONE',  ( 2.566391064299997637, -0.08437522390495014180, 0.8027231163277351866 ) ) ;
#558 = CARTESIAN_POINT ( 'NONE',  ( -1.720727790115325506, 0.007429669185331741130, -0.6784498406074800370 ) ) ;
#559 = CARTESIAN_POINT ( 'NONE',  ( -2.566391064299998970, -0.02388846694797146578, -0.7422646928822130841 ) ) ;
#560 = CARTESIAN_POINT ( 'NONE',  ( -2.566391064299995861, 0.2675353906679551752, -0.4493980452557100325 ) ) ;
#561 = CARTESIAN_POINT ( 'NONE',  ( -11.07137811120192694, 0.4743750797720737156, 0.3634729731321315604 ) ) ;
#562 = CARTESIAN_POINT ( 'NONE',  ( -2.566391064299997637, -0.05618584084786367588, -0.7661774502298279721 ) ) ;
#563 = CARTESIAN_POINT ( 'NONE',  ( 7.315731052281376989, 0.07489718086284015419, 0.9660996370391408128 ) ) ;
#564 = CARTESIAN_POINT ( 'NONE',  ( 1.666618909397006965, 0.3062285181913229626, -0.1879242135480928277 ) ) ;
#565 = CARTESIAN_POINT ( 'NONE',  ( 13.98835067963455892, 0.3179995341510205020, -0.07589037382131361142 ) ) ;
#566 = CARTESIAN_POINT ( 'NONE',  ( -2.232492758806619015, 0.3018551362768727708, -0.4089335232505448836 ) ) ;
#567 = ORIENTED_EDGE ( 'NONE', *, *, #4794, .F. ) ;
#568 = CARTESIAN_POINT ( 'NONE',  ( -7.165814774072229554, 0.9890606608894415563, 1.662907980941417563 ) ) ;
#569 = ORIENTED_EDGE ( 'NONE', *, *, #4423, .T. ) ;
#570 = CARTESIAN_POINT ( 'NONE',  ( 11.07034205813912564, 0.3724125952457537636, -0.2576420232797501098 ) ) ;
#571 = CARTESIAN_POINT ( 'NONE',  ( -2.566391064300000302, -0.08378345640008448558, -0.8023273604825534866 ) ) ;
#572 = CARTESIAN_POINT ( 'NONE',  ( 2.566391064300004299, -0.06078936597134908942, 0.7721063390946407701 ) ) ;
#573 = CARTESIAN_POINT ( 'NONE',  ( -13.99040413467993815, 0.3087759507378690649, 0.07671009371082899986 ) ) ;
#574 = CARTESIAN_POINT ( 'NONE',  ( -2.078291805778071044, 0.3984015254867674383, 0.5759563344312946809 ) ) ;
#575 = CARTESIAN_POINT ( 'NONE',  ( 7.325359638935032613, -0.1025155028618858072, 1.107943534063880797 ) ) ;
#576 = CARTESIAN_POINT ( 'NONE',  ( -11.10167298898695165, 0.9597866712645070075, 1.601643713615258147 ) ) ;
#577 = CARTESIAN_POINT ( 'NONE',  ( 2.566391064300002967, -0.07716106082884725825, 0.7930937713000406619 ) ) ;
#578 = FACE_BOUND ( 'NONE', #5188, .T. ) ;
#579 = CARTESIAN_POINT ( 'NONE',  ( -7.386158329010625856, -0.7110746319430375495, -2.256792224913475753 ) ) ;
#580 = CARTESIAN_POINT ( 'NONE',  ( -11.07043128420735911, 0.3934901418524591743, 0.2849643520655701368 ) ) ;
#581 = CARTESIAN_POINT ( 'NONE',  ( 11.09036978648003213, 0.9462862337183267636, -1.019677324081973646 ) ) ;
#582 = CARTESIAN_POINT ( 'NONE',  ( 14.33582779229999815, 0.2776070247042315975, -0.02854348996036445291 ) ) ;
#583 = CARTESIAN_POINT ( 'NONE',  ( -11.10148364600076931, 0.9311323429028446341, 1.546027728980794214 ) ) ;
#584 = CARTESIAN_POINT ( 'NONE',  ( -13.69537232616633204, 0.6865952048559555987, 0.9807316653604268852 ) ) ;
#585 = CARTESIAN_POINT ( 'NONE',  ( 7.386164672742117965, -0.7120017937148299669, 2.258003804601496523 ) ) ;
#586 = CARTESIAN_POINT ( 'NONE',  ( -1.720780769141560196, 0.004453683043597236879, -0.6844631565193514122 ) ) ;
#587 = CARTESIAN_POINT ( 'NONE',  ( 11.07168651076271715, 0.4642591736579119721, -0.3840651726138317734 ) ) ;
#588 = CARTESIAN_POINT ( 'NONE',  ( -2.566391064300002078, 0.3944919421612503307, -0.3100551653146897957 ) ) ;
#589 = CARTESIAN_POINT ( 'NONE',  ( -2.566391064300002967, -0.08534037549491135799, -0.8040629379944895794 ) ) ;
#590 = CARTESIAN_POINT ( 'NONE',  ( -11.07073728560295045, 0.4196067331776577869, 0.3203478976752118235 ) ) ;
#591 = CARTESIAN_POINT ( 'NONE',  ( 2.566391064300002078, 0.6483975956242091776, -0.02272092043646191037 ) ) ;
#592 = CARTESIAN_POINT ( 'NONE',  ( 2.071185277373113198, 0.4139365765154975341, -0.6805838658541907282 ) ) ;
#593 = CARTESIAN_POINT ( 'NONE',  ( 13.88672946745629666, 0.7143001579262817646, -0.8972263758561536129 ) ) ;
#594 = MANIFOLD_SOLID_BREP ( 'Scale3', #1007 ) ;
#595 = CARTESIAN_POINT ( 'NONE',  ( -2.217708322828421785, 0.3803936095578958621, -0.3227694591782367395 ) ) ;
#596 = EDGE_LOOP ( 'NONE', ( #3303, #4483, #3051, #82, #1363 ) ) ;
#597 = CARTESIAN_POINT ( 'NONE',  ( -7.163360028463587881, 1.031654831320503174, 1.781614268935169942 ) ) ;
#598 = ORIENTED_EDGE ( 'NONE', *, *, #2895, .F. ) ;
#599 = CARTESIAN_POINT ( 'NONE',  ( 14.33582779229996973, 0.2696167692971578322, -0.01832177462150927361 ) ) ;
#600 = CARTESIAN_POINT ( 'NONE',  ( -2.566391064299998970, 0.04780129613736397443, -0.6723536665735231344 ) ) ;
#601 = CARTESIAN_POINT ( 'NONE',  ( 2.262004297550526122, -0.01070375898588318483, 0.6862053860567121077 ) ) ;
#602 = CARTESIAN_POINT ( 'NONE',  ( -14.01947680676878427, 0.6290470212689802665, 0.7847069838451898871 ) ) ;
#603 = CARTESIAN_POINT ( 'NONE',  ( -2.566391064300002522, 0.5723468524768169363, 0.4919624229350554323 ) ) ;
#604 = CARTESIAN_POINT ( 'NONE',  ( 11.08164853378428738, 0.6871082714720273543, -0.7514986618123725703 ) ) ;
#605 = CARTESIAN_POINT ( 'NONE',  ( -11.09950223859009810, 1.033149851337789471, 1.410946183837928247 ) ) ;
#606 = CARTESIAN_POINT ( 'NONE',  ( 1.258675872299998666, -0.01323804132384662907, 0.7629442919515764254 ) ) ;
#607 = CARTESIAN_POINT ( 'NONE',  ( -0.8162275360800780311, -0.1108924261850485343, -0.9170075284037112473 ) ) ;
#608 = CARTESIAN_POINT ( 'NONE',  ( -11.07034420100901784, 0.3746418646560437660, 0.2603927485671216902 ) ) ;
#609 = CARTESIAN_POINT ( 'NONE',  ( -3.213709148605423227, -0.1056864904013704587, -0.8794813276513998579 ) ) ;
#610 = CARTESIAN_POINT ( 'NONE',  ( 2.566391064299997637, 0.6887142327348920734, -0.09622378694140842903 ) ) ;
#611 = CARTESIAN_POINT ( 'NONE',  ( 2.566391064300007407, -0.07156843832380085924, 0.7859386314247499561 ) ) ;
#612 = CARTESIAN_POINT ( 'NONE',  ( -11.10083146460399739, 0.9211437465088435639, 1.479760910867647050 ) ) ;
#613 = CARTESIAN_POINT ( 'NONE',  ( -1.203235179604958960, 0.07497340354041034938, 0.2402401427500110431 ) ) ;
#614 = CARTESIAN_POINT ( 'NONE',  ( -1.720755199086588583, 0.005942741116297740184, -0.6814559935799222590 ) ) ;
#615 = CARTESIAN_POINT ( 'NONE',  ( 7.375440529260582245, -0.5415697873040671295, 1.976489476786213784 ) ) ;
#616 = CARTESIAN_POINT ( 'NONE',  ( -7.374236955928652471, -0.4918407992003210882, -1.957851362661273242 ) ) ;
#617 = CARTESIAN_POINT ( 'NONE',  ( -2.566391064300002522, -0.08649240556370924038, -0.8053546735816653479 ) ) ;
#618 = CARTESIAN_POINT ( 'NONE',  ( -7.376613503270243122, -0.5545360133220003096, -2.000098920253904566 ) ) ;
#619 = CARTESIAN_POINT ( 'NONE',  ( 3.283121015431009315, 0.7941452160084714329, -0.3911828637508368289 ) ) ;
#620 = CARTESIAN_POINT ( 'NONE',  ( 1.258675872299999776, 0.3043073248102405870, -0.7916591032307864761 ) ) ;
#621 = CARTESIAN_POINT ( 'NONE',  ( 1.258675872299999554, 0.08385624371550898237, 0.6926416108594900534 ) ) ;
#622 = EDGE_CURVE ( 'NONE', #4569, #1426, #3399, .T. ) ;
#623 = CARTESIAN_POINT ( 'NONE',  ( -2.252419607298970394, 0.1538640720181721488, -0.5548214717164365872 ) ) ;
#624 = PLANE ( 'NONE',  #2043 ) ;
#625 = ORIENTED_EDGE ( 'NONE', *, *, #1759, .T. ) ;
#626 = CARTESIAN_POINT ( 'NONE',  ( 11.07034259446943736, 0.3731988095819859241, -0.2585733320866940854 ) ) ;
#627 = CARTESIAN_POINT ( 'NONE',  ( -1.258675872300000442, 0.003883887409954217204, -0.7603685114597152905 ) ) ;
#628 = CARTESIAN_POINT ( 'NONE',  ( 2.566391064299998970, -0.03906366922471580377, 0.7440055512701732043 ) ) ;
#629 = CARTESIAN_POINT ( 'NONE',  ( -1.258675872299999776, 0.1144274588858611719, 0.7088821512610129494 ) ) ;
#630 = CARTESIAN_POINT ( 'NONE',  ( -2.080604105849534591, 0.3998639223676569432, 0.5492612357110718824 ) ) ;
#631 = EDGE_CURVE ( 'NONE', #1828, #2347, #3134, .T. ) ;
#632 = CARTESIAN_POINT ( 'NONE',  ( 2.566391064299994973, 0.4221013212370045009, 0.04588317309555829671 ) ) ;
#633 = CARTESIAN_POINT ( 'NONE',  ( -2.566391064300002078, 0.7713698616263573449, 0.5224859428081213286 ) ) ;
#634 = CARTESIAN_POINT ( 'NONE',  ( 1.258675872299999776, -0.01546637664830886882, 0.7690353170305096464 ) ) ;
#635 = CARTESIAN_POINT ( 'NONE',  ( -0.8336028239802991679, 0.04518060286459818498, 0.8998176550808494323 ) ) ;
#636 = CARTESIAN_POINT ( 'NONE',  ( -3.213912593115638039, -0.09264278942670055306, -0.8622643372292144726 ) ) ;
#637 = CARTESIAN_POINT ( 'NONE',  ( 11.07522234758753399, 0.6160954849236158770, -0.5282973578941886350 ) ) ;
#638 = CARTESIAN_POINT ( 'NONE',  ( 7.386093866986817247, -0.7054326754510420461, 2.249225818117104314 ) ) ;
#639 = CARTESIAN_POINT ( 'NONE',  ( -3.303859186126934411, 0.6762393474264822846, 0.9664627145872041192 ) ) ;
#640 = CARTESIAN_POINT ( 'NONE',  ( -1.102175554564277959, 0.6820356517648242800, 0.5389681714041762994 ) ) ;
#641 = CARTESIAN_POINT ( 'NONE',  ( 11.07759774141379516, 0.6128171320275179745, -0.6200197961162980942 ) ) ;
#642 = CARTESIAN_POINT ( 'NONE',  ( -14.33582779229999815, 0.3453571389648049661, 0.09244052986636962232 ) ) ;
#643 = CARTESIAN_POINT ( 'NONE',  ( -2.566391064299999858, -0.08320413930311053308, -0.8007635174014887669 ) ) ;
#644 = CARTESIAN_POINT ( 'NONE',  ( -11.07078406103052259, 0.4225419815163965476, 0.3244170382397242314 ) ) ;
#645 = CARTESIAN_POINT ( 'NONE',  ( -7.305776072860220793, 0.1597487055855941751, -0.8056378367807326413 ) ) ;
#646 = CARTESIAN_POINT ( 'NONE',  ( 3.279372303911492370, 0.7712596311940945748, -0.3183002607017219598 ) ) ;
#647 = CARTESIAN_POINT ( 'NONE',  ( 2.566391064299999858, 0.6865569868683732979, -0.8039306059607926880 ) ) ;
#648 = CARTESIAN_POINT ( 'NONE',  ( 2.566391064299998970, -0.08506386158594983482, 0.8041912826228975186 ) ) ;
#649 = FACE_OUTER_BOUND ( 'NONE', #3570, .T. ) ;
#650 = UNCERTAINTY_MEASURE_WITH_UNIT (LENGTH_MEASURE( 1.000000000000000082E-05 ), #4059, 'distance_accuracy_value', 'NONE');
#651 = ORIENTED_EDGE ( 'NONE', *, *, #5564, .T. ) ;
#652 = CARTESIAN_POINT ( 'NONE',  ( 14.33582779229999460, 0.2734803322275126680, -0.02325673598666993733 ) ) ;
#653 = CARTESIAN_POINT ( 'NONE',  ( -1.720809127966296259, 0.01849575678202369441, -0.6919291300459112781 ) ) ;
#654 = CARTESIAN_POINT ( 'NONE',  ( 1.258675872300000442, 0.03911200183297265653, 0.6173276147211798071 ) ) ;
#655 = CARTESIAN_POINT ( 'NONE',  ( -13.82539963753706580, 0.2757296323812710170, 0.03482640652329067193 ) ) ;
#656 = CARTESIAN_POINT ( 'NONE',  ( -2.098218654270371797, 0.4115704285964988940, 0.3911808455858607481 ) ) ;
#657 = CARTESIAN_POINT ( 'NONE',  ( 2.566391064299995417, 0.5093839167332008255, -0.1449312979587929207 ) ) ;
#658 = CARTESIAN_POINT ( 'NONE',  ( -3.303524849991688495, 0.7705430606014315176, 0.9720133870238437668 ) ) ;
#659 = CARTESIAN_POINT ( 'NONE',  ( 1.720938196428217104, -0.01201401407526934799, 0.7176611657781161169 ) ) ;
#660 = CARTESIAN_POINT ( 'NONE',  ( -1.203235179604958960, 0.07497340354041034938, 0.2402401427500110431 ) ) ;
#661 = CARTESIAN_POINT ( 'NONE',  ( -14.33582779229997684, 0.2999868519474653272, 0.05758453579838368475 ) ) ;
#662 = CARTESIAN_POINT ( 'NONE',  ( 2.566391064300000302, 0.1362311717679059730, 0.5846418570434158690 ) ) ;
#663 = CARTESIAN_POINT ( 'NONE',  ( 14.33582779230000526, 0.2759573985691594067, -0.02642796223963408617 ) ) ;
#664 = CARTESIAN_POINT ( 'NONE',  ( -3.304098318535813483, 0.6956794388409844876, 1.014223726816295468 ) ) ;
#665 = CARTESIAN_POINT ( 'NONE',  ( -1.258675872299999776, 0.2405340044216433826, 0.7878028887092277666 ) ) ;
#666 = CARTESIAN_POINT ( 'NONE',  ( 3.223191392776040054, 0.09499394909899559758, 0.5924771244454392072 ) ) ;
#667 = CARTESIAN_POINT ( 'NONE',  ( -7.376644102591972008, -0.5224084268219020277, -2.005053299904128838 ) ) ;
#668 = CARTESIAN_POINT ( 'NONE',  ( -2.566391064300002967, -0.08446060911739952659, -0.8022300293064732468 ) ) ;
#669 = CARTESIAN_POINT ( 'NONE',  ( -3.214789383150927993, -0.05757104693742035734, -0.8148734381885984757 ) ) ;
#670 = EDGE_LOOP ( 'NONE', ( #966, #4485, #1335, #2259, #3329 ) ) ;
#671 = CARTESIAN_POINT ( 'NONE',  ( -14.33582779229999815, 0.5485132923433395646, 0.3108384968621696332 ) ) ;
#672 = CARTESIAN_POINT ( 'NONE',  ( 2.566391064300002967, 0.3104097555896734861, 0.4034599599051704177 ) ) ;
#673 = CARTESIAN_POINT ( 'NONE',  ( 2.068355164930430146, 0.4458198480391276086, -0.7472796385914619588 ) ) ;
#674 = FACE_OUTER_BOUND ( 'NONE', #4030, .T. ) ;
#675 = EDGE_CURVE ( 'NONE', #4970, #4818, #1087, .T. ) ;
#676 = DIRECTION ( 'NONE',  ( 0.9859409396226633815, 0.000000000000000000, 0.1670941757691735141 ) ) ;
#677 = CARTESIAN_POINT ( 'NONE',  ( 7.386126209745512483, -0.7078104496451956829, 2.252444744519893849 ) ) ;
#678 = CARTESIAN_POINT ( 'NONE',  ( -1.258675872299998444, -0.01410496078052845929, -0.7761747693120195635 ) ) ;
#679 = CARTESIAN_POINT ( 'NONE',  ( 1.258675872300000886, 0.05227710749355835712, 0.5791185528625161227 ) ) ;
#680 = CARTESIAN_POINT ( 'NONE',  ( 0.8662225730892142428, -0.09489809195733570069, 0.8693191167303084832 ) ) ;
#681 = CARTESIAN_POINT ( 'NONE',  ( -2.566391064300000302, 0.5762625682408568650, 0.5871218499160306692 ) ) ;
#682 = CARTESIAN_POINT ( 'NONE',  ( 14.33582779230000526, 0.6032839344735975162, -0.7680729175490913496 ) ) ;
#683 = CARTESIAN_POINT ( 'NONE',  ( -3.295793650833282129, 0.8310155856067948932, 0.6816581468908247121 ) ) ;
#684 = CARTESIAN_POINT ( 'NONE',  ( 1.258675872299999776, 0.2788876371925312903, 0.5183818891684500718 ) ) ;
#685 = CARTESIAN_POINT ( 'NONE',  ( -1.258675872299999776, 0.5971867877268597358, 0.2166596400355197127 ) ) ;
#686 = CARTESIAN_POINT ( 'NONE',  ( -14.33582779229999637, 0.2956452284763917970, 0.05189848312604499608 ) ) ;
#687 = CARTESIAN_POINT ( 'NONE',  ( 7.343311241169489634, -0.1710837889464003891, 1.416502125670223267 ) ) ;
#688 = CARTESIAN_POINT ( 'NONE',  ( 7.384757704063827255, -0.6663395800318744344, 2.191511255973082939 ) ) ;
#689 = CARTESIAN_POINT ( 'NONE',  ( 1.228756478188811840, 0.6896867435051633466, -0.02806607775172302588 ) ) ;
#690 = CARTESIAN_POINT ( 'NONE',  ( -1.258675872299999776, 0.1645230057966818316, 0.5110726767305835416 ) ) ;
#691 = CARTESIAN_POINT ( 'NONE',  ( 2.566391064300002078, 0.06842418213653242431, 0.6002924803399537490 ) ) ;
#692 = CARTESIAN_POINT ( 'NONE',  ( -7.384623725782351933, -0.6514961270351756761, -2.187813050644402679 ) ) ;
#693 = CARTESIAN_POINT ( 'NONE',  ( -7.386174519740737132, -0.7134608260130705926, -2.260535117939108218 ) ) ;
#694 = CARTESIAN_POINT ( 'NONE',  ( -7.382680456340787956, -0.6310707909706334551, -2.134146131596983853 ) ) ;
#695 = CARTESIAN_POINT ( 'NONE',  ( -0.7411826345420172713, 0.3000887178040486103, 0.9765721530799802430 ) ) ;
#696 = CARTESIAN_POINT ( 'NONE',  ( -7.371595214463406265, -0.4600953466870572606, -1.907717333409712168 ) ) ;
#697 = CARTESIAN_POINT ( 'NONE',  ( 2.566391064300009628, 0.04700941754159277536, 0.6731297582540329838 ) ) ;
#698 = CARTESIAN_POINT ( 'NONE',  ( 1.258675872299999554, 0.2577422739046719702, -0.7884240906578269259 ) ) ;
#699 = CARTESIAN_POINT ( 'NONE',  ( -1.102175554564278848, 0.6820356517648236139, 0.5389681714041764105 ) ) ;
#700 = CARTESIAN_POINT ( 'NONE',  ( 2.566391064299998970, -0.06606707205605831523, 0.7788869154141762063 ) ) ;
#701 = CARTESIAN_POINT ( 'NONE',  ( 2.566391064300000302, 0.6363171245812142551, -0.8416576825647795745 ) ) ;
#702 = CARTESIAN_POINT ( 'NONE',  ( 2.260683401714545848, 0.01079978342226937948, 0.6517441594170669816 ) ) ;
#703 = CARTESIAN_POINT ( 'NONE',  ( -13.82722551499995767, 0.2756898040375218573, 0.03503067423100503924 ) ) ;
#704 = CARTESIAN_POINT ( 'NONE',  ( -2.566391064299994973, 0.7264954296060508465, 0.7360129705426033953 ) ) ;
#705 = CARTESIAN_POINT ( 'NONE',  ( 3.283121015431002654, 0.5943330241638821176, -0.3914890901115514743 ) ) ;
#706 = CARTESIAN_POINT ( 'NONE',  ( -7.167181543787826570, 1.092208052909745319, 1.652690226046754196 ) ) ;
#707 = CARTESIAN_POINT ( 'NONE',  ( 13.77807080483831292, 0.6688400086845909254, -0.9525812391146589730 ) ) ;
#708 = CARTESIAN_POINT ( 'NONE',  ( -2.566391064300002522, -0.03041029555260352235, -0.7327251067986877420 ) ) ;
#709 = CARTESIAN_POINT ( 'NONE',  ( -1.258675872299999776, 0.1645230057966818316, 0.5110726767305835416 ) ) ;
#710 = CARTESIAN_POINT ( 'NONE',  ( -14.33582779229999460, 0.3115062246489254116, 0.07279198988325615016 ) ) ;
#711 = CARTESIAN_POINT ( 'NONE',  ( 14.33582779229998749, 0.5747217863438648378, -0.3435055260991150550 ) ) ;
#712 = CARTESIAN_POINT ( 'NONE',  ( 2.566391064300002078, -0.02564076338652544751, 0.7264862312844073688 ) ) ;
#713 = CARTESIAN_POINT ( 'NONE',  ( 2.566391064299998970, -0.02388846694797146578, 0.7422646928822130841 ) ) ;
#714 = CARTESIAN_POINT ( 'NONE',  ( -1.258675872299999776, 0.2008194619799379965, 0.3512316917397397265 ) ) ;
#715 = CARTESIAN_POINT ( 'NONE',  ( 14.33582779230000526, 0.4795711764206117556, -0.3203069165691304621 ) ) ;
#716 = CARTESIAN_POINT ( 'NONE',  ( -11.07087893423843994, 0.4438227733416122422, 0.3307785643049006019 ) ) ;
#717 = CARTESIAN_POINT ( 'NONE',  ( -11.07034794026264812, 0.3767581512946676092, 0.2631131288349869979 ) ) ;
#718 = CARTESIAN_POINT ( 'NONE',  ( -14.33582779229998927, 0.3944397934564529140, 0.1879230478312237662 ) ) ;
#719 = CARTESIAN_POINT ( 'NONE',  ( -0.7441986708340774248, 0.3520295670649108977, 0.9742679225691385225 ) ) ;
#720 = CARTESIAN_POINT ( 'NONE',  ( -14.33582779229998927, 0.6347916602234332517, 0.4292617135157200670 ) ) ;
#721 = B_SPLINE_CURVE_WITH_KNOTS ( 'NONE', 3,
 ( #411, #2162, #1274, #2654, #841, #4757, #3846, #874 ),
 .UNSPECIFIED., .F., .F.,
 ( 4, 1, 1, 1, 1, 4 ),
 ( 0.4973458479553617972, 0.5033801329370921618, 0.5677792671221445486, 0.6979619998980011175, 0.9022848395432820912, 0.9453999999999466164 ),
 .UNSPECIFIED. ) ;
#722 = CARTESIAN_POINT ( 'NONE',  ( 11.07202072982161312, 0.5053654573734270850, -0.3977014165667447920 ) ) ;
#723 = CARTESIAN_POINT ( 'NONE',  ( 1.636022584557232928, 0.3532707846808323948, -0.7816271548954453197 ) ) ;
#724 = AXIS2_PLACEMENT_3D ( 'NONE', #5000, #143, #511 ) ;
#725 = CARTESIAN_POINT ( 'NONE',  ( -11.10158871701396777, 0.9844575219204397820, 1.584448108012061818 ) ) ;
#726 = CARTESIAN_POINT ( 'NONE',  ( 7.386107741020221162, -0.7063886960636578394, 2.250524921101245912 ) ) ;
#727 = CARTESIAN_POINT ( 'NONE',  ( -1.258675872299999776, -0.02011741026275666588, -0.7826106424217695867 ) ) ;
#728 = CARTESIAN_POINT ( 'NONE',  ( 1.258675872300000664, 0.05661032296037143280, 0.5663721354596473745 ) ) ;
#729 = CARTESIAN_POINT ( 'NONE',  ( -13.82561853157266363, 0.2757964418239181037, 0.03485067864432866286 ) ) ;
#730 = CARTESIAN_POINT ( 'NONE',  ( -2.068145361642087288, 0.5233253417451421141, 0.7760349709731969581 ) ) ;
#731 = B_SPLINE_CURVE_WITH_KNOTS ( 'NONE', 3,
 ( #4929, #4410, #985, #3526, #2244 ),
 .UNSPECIFIED., .F., .F.,
 ( 4, 1, 4 ),
 ( 0.4758633675113230210, 0.5033576628816580634, 0.5115619354531583118 ),
 .UNSPECIFIED. ) ;
#732 = CARTESIAN_POINT ( 'NONE',  ( 3.302544649012232991, 0.6618955724470024782, -0.8792750732221994436 ) ) ;
#733 = CARTESIAN_POINT ( 'NONE',  ( -14.33582779229998394, 0.6978462282897738289, 0.6476787150325260534 ) ) ;
#734 = CARTESIAN_POINT ( 'NONE',  ( 14.09777077724123551, 0.6169779735667556553, -0.6787434014187487819 ) ) ;
#735 = CARTESIAN_POINT ( 'NONE',  ( -1.258675872299999554, 0.06091530012730778793, -0.5536204043458275992 ) ) ;
#736 = CARTESIAN_POINT ( 'NONE',  ( -1.224807099046314685, 0.6492237216765117669, -0.07307682243511276488 ) ) ;
#737 = CARTESIAN_POINT ( 'NONE',  ( -7.377725278635904438, -0.5671987245398537603, -2.022944948886368000 ) ) ;
#738 = CARTESIAN_POINT ( 'NONE',  ( 11.07889445398571127, 0.7119263600865545216, -0.6518923899779195397 ) ) ;
#739 = CARTESIAN_POINT ( 'NONE',  ( 7.384981780348807590, -0.6710139136326753739, 2.198801801499135067 ) ) ;
#740 = CARTESIAN_POINT ( 'NONE',  ( 0.7634801697248659869, -0.09443721001044284857, 0.9595268311031833752 ) ) ;
#741 = CARTESIAN_POINT ( 'NONE',  ( 2.566391064300000302, 0.7031777748311255349, -0.7804091085095147262 ) ) ;
#742 = ADVANCED_FACE ( 'NONE', ( #120 ), #1927, .T. ) ;
#743 = CARTESIAN_POINT ( 'NONE',  ( 7.274768759909416183, 0.2800486778710002955, 0.2906356889508295294 ) ) ;
#744 = CARTESIAN_POINT ( 'NONE',  ( -7.386176748036077377, -0.7146959245460879906, -2.261957077364296076 ) ) ;
#745 = CARTESIAN_POINT ( 'NONE',  ( -7.386126209745512483, -0.7078104496451956829, -2.252444744519893849 ) ) ;
#746 = CARTESIAN_POINT ( 'NONE',  ( -7.355224577198460345, -0.3486373479473595105, -1.607440693633111595 ) ) ;
#747 = CARTESIAN_POINT ( 'NONE',  ( -0.9934327786794753257, -0.007412953907883629290, 0.7246778445896884246 ) ) ;
#748 = CARTESIAN_POINT ( 'NONE',  ( -3.258804152211473681, 0.5953591385424407134, -0.02844413906839005426 ) ) ;
#749 = CARTESIAN_POINT ( 'NONE',  ( 7.368729077970226804, -0.4272308187102693555, 1.854771617564771713 ) ) ;
#750 = CARTESIAN_POINT ( 'NONE',  ( 1.659148957883747277, 0.6385601201696364804, -0.2631541398542656673 ) ) ;
#751 = CARTESIAN_POINT ( 'NONE',  ( -7.172893417226204882, 1.084134993696820315, 1.510526404543050205 ) ) ;
#752 = CARTESIAN_POINT ( 'NONE',  ( -3.274152858963956358, 0.5415410364639769991, 0.2336491490013110628 ) ) ;
#753 = CARTESIAN_POINT ( 'NONE',  ( -7.386093866986817247, -0.7054326754510420461, -2.249225818117104314 ) ) ;
#754 = CARTESIAN_POINT ( 'NONE',  ( 11.07034720659498817, 0.3764057560674028968, -0.2626590265354240561 ) ) ;
#755 = CARTESIAN_POINT ( 'NONE',  ( 3.303843635609017060, 0.7517011047781748667, -0.9966640480939435998 ) ) ;
#756 = CARTESIAN_POINT ( 'NONE',  ( 2.255472914729123701, 0.05966124879977291462, 0.5716596712830266380 ) ) ;
#757 = CARTESIAN_POINT ( 'NONE',  ( -13.85279100457132984, 0.2789747046799348484, 0.03833190426558484576 ) ) ;
#758 = CARTESIAN_POINT ( 'NONE',  ( -2.566391064299999414, 0.6174906502393926466, 0.8331579755256308673 ) ) ;
#759 = CARTESIAN_POINT ( 'NONE',  ( 11.10083146460399739, 0.9211437465088435639, -1.479760910867647050 ) ) ;
#760 = CARTESIAN_POINT ( 'NONE',  ( -14.33582779230001236, 0.6971583113594660430, 0.6162501986496842221 ) ) ;
#761 = CARTESIAN_POINT ( 'NONE',  ( 1.258675872299999776, 0.08441072811330309345, 0.6921693337213619124 ) ) ;
#762 = CARTESIAN_POINT ( 'NONE',  ( -2.566391064300002522, 0.06759679455752937161, -0.6014294969342964814 ) ) ;
#763 = CARTESIAN_POINT ( 'NONE',  ( -0.7423772748560614199, -0.1254767725630781261, -0.9756744258288569949 ) ) ;
#764 = CARTESIAN_POINT ( 'NONE',  ( -3.218376434077921289, 0.02263732371665274842, -0.7010498740040143062 ) ) ;
#765 = CARTESIAN_POINT ( 'NONE',  ( 11.07034192407119022, 0.3728087815348278822, -0.2575724483303800660 ) ) ;
#766 = CARTESIAN_POINT ( 'NONE',  ( 3.214185828674219536, -0.07953823552457879587, 0.8447388823525698864 ) ) ;
#767 = CARTESIAN_POINT ( 'NONE',  ( 0.7376361199289190873, -0.1382729668552165336, 0.9792483099170832261 ) ) ;
#768 = CARTESIAN_POINT ( 'NONE',  ( -1.258675872299999776, 0.2788876371925312903, -0.5183818891684500718 ) ) ;
#769 = CARTESIAN_POINT ( 'NONE',  ( 14.33582779229999815, 0.5849969879800447359, -0.5543989332592609287 ) ) ;
#770 = CARTESIAN_POINT ( 'NONE',  ( -2.566391064299988756, 0.02454986625764705652, -0.6950940774356416663 ) ) ;
#771 = CARTESIAN_POINT ( 'NONE',  ( -7.386150724003353929, -0.7101485001918858009, -2.255568408387930379 ) ) ;
#772 = CARTESIAN_POINT ( 'NONE',  ( -2.566391064300006519, 0.08800275005419101737, -0.5732498842151784180 ) ) ;
#773 = ORIENTED_EDGE ( 'NONE', *, *, #5260, .F. ) ;
#774 = CARTESIAN_POINT ( 'NONE',  ( 1.720942039062842044, -0.01445677907281581707, 0.7233068113332907778 ) ) ;
#775 = CARTESIAN_POINT ( 'NONE',  ( 2.566391064299992752, -0.01671232471186683347, 0.7352717851263881332 ) ) ;
#776 = CARTESIAN_POINT ( 'NONE',  ( 1.258675872300000442, 0.5327235043350603272, -0.6243263211749632280 ) ) ;
#777 = CARTESIAN_POINT ( 'NONE',  ( -2.566391064300000302, 0.7462321566845196985, 0.6773908150377587756 ) ) ;
#778 = CARTESIAN_POINT ( 'NONE',  ( -11.07636988083693375, 0.5878047916772607406, 0.5778493833193660834 ) ) ;
#779 = CARTESIAN_POINT ( 'NONE',  ( -11.07035534908020402, 0.3795854631468402185, 0.2667616916994368648 ) ) ;
#780 = ADVANCED_FACE ( 'NONE', ( #578, #550 ), #1868, .F. ) ;
#781 = CARTESIAN_POINT ( 'NONE',  ( 7.385457663554347185, -0.6822769074412272650, 2.215979138454986064 ) ) ;
#782 = CARTESIAN_POINT ( 'NONE',  ( 2.566391064300000302, 0.6862015167040260710, -0.8043588025977665978 ) ) ;
#783 = CARTESIAN_POINT ( 'NONE',  ( 1.711858803249369343, 0.1300961622410872209, 0.4136099675223964822 ) ) ;
#784 = CARTESIAN_POINT ( 'NONE',  ( 1.079654371959908543, 0.006215731867660272136, -0.5880858279589619153 ) ) ;
#785 = CARTESIAN_POINT ( 'NONE',  ( -1.258675872299999554, 0.2577422739046719702, 0.7884240906578269259 ) ) ;
#786 = CARTESIAN_POINT ( 'NONE',  ( 14.33582779230001591, 0.5980261428415347691, -0.6967181126209598396 ) ) ;
#787 = CARTESIAN_POINT ( 'NONE',  ( 1.720703109123199459, 0.02989247781673083290, 0.6817285334271415698 ) ) ;
#788 = CARTESIAN_POINT ( 'NONE',  ( 0.7371909244550536311, -0.1367866873732009048, 0.9795835021206161786 ) ) ;
#789 = CARTESIAN_POINT ( 'NONE',  ( -2.566391064299995861, 0.05918657546456605745, -0.6129591860306369266 ) ) ;
#790 = CARTESIAN_POINT ( 'NONE',  ( 1.258675872299999776, 0.1241863558087338976, 0.3588501414392746280 ) ) ;
#791 = CARTESIAN_POINT ( 'NONE',  ( -2.566391064299995861, 0.01747982599423896291, -0.6693948695417547556 ) ) ;
#792 = CARTESIAN_POINT ( 'NONE',  ( 2.566391064299992308, -0.07446025683226902003, 0.7922812202756155386 ) ) ;
#793 = CARTESIAN_POINT ( 'NONE',  ( 11.07078406103052259, 0.4225419815163965476, -0.3244170382397242314 ) ) ;
#794 = CARTESIAN_POINT ( 'NONE',  ( 2.566391064300000302, 0.7031777748311255349, -0.7804091085095147262 ) ) ;
#795 = CARTESIAN_POINT ( 'NONE',  ( 2.566391064299992752, 0.5662835875113934048, -0.3856553806160232245 ) ) ;
#796 = CARTESIAN_POINT ( 'NONE',  ( -7.386130104904544247, -0.7057340605209289075, -2.251924832870631388 ) ) ;
#797 = CARTESIAN_POINT ( 'NONE',  ( -7.386158329010625856, -0.7110746319430375495, -2.256792224913475753 ) ) ;
#798 = CARTESIAN_POINT ( 'NONE',  ( -14.33582779229998927, 0.3615924499502418121, 0.1410467362111308132 ) ) ;
#799 = CARTESIAN_POINT ( 'NONE',  ( 7.165274186050378802, 1.084856694791691778, -1.709605710933363332 ) ) ;
#800 = CARTESIAN_POINT ( 'NONE',  ( 1.720942056790966346, -0.01473178274268595322, 0.7237391477657793004 ) ) ;
#801 = CARTESIAN_POINT ( 'NONE',  ( 11.07034150710047271, 0.3709707837476158843, -0.2554632941989255501 ) ) ;
#802 = CARTESIAN_POINT ( 'NONE',  ( 1.258675872299999776, 0.5049621239823022245, 0.1995566304058285223 ) ) ;
#803 = CARTESIAN_POINT ( 'NONE',  ( -2.262854311902759541, -0.04217345605171238243, -0.7359438578048188573 ) ) ;
#804 = CARTESIAN_POINT ( 'NONE',  ( -3.303524849991688495, 0.7705430606014315176, 0.9720133870238437668 ) ) ;
#805 = CARTESIAN_POINT ( 'NONE',  ( -11.09312386627857805, 0.8589530985915940775, 1.123741983756468388 ) ) ;
#806 = CARTESIAN_POINT ( 'NONE',  ( -14.33582779230001591, 0.2718279402274845213, 0.02114334119739730636 ) ) ;
#807 = CARTESIAN_POINT ( 'NONE',  ( 3.213996112355613999, -0.08828112927674462707, 0.8564559669432701972 ) ) ;
#808 =( GEOMETRIC_REPRESENTATION_CONTEXT ( 3 ) GLOBAL_UNCERTAINTY_ASSIGNED_CONTEXT ( ( #2826 ) ) GLOBAL_UNIT_ASSIGNED_CONTEXT ( ( #2214, #39, #4838 ) ) REPRESENTATION_CONTEXT ( 'NONE', 'WORKASPACE' ) );
#809 = CARTESIAN_POINT ( 'NONE',  ( 2.566391064300000302, 0.7031777748311255349, -0.7804091085095147262 ) ) ;
#810 = CARTESIAN_POINT ( 'NONE',  ( 1.258675872299999998, 0.1990729022482896349, 0.04535233740710532813 ) ) ;
#811 = CARTESIAN_POINT ( 'NONE',  ( 0.7444503870787636535, 0.2441809847860766935, -0.9740787610724760404 ) ) ;
#812 = CARTESIAN_POINT ( 'NONE',  ( -2.069515778865901101, 0.5700341089329968858, 0.7384069258278062042 ) ) ;
#813 = CARTESIAN_POINT ( 'NONE',  ( -13.67344817176398131, 0.6978775534352680276, 0.9844473022328561473 ) ) ;
#814 = CARTESIAN_POINT ( 'NONE',  ( 2.566391064299999414, -0.02130179475090902136, 0.7207973256346339452 ) ) ;
#815 = CARTESIAN_POINT ( 'NONE',  ( 2.262838488816704352, -0.03634701701561740550, 0.7325819407994379473 ) ) ;
#816 = CARTESIAN_POINT ( 'NONE',  ( 14.14947695643335557, 0.4186395697255723691, -0.2285968629388223372 ) ) ;
#817 = CARTESIAN_POINT ( 'NONE',  ( -1.719988697744713191, 0.03235261165215892742, -0.6274806988623271575 ) ) ;
#818 = CARTESIAN_POINT ( 'NONE',  ( 1.258675872299999776, -0.02150121441190814414, 0.7855185813269786044 ) ) ;
#819 = CARTESIAN_POINT ( 'NONE',  ( 2.566391064299995417, -0.08380790895726064615, 0.8023543562541242125 ) ) ;
#820 = CARTESIAN_POINT ( 'NONE',  ( 3.215744768095532891, -0.03101911658474640690, 0.7780081870573162250 ) ) ;
#821 = CARTESIAN_POINT ( 'NONE',  ( 13.96320036115661978, 0.3074701578104513389, -0.06591264872922351914 ) ) ;
#822 = FACE_OUTER_BOUND ( 'NONE', #4940, .T. ) ;
#823 = CARTESIAN_POINT ( 'NONE',  ( 3.283121015431002654, 0.5943330241638821176, -0.3914890901115514743 ) ) ;
#824 = CARTESIAN_POINT ( 'NONE',  ( -2.566391064299999858, -0.08682642287692476923, -0.8057586563822590753 ) ) ;
#825 = CARTESIAN_POINT ( 'NONE',  ( -11.07034330887613649, 0.3739309848295874761, 0.2594863298553146680 ) ) ;
#826 = CARTESIAN_POINT ( 'NONE',  ( -2.566391064299998970, 0.1675908800069880744, -0.4601380894964779422 ) ) ;
#827 = CARTESIAN_POINT ( 'NONE',  ( 11.10153887103843573, 0.9909018061908596575, -1.576523671868898191 ) ) ;
#828 = CARTESIAN_POINT ( 'NONE',  ( 2.566391064300001190, -0.08610356496847819396, 0.8048901884144472607 ) ) ;
#829 = CARTESIAN_POINT ( 'NONE',  ( 11.07042960325043879, 0.3991138580734756580, -0.2847317133894963215 ) ) ;
#830 = CARTESIAN_POINT ( 'NONE',  ( 2.074292151600382716, 0.6274624291349231164, -0.6513819310177613175 ) ) ;
#831 = CARTESIAN_POINT ( 'NONE',  ( -1.258675872299999554, -0.01110039194113390630, -0.7571217948232379369 ) ) ;
#832 = CARTESIAN_POINT ( 'NONE',  ( -11.10162780486523637, 0.9772811335037969727, 1.591693702679140898 ) ) ;
#833 = CARTESIAN_POINT ( 'NONE',  ( -11.09679597267675888, 0.8947957181592637310, 1.265855497345587111 ) ) ;
#834 = CARTESIAN_POINT ( 'NONE',  ( -3.213538343478194115, -0.1245906118254177797, -0.9040388528586235095 ) ) ;
#835 = CARTESIAN_POINT ( 'NONE',  ( 3.214185828674219536, -0.07953823552457879587, 0.8447388823525698864 ) ) ;
#836 = CARTESIAN_POINT ( 'NONE',  ( 14.33582779230001591, 0.6963428584758006856, -0.6790688298951825796 ) ) ;
#837 = CARTESIAN_POINT ( 'NONE',  ( 1.258675872300000664, 0.2173615744150310669, -0.1497274911916590123 ) ) ;
#838 = CARTESIAN_POINT ( 'NONE',  ( 1.258675872299999776, 0.5640774072364628244, 0.02335993811569538059 ) ) ;
#839 = CARTESIAN_POINT ( 'NONE',  ( -2.566391064299997637, 0.7729565996566992725, 0.3953272545515272851 ) ) ;
#840 = VERTEX_POINT ( 'NONE', #3643 ) ;
#841 = CARTESIAN_POINT ( 'NONE',  ( -1.258675872299999776, 0.5938102356368049062, -0.005507533701502377241 ) ) ;
#842 = CARTESIAN_POINT ( 'NONE',  ( 2.566391064300002967, 0.02603109007957076990, 0.6579222552347018249 ) ) ;
#843 = CARTESIAN_POINT ( 'NONE',  ( 14.33582779229999815, 0.2729295939272631810, -0.02255223518675455313 ) ) ;
#844 = CARTESIAN_POINT ( 'NONE',  ( 1.720005719118641085, 0.07543027694414314310, 0.6413079414332669703 ) ) ;
#845 = CARTESIAN_POINT ( 'NONE',  ( 13.82678623518132888, 0.2759669584392218655, -0.03498053794101582681 ) ) ;
#846 = CARTESIAN_POINT ( 'NONE',  ( -1.258675872300002219, 0.01663812632715592002, -0.6809184343761158775 ) ) ;
#847 = CARTESIAN_POINT ( 'NONE',  ( 0.8162275360800780311, -0.1108924261850485343, 0.9170075284037112473 ) ) ;
#848 = CARTESIAN_POINT ( 'NONE',  ( 7.385828999076337276, -0.6878641335562110104, 2.231888520826865285 ) ) ;
#849 = CARTESIAN_POINT ( 'NONE',  ( 14.33582779229999460, 0.3115062246489254116, -0.07279198988325615016 ) ) ;
#850 = CARTESIAN_POINT ( 'NONE',  ( -1.258675872300002219, -0.01918473044349833234, -0.7804935333317115642 ) ) ;
#851 = CARTESIAN_POINT ( 'NONE',  ( -2.566391064299999858, 0.6385948779282070165, 0.09129991340824242241 ) ) ;
#852 = CARTESIAN_POINT ( 'NONE',  ( 2.566391064300005187, 0.5747548299926726889, -0.5571324934245466265 ) ) ;
#853 = CARTESIAN_POINT ( 'NONE',  ( -14.33582779229994841, 0.2684327213008794732, 0.01688112499493317487 ) ) ;
#854 = CARTESIAN_POINT ( 'NONE',  ( -2.566391064300007407, -0.07156843832380085924, -0.7859386314247499561 ) ) ;
#855 = CARTESIAN_POINT ( 'NONE',  ( -2.566391064299994085, 0.5776245813667905127, 0.6142983291993108219 ) ) ;
#856 = CARTESIAN_POINT ( 'NONE',  ( 14.33582779230002302, 0.6681595513967184541, -0.7981295149369365127 ) ) ;
#857 = CARTESIAN_POINT ( 'NONE',  ( 0.7657418752678477603, 0.4131215229147275347, -0.9574331030381429963 ) ) ;
#858 = CARTESIAN_POINT ( 'NONE',  ( 7.386177491354573910, -0.7158940042271014770, 2.263307923043521797 ) ) ;
#859 = CARTESIAN_POINT ( 'NONE',  ( 1.640505203898485087, 0.5781629910033495579, -0.6343166940195984482 ) ) ;
#860 = B_SPLINE_CURVE_WITH_KNOTS ( 'NONE', 3,
 ( #4088, #5400, #4139, #2401, #3735 ),
 .UNSPECIFIED., .F., .F.,
 ( 4, 1, 4 ),
 ( 0.9453999999999466164, 0.9902284839543278316, 0.9999999999999995559 ),
 .UNSPECIFIED. ) ;
#861 = CARTESIAN_POINT ( 'NONE',  ( -2.566391064299990976, -0.08151875487765498918, -0.7986801278477581034 ) ) ;
#862 = EDGE_CURVE ( 'NONE', #934, #840, #185, .T. ) ;
#863 = CARTESIAN_POINT ( 'NONE',  ( -7.183786775855090845, 1.040884418160560099, 1.277481143211891768 ) ) ;
#864 = CARTESIAN_POINT ( 'NONE',  ( -14.33582779229998039, 0.4342215435294905501, 0.2473961685198904636 ) ) ;
#865 = CARTESIAN_POINT ( 'NONE',  ( -2.566391064299991864, -0.05180395374162454630, -0.7605212772217248007 ) ) ;
#866 = CARTESIAN_POINT ( 'NONE',  ( 11.07037801421600065, 0.3851488051561890447, -0.2739906372319848571 ) ) ;
#867 = CARTESIAN_POINT ( 'NONE',  ( 11.10033611275137666, 1.028752940137056093, -1.464851391460452179 ) ) ;
#868 = CARTESIAN_POINT ( 'NONE',  ( 2.242027648676451435, 0.1327655789990081492, 0.4464108697557007677 ) ) ;
#869 = CARTESIAN_POINT ( 'NONE',  ( 1.258675872299999776, 0.5787196340063335276, -0.06479956625366060929 ) ) ;
#870 = CARTESIAN_POINT ( 'NONE',  ( -2.091647793835634594, 0.6825678440752227516, 0.4511326380383122170 ) ) ;
#871 = CARTESIAN_POINT ( 'NONE',  ( -3.303859186126934411, 0.6762393474264822846, 0.9664627145872041192 ) ) ;
#872 = B_SPLINE_CURVE_WITH_KNOTS ( 'NONE', 3,
 ( #4938, #1022, #2767, #4511, #4567, #2823 ),
 .UNSPECIFIED., .F., .F.,
 ( 4, 1, 1, 4 ),
 ( 0.9364767817554829898, 0.9709513977905490645, 0.9999999999999992228, 1.000620100789585409 ),
 .UNSPECIFIED. ) ;
#873 = ORIENTED_EDGE ( 'NONE', *, *, #4839, .T. ) ;
#874 = CARTESIAN_POINT ( 'NONE',  ( -1.258675872299999776, 0.08385624553148883498, -0.6926416129916971309 ) ) ;
#875 = CARTESIAN_POINT ( 'NONE',  ( 14.33582779229998927, 0.3321675622482811452, -0.1005200249344151281 ) ) ;
#876 = CARTESIAN_POINT ( 'NONE',  ( 11.07034330887613649, 0.3739309848295874761, -0.2594863298553146680 ) ) ;
#877 = CARTESIAN_POINT ( 'NONE',  ( 1.720940923299180136, -0.01187051498082562946, 0.7203441789310779386 ) ) ;
#878 = CARTESIAN_POINT ( 'NONE',  ( 14.17541626722800707, 0.4706639288151164280, -0.3089301601288502730 ) ) ;
#879 = CARTESIAN_POINT ( 'NONE',  ( -1.694070981208327664, 0.2308079625467253371, -0.1530651761122406029 ) ) ;
#880 = CARTESIAN_POINT ( 'NONE',  ( 1.258675872299999998, -0.01950535454876051178, 0.7815950635642050504 ) ) ;
#881 = CARTESIAN_POINT ( 'NONE',  ( 2.566391064300012292, 0.002051354708539086802, 0.7170178208546253984 ) ) ;
#882 = CARTESIAN_POINT ( 'NONE',  ( 11.07138259375367895, 0.4522266462221656291, -0.3665225200917983095 ) ) ;
#883 = CARTESIAN_POINT ( 'NONE',  ( -2.566391064299999858, -0.08323276548721099399, -0.8008048755432031207 ) ) ;
#884 = CARTESIAN_POINT ( 'NONE',  ( 13.67344817176398131, 0.6978775534352680276, -0.9844473022328561473 ) ) ;
#885 = CARTESIAN_POINT ( 'NONE',  ( 2.566391064299995861, 0.5852448346457180817, -0.6998153733583961644 ) ) ;
#886 = CARTESIAN_POINT ( 'NONE',  ( -3.213513132099774960, -0.1321636625825175215, -0.9137107146865648399 ) ) ;
#887 = CARTESIAN_POINT ( 'NONE',  ( -2.566391064300003855, -0.06753329670084315395, -0.7807679957245416968 ) ) ;
#888 = CARTESIAN_POINT ( 'NONE',  ( -11.08356108920001404, 0.7193925534327261229, 0.8117344923848148763 ) ) ;
#889 = CARTESIAN_POINT ( 'NONE',  ( 1.258675872299999776, 0.1697046300487557724, -0.7544567982736839484 ) ) ;
#890 = CARTESIAN_POINT ( 'NONE',  ( 3.213514813027075423, -0.1297566836856030026, 0.9119717972486647284 ) ) ;
#891 = CARTESIAN_POINT ( 'NONE',  ( 2.566391064299999858, 0.3113694157549547481, 0.4024193113675489930 ) ) ;
#892 = CARTESIAN_POINT ( 'NONE',  ( -1.258675872300000664, -0.01575605409175675695, -0.7698301923037549344 ) ) ;
#893 = CARTESIAN_POINT ( 'NONE',  ( -3.214032072880452784, -0.07388706435284228546, -0.8551002109663304873 ) ) ;
#894 = CARTESIAN_POINT ( 'NONE',  ( -14.33582779230001236, 0.6971583113594660430, 0.6162501986496842221 ) ) ;
#895 = CARTESIAN_POINT ( 'NONE',  ( -2.566391064299997637, 0.1140341167906406689, -0.6068736868196039635 ) ) ;
#896 = CARTESIAN_POINT ( 'NONE',  ( -7.385874180887774365, -0.6950163920213040525, -2.234669617458218571 ) ) ;
#897 = CARTESIAN_POINT ( 'NONE',  ( 11.07043128420735911, 0.3934901418524591743, -0.2849643520655701368 ) ) ;
#898 = CARTESIAN_POINT ( 'NONE',  ( 2.566391064299998970, 0.6957495076645362486, -0.7918421656782637097 ) ) ;
#899 = CARTESIAN_POINT ( 'NONE',  ( 2.566391064299999858, 0.3077385344773853615, 0.2452603902882611042 ) ) ;
#900 = CARTESIAN_POINT ( 'NONE',  ( 0.7411826345420150508, 0.3000887178040492764, -0.9765721530799813532 ) ) ;
#901 = CARTESIAN_POINT ( 'NONE',  ( -1.258675872299999998, 0.5805125218059536962, 0.07500113882259203113 ) ) ;
#902 = DIMENSIONAL_EXPONENTS ( 1.000000000000000000, 0.000000000000000000, 0.000000000000000000, 0.000000000000000000, 0.000000000000000000, 0.000000000000000000, 0.000000000000000000 ) ;
#903 = CARTESIAN_POINT ( 'NONE',  ( -3.303539882159008734, 0.6707478495016888642, 0.9380076497977564154 ) ) ;
#904 = CARTESIAN_POINT ( 'NONE',  ( -7.371117525048198615, -0.4963068385056812470, -1.892634283388175742 ) ) ;
#905 = ORIENTED_EDGE ( 'NONE', *, *, #2475, .F. ) ;
#906 = CARTESIAN_POINT ( 'NONE',  ( -14.16200804110043876, 0.6849509963132220935, 0.5271425740467444720 ) ) ;
#907 = CARTESIAN_POINT ( 'NONE',  ( 14.33582779230000526, 0.3193767319509610569, -0.08328439289441946780 ) ) ;
#908 = CARTESIAN_POINT ( 'NONE',  ( 3.213516422790840377, -0.1304801191270479610, 0.9116221407555562539 ) ) ;
#909 = CARTESIAN_POINT ( 'NONE',  ( 1.258675872299999554, 0.01348047053781439679, 0.7521891366802642143 ) ) ;
#910 = CARTESIAN_POINT ( 'NONE',  ( 14.03212562116816997, 0.3256191797375139196, -0.09864638753285728812 ) ) ;
#911 = CARTESIAN_POINT ( 'NONE',  ( -1.709135383426808596, 0.1500467319693510326, -0.3663257837426326935 ) ) ;
#912 = CARTESIAN_POINT ( 'NONE',  ( 1.258675872299999776, 0.1315883503442996649, -0.6405433003142100290 ) ) ;
#913 = CARTESIAN_POINT ( 'NONE',  ( 14.33582779229999993, 0.2674099003160529953, -0.01524678816250808061 ) ) ;
#914 = CARTESIAN_POINT ( 'NONE',  ( 11.07124399325339326, 0.4462425609246408187, -0.3578966516271154252 ) ) ;
#915 = CARTESIAN_POINT ( 'NONE',  ( 13.70466465384259536, 0.6899634907101654946, -0.9791568308326753511 ) ) ;
#916 = CARTESIAN_POINT ( 'NONE',  ( 3.303859186126934411, 0.6762393474264822846, -0.9664627145872041192 ) ) ;
#917 = CARTESIAN_POINT ( 'NONE',  ( -7.386171818000079270, -0.7132398193663039843, -2.259746843035629560 ) ) ;
#918 = CARTESIAN_POINT ( 'NONE',  ( -3.213589752484780515, -0.1168679018250990825, -0.8940618296909568219 ) ) ;
#919 = CARTESIAN_POINT ( 'NONE',  ( 7.206226278648663275, 0.9186701738225161451, -0.8519828710019665685 ) ) ;
#920 = EDGE_CURVE ( 'NONE', #3935, #5343, #193, .T. ) ;
#921 = CARTESIAN_POINT ( 'NONE',  ( -11.09442057885043909, 0.8737534325572308136, 1.171281657754245309 ) ) ;
#922 = CARTESIAN_POINT ( 'NONE',  ( -13.69886725817996620, 0.6921930562157840860, 0.9801393552526653785 ) ) ;
#923 = CARTESIAN_POINT ( 'NONE',  ( 3.213510004782701213, -0.1353511786822618190, 0.9181711899273033994 ) ) ;
#924 = CARTESIAN_POINT ( 'NONE',  ( 2.225350519203624700, 0.3417730896412365937, 0.3661999170360556444 ) ) ;
#925 = CARTESIAN_POINT ( 'NONE',  ( -2.566391064299997637, -0.07825348853755237366, -0.7944910689144238924 ) ) ;
#926 = CARTESIAN_POINT ( 'NONE',  ( -7.224177880883544844, 0.8005839797490488241, 0.5343142517184449325 ) ) ;
#927 = CARTESIAN_POINT ( 'NONE',  ( -3.213651668383725291, -0.1038069686510117023, -0.8852147023199614662 ) ) ;
#928 = CARTESIAN_POINT ( 'NONE',  ( -2.566391064299998970, -0.02998582986422305280, -0.7321705169620851272 ) ) ;
#929 = PRODUCT_DEFINITION ( 'UNKNOWN', '', #1869, #5401 ) ;
#930 = CARTESIAN_POINT ( 'NONE',  ( 2.566391064300002078, 0.7596091003275459164, -0.6159999660799205801 ) ) ;
#931 = CARTESIAN_POINT ( 'NONE',  ( 1.662821684044423209, 0.3085776793350238356, -0.2379342221613842123 ) ) ;
#932 = CARTESIAN_POINT ( 'NONE',  ( 13.78438488708295218, 0.7024993329822090127, -0.9504830737824382370 ) ) ;
#933 = CARTESIAN_POINT ( 'NONE',  ( -1.662821684044448300, 0.6312110458033426408, 0.2065252416998755725 ) ) ;
#934 = VERTEX_POINT ( 'NONE', #4861 ) ;
#935 = CARTESIAN_POINT ( 'NONE',  ( -11.10148364600076931, 0.9311323429028446341, 1.546027728980794214 ) ) ;
#936 = CARTESIAN_POINT ( 'NONE',  ( -11.07417952674707884, 0.5378914383674939792, 0.4967191095273477131 ) ) ;
#937 = ORIENTED_EDGE ( 'NONE', *, *, #2367, .F. ) ;
#938 = CARTESIAN_POINT ( 'NONE',  ( -14.14073117768419507, 0.7075018432696067450, 0.5924551702089478900 ) ) ;
#939 = CARTESIAN_POINT ( 'NONE',  ( 2.566391064299999858, -0.008321306930090855564, 0.7037031166301617180 ) ) ;
#940 = CARTESIAN_POINT ( 'NONE',  ( 7.386154684010826976, -0.7106064258956835689, 2.256180166595694647 ) ) ;
#941 = CARTESIAN_POINT ( 'NONE',  ( 1.720727790115325506, 0.007429669185331741130, 0.6784498406074800370 ) ) ;
#942 = CARTESIAN_POINT ( 'NONE',  ( 13.82722551499995767, 0.2756898040375218573, -0.03503067423100503924 ) ) ;
#943 = CARTESIAN_POINT ( 'NONE',  ( -2.566391064299999858, 0.3077385344773853615, -0.2452603902882611042 ) ) ;
#944 = CARTESIAN_POINT ( 'NONE',  ( 0.7411826345420150508, 0.3000887178040492764, -0.9765721530799813532 ) ) ;
#945 = CARTESIAN_POINT ( 'NONE',  ( 14.33582779229998039, 0.2679807126043483034, -0.01591498008967347916 ) ) ;
#946 = CARTESIAN_POINT ( 'NONE',  ( 3.218901523232960304, 0.03163983991847334892, 0.6878323500849991001 ) ) ;
#947 = CARTESIAN_POINT ( 'NONE',  ( 13.69537232616633204, 0.6865952048559555987, -0.9807316653604268852 ) ) ;
#948 = CARTESIAN_POINT ( 'NONE',  ( -1.258675872299999776, -0.01049949573222265162, -0.7723126382064948725 ) ) ;
#949 = CARTESIAN_POINT ( 'NONE',  ( -11.07034230402291541, 0.3729752081712620626, 0.2581651750621936636 ) ) ;
#950 = CARTESIAN_POINT ( 'NONE',  ( -14.33582779230000526, 0.2783397887452312425, 0.02948404386641100342 ) ) ;
#951 = CARTESIAN_POINT ( 'NONE',  ( 3.299243792408767639, 0.8253184467384202527, -0.7853844006150949575 ) ) ;
#952 = CARTESIAN_POINT ( 'NONE',  ( -7.206226278648838246, 0.7519331098393136070, 0.8485312828836539811 ) ) ;
#953 = CARTESIAN_POINT ( 'NONE',  ( -0.7386174579950389729, -0.1392397445097269815, -0.9785090151282151982 ) ) ;
#954 = AXIS2_PLACEMENT_3D ( 'NONE', #5520, #1574, #1196 ) ;
#955 = CARTESIAN_POINT ( 'NONE',  ( 3.213512292437616491, -0.1325012073930175172, 0.9143312445239524244 ) ) ;
#956 = CARTESIAN_POINT ( 'NONE',  ( 2.247598595566947743, 0.1972204350136159412, 0.5134956426529132534 ) ) ;
#957 = CARTESIAN_POINT ( 'NONE',  ( -2.262500976146366582, -0.02340487822272120308, -0.7063544634003661171 ) ) ;
#958 = CARTESIAN_POINT ( 'NONE',  ( -13.96320036115661978, 0.3074701578104513389, 0.06591264872922351914 ) ) ;
#959 = CARTESIAN_POINT ( 'NONE',  ( -11.09036978648003213, 0.9462862337183267636, 1.019677324081973646 ) ) ;
#960 = CARTESIAN_POINT ( 'NONE',  ( -3.213529251250993646, -0.1236729276927652915, -0.9054376516632477445 ) ) ;
#961 = CARTESIAN_POINT ( 'NONE',  ( -2.566391064300002078, -0.02564076338652544751, -0.7264862312844073688 ) ) ;
#962 = CARTESIAN_POINT ( 'NONE',  ( 11.09880415586338387, 1.033705089034388624, -1.371156060070541916 ) ) ;
#963 = CARTESIAN_POINT ( 'NONE',  ( 1.258675872300001775, 0.1977355470822982908, -0.3626335261709172642 ) ) ;
#964 = CARTESIAN_POINT ( 'NONE',  ( 1.258675872299999776, 0.08441072811330309345, 0.6921693337213619124 ) ) ;
#965 = CARTESIAN_POINT ( 'NONE',  ( -1.258675872299999776, 0.5049621239823022245, -0.1995566304058285223 ) ) ;
#966 = ORIENTED_EDGE ( 'NONE', *, *, #27, .T. ) ;
#967 = CARTESIAN_POINT ( 'NONE',  ( -3.304098318535813483, 0.6993873528796313854, 1.016975075516608484 ) ) ;
#968 = CARTESIAN_POINT ( 'NONE',  ( -14.33582779229999460, 0.3863096406821101003, 0.1761466419104591175 ) ) ;
#969 = ORIENTED_EDGE ( 'NONE', *, *, #1807, .F. ) ;
#970 = CARTESIAN_POINT ( 'NONE',  ( 2.566391064299999858, -0.08320413930311053308, 0.8007635174014887669 ) ) ;
#971 = CARTESIAN_POINT ( 'NONE',  ( 14.33582779229999637, 0.2726542069458835482, -0.02220000643435668386 ) ) ;
#972 = CARTESIAN_POINT ( 'NONE',  ( 1.720895146695054612, -0.004519257118140927211, 0.7025303333009660367 ) ) ;
#973 = CARTESIAN_POINT ( 'NONE',  ( -14.18013440098216194, 0.4959022728886257614, 0.3515862390379649316 ) ) ;
#974 = CARTESIAN_POINT ( 'NONE',  ( -2.566391064299997637, 0.1882636112383794802, -0.4298904392063251922 ) ) ;
#975 = CARTESIAN_POINT ( 'NONE',  ( 0.7444503870787636535, 0.2441809847860766935, -0.9740787610724760404 ) ) ;
#976 = CARTESIAN_POINT ( 'NONE',  ( 11.07034150616660817, 0.3704924691408301718, -0.2555475010408330139 ) ) ;
#977 = CARTESIAN_POINT ( 'NONE',  ( 11.07469448229275777, 0.5503367158786203195, -0.5166184563753206671 ) ) ;
#978 = CARTESIAN_POINT ( 'NONE',  ( -3.303956636039224293, 0.7406880169823613080, 1.007533333638091610 ) ) ;
#979 = CARTESIAN_POINT ( 'NONE',  ( 2.566391064299997637, -0.07661484941311179353, 0.7923951102100358357 ) ) ;
#980 = CARTESIAN_POINT ( 'NONE',  ( -0.7434545231798525000, -0.1362288060422186253, -0.9748525489055744897 ) ) ;
#981 = CARTESIAN_POINT ( 'NONE',  ( -11.07034527051784956, 0.3753477752583264659, 0.2612984674688605402 ) ) ;
#982 = CARTESIAN_POINT ( 'NONE',  ( -3.213615528278150890, -0.1139871784106426811, -0.8903210880893761558 ) ) ;
#983 = CARTESIAN_POINT ( 'NONE',  ( 14.33582779230000703, 0.6880568958994336404, -0.5540901755068459167 ) ) ;
#984 = CARTESIAN_POINT ( 'NONE',  ( -2.566391064300008296, 0.5703041776686161857, 0.4427563536196959526 ) ) ;
#985 = CARTESIAN_POINT ( 'NONE',  ( -2.566391064299999858, 0.6722270533746816934, 0.8245793810310619865 ) ) ;
#986 = CARTESIAN_POINT ( 'NONE',  ( 14.33582779230003545, 0.2693676482534038685, -0.01797790243984773509 ) ) ;
#987 = CARTESIAN_POINT ( 'NONE',  ( -1.720804492681427433, 0.002962575455392627097, -0.6874713738426140308 ) ) ;
#988 = CARTESIAN_POINT ( 'NONE',  ( 1.258675872299999998, 0.1979291922254022007, -0.7685086100014798527 ) ) ;
#989 = CARTESIAN_POINT ( 'NONE',  ( -14.33582779229998039, 0.6936435108175201814, 0.7051170685292814655 ) ) ;
#990 = CARTESIAN_POINT ( 'NONE',  ( -7.384623725782351933, -0.6514961270351756761, -2.187813050644402679 ) ) ;
#991 = CARTESIAN_POINT ( 'NONE',  ( -14.33582779229998039, 0.2836425417792225456, 0.03631073067407317861 ) ) ;
#992 = CARTESIAN_POINT ( 'NONE',  ( 7.224177880883544844, 0.8005839797490488241, -0.5343142517184449325 ) ) ;
#993 = CARTESIAN_POINT ( 'NONE',  ( 2.098218654270371797, 0.4115704285964988940, -0.3911808455858607481 ) ) ;
#994 = CARTESIAN_POINT ( 'NONE',  ( 14.05487640619239720, 0.3577323247652825500, -0.1139993765804870884 ) ) ;
#995 = CARTESIAN_POINT ( 'NONE',  ( -1.258675872300000442, 0.3763436361331251589, -0.4067965723205567707 ) ) ;
#996 = ORIENTED_EDGE ( 'NONE', *, *, #2782, .F. ) ;
#997 = CARTESIAN_POINT ( 'NONE',  ( -3.303100320852521143, 0.6661778452089306413, 0.9088836235522343987 ) ) ;
#998 = ORIENTED_EDGE ( 'NONE', *, *, #4508, .T. ) ;
#999 = CARTESIAN_POINT ( 'NONE',  ( 14.33582779229999815, 0.2701732744515621398, -0.01902883247113864099 ) ) ;
#1000 = CARTESIAN_POINT ( 'NONE',  ( -1.720908581422313510, 0.001486660264664716033, -0.7074202122087105415 ) ) ;
#1001 = CARTESIAN_POINT ( 'NONE',  ( 2.262442300276581442, -0.02158375670314488168, 0.7034737657438900893 ) ) ;
#1002 = CARTESIAN_POINT ( 'NONE',  ( -14.07138396974456285, 0.6216689997945149537, 0.7208299326212700420 ) ) ;
#1003 = CARTESIAN_POINT ( 'NONE',  ( -2.231302385539274624, 0.1748530082323091761, -0.3705944238572488336 ) ) ;
#1004 = CARTESIAN_POINT ( 'NONE',  ( 3.230937624101775540, 0.1859465895239929278, 0.4485240998450275574 ) ) ;
#1005 = CARTESIAN_POINT ( 'NONE',  ( -7.163387227860913420, 1.040205650159049533, 1.783283855583146060 ) ) ;
#1006 = CARTESIAN_POINT ( 'NONE',  ( 1.720924605450073530, -0.008643643061017508220, 0.7108299883366144822 ) ) ;
#1007 = CLOSED_SHELL ( 'NONE', ( #3901, #1387, #4377, #3487, #5405, #3824, #2946, #3406, #1468, #1255, #4243, #5021, #250, #1630, #1048, #780, #742, #2176, #2407, #2877, #4009, #4923 ) ) ;
#1008 = CARTESIAN_POINT ( 'NONE',  ( 0.000000000000000000, 0.8110768568541631973, 0.000000000000000000 ) ) ;
#1009 = CARTESIAN_POINT ( 'NONE',  ( -14.33582779229999815, 0.2704526532233019198, 0.01938259105669673868 ) ) ;
#1010 = CARTESIAN_POINT ( 'NONE',  ( -3.214087212473088151, -0.08391291373009442112, -0.8506140591146932328 ) ) ;
#1011 = CARTESIAN_POINT ( 'NONE',  ( 2.566391064300002078, 0.7713698616263573449, -0.5224859428081213286 ) ) ;
#1012 = CARTESIAN_POINT ( 'NONE',  ( 2.566391064299991864, -0.05180395374162454630, 0.7605212772217248007 ) ) ;
#1013 = CARTESIAN_POINT ( 'NONE',  ( -11.10035332575002087, 0.9167930851687232652, 1.445035245959855663 ) ) ;
#1014 = CARTESIAN_POINT ( 'NONE',  ( -1.258675872299999998, -0.01950535454876051178, -0.7815950635642050504 ) ) ;
#1015 = CARTESIAN_POINT ( 'NONE',  ( 7.386173566417115310, -0.7139693189465549095, 2.260429581679272992 ) ) ;
#1016 = CARTESIAN_POINT ( 'NONE',  ( -1.258675872299998444, -0.008572472880884382182, -0.7502428487487583508 ) ) ;
#1017 = CARTESIAN_POINT ( 'NONE',  ( -2.566391064299997637, 0.1140341167906406689, -0.6068736868196039635 ) ) ;
#1018 = CARTESIAN_POINT ( 'NONE',  ( -11.07034150616660817, 0.3704924691408301718, 0.2555475010408330139 ) ) ;
#1019 = CARTESIAN_POINT ( 'NONE',  ( -14.33582779230000703, 0.3064766369093352982, 0.06613099216724364904 ) ) ;
#1020 = CARTESIAN_POINT ( 'NONE',  ( 7.274768759909084892, 0.4158831620880453217, 0.3066911187095764935 ) ) ;
#1021 = CARTESIAN_POINT ( 'NONE',  ( 1.652301502329886373, 0.3002218118772553290, -0.3895229689514334570 ) ) ;
#1022 = CARTESIAN_POINT ( 'NONE',  ( 2.566391064299999858, -0.04582186105604446613, 0.7636335334963872956 ) ) ;
#1023 = CARTESIAN_POINT ( 'NONE',  ( -1.258675872299999554, 0.2083066641405514619, -0.5831564443598616920 ) ) ;
#1024 = ORIENTED_EDGE ( 'NONE', *, *, #319, .T. ) ;
#1025 = CARTESIAN_POINT ( 'NONE',  ( -14.33582779229999815, 0.6214170373370894174, 0.8360756231690340545 ) ) ;
#1026 = ORIENTED_EDGE ( 'NONE', *, *, #1894, .F. ) ;
#1027 = DIRECTION ( 'NONE',  ( 1.000000000000000000, 0.000000000000000000, 0.000000000000000000 ) ) ;
#1028 = CARTESIAN_POINT ( 'NONE',  ( 2.566391064299999858, -0.07927883805696653297, 0.7958033141430932433 ) ) ;
#1029 = CARTESIAN_POINT ( 'NONE',  ( -1.258675872300000442, -0.01943587171449334683, -0.7817564098510444426 ) ) ;
#1030 = CARTESIAN_POINT ( 'NONE',  ( 1.258675872300001997, -0.006434591268605966384, 0.7444230435822378755 ) ) ;
#1031 = CARTESIAN_POINT ( 'NONE',  ( -14.10199826747517449, 0.3682731598827653219, 0.1563069181216905634 ) ) ;
#1032 = CARTESIAN_POINT ( 'NONE',  ( -1.644172742592869163, 0.2760642704689664217, 0.5343690126978137833 ) ) ;
#1033 = CARTESIAN_POINT ( 'NONE',  ( 3.226094156120800527, 0.1313652911311343763, 0.5358584106946419068 ) ) ;
#1034 = CARTESIAN_POINT ( 'NONE',  ( -7.175300563889513761, 1.076236834009815402, 1.456327174614377329 ) ) ;
#1035 = CARTESIAN_POINT ( 'NONE',  ( 2.566391064299997637, -0.07479368733302708960, 0.7900658545966739998 ) ) ;
#1036 = CARTESIAN_POINT ( 'NONE',  ( 0.000000000000000000, 0.8110768568541631973, 0.000000000000000000 ) ) ;
#1037 = CARTESIAN_POINT ( 'NONE',  ( -3.213528586439363011, -0.1267400081197260775, -0.9068043663614717698 ) ) ;
#1038 = CARTESIAN_POINT ( 'NONE',  ( -3.214291896165190732, -0.07515718441279953255, -0.8388307074689158593 ) ) ;
#1039 = CARTESIAN_POINT ( 'NONE',  ( 3.279372303911492370, 0.7712596311940945748, -0.3183002607017219598 ) ) ;
#1040 = CARTESIAN_POINT ( 'NONE',  ( 3.213589752484780515, -0.1168679018250990825, 0.8940618296909568219 ) ) ;
#1041 = CARTESIAN_POINT ( 'NONE',  ( 1.224807099046314907, 0.6492237216765115448, 0.07307682243511189057 ) ) ;
#1042 = CARTESIAN_POINT ( 'NONE',  ( -13.70018043049269529, 0.6917967560222235690, 0.9799168029309071049 ) ) ;
#1043 = CARTESIAN_POINT ( 'NONE',  ( -1.258675872300001997, -0.006434591268605966384, -0.7444230435822378755 ) ) ;
#1044 = CARTESIAN_POINT ( 'NONE',  ( 3.226094156120800527, 0.1313652911311343763, 0.5358584106946419068 ) ) ;
#1045 = CARTESIAN_POINT ( 'NONE',  ( -14.33582779230000703, 0.5283868550154183774, 0.2867215373024558089 ) ) ;
#1046 = CARTESIAN_POINT ( 'NONE',  ( -7.386177305473072607, -0.7153244911296964270, -2.262584201630299496 ) ) ;
#1047 = CARTESIAN_POINT ( 'NONE',  ( -14.33582779229999815, 0.3279159597904183210, 0.09476584664222401089 ) ) ;
#1048 = ADVANCED_FACE ( 'NONE', ( #3615, #2810 ), #1377, .T. ) ;
#1049 = B_SPLINE_SURFACE_WITH_KNOTS ( 'NONE', 3, 3, ( 
 ( #1534, #1559, #5046, #2425 ),
 ( #4165, #1078, #3254, #2400 ),
 ( #1993, #5427, #4138, #648 ),
 ( #242, #5020, #3734, #218 ),
 ( #3684, #5479, #1129, #1969 ),
 ( #3710, #2876, #4994, #3307 ),
 ( #1507, #5455, #4617, #3281 ),
 ( #1105, #2852, #4592, #4524 ),
 ( #2357, #659, #4951, #2836 ),
 ( #1518, #4577, #548, #1493 ),
 ( #1090, #3239, #2385, #2329 ),
 ( #2725, #3266, #227, #2751 ),
 ( #1436, #5004, #2410, #1866 ),
 ( #4069, #4551, #4147, #3584 ),
 ( #3155, #3668, #119, #1063 ),
 ( #5320, #4038, #5412, #4979 ),
 ( #4464, #4921, #2809, #3182 ),
 ( #634, #1006, #4123, #4098 ),
 ( #1409, #5352, #4494, #577 ),
 ( #4892, #203, #2780, #979 ),
 ( #3614, #147, #3694, #1897 ),
 ( #3642, #1953, #2300, #5382 ),
 ( #5439, #1465, #3212, #1035 ),
 ( #606, #176, #1926, #2718 ),
 ( #4033, #972, #1370, #4062 ),
 ( #3577, #4546, #1891, #3148 ),
 ( #4884, #4092, #3117, #3608 ),
 ( #4854, #4974, #1920, #2804 ),
 ( #2324, #142, #3663, #5313 ),
 ( #171, #510, #3637, #4429 ),
 ( #1030, #1058, #114, #572 ),
 ( #5376, #4458, #542, #85 ),
 ( #2294, #1488, #1001, #2263 ),
 ( #4002, #941, #2775, #1861 ),
 ( #2688, #4916, #5347, #1831 ),
 ( #1402, #1431, #3177, #2746 ),
 ( #4489, #1459, #2379, #3207 ),
 ( #4946, #4518, #601, #5407 ),
 ( #2352, #5283, #3234, #628 ),
 ( #4118, #197, #1948, #4219 ),
 ( #2505, #298, #2881, #4673 ),
 ( #4596, #5507, #5434, #1563 ),
 ( #2049, #2856, #1513, #3260 ),
 ( #1588, #3337, #702, #2453 ),
 ( #3790, #4142, #1614, #325 ),
 ( #3762, #222, #4621, #1973 ),
 ( #5075, #2404, #3714, #4192 ),
 ( #5535, #1134, #5459, #3689 ),
 ( #3363, #4246, #5050, #4999 ),
 ( #654, #4169, #5103, #3311 ),
 ( #1185, #1158, #272, #2906 ),
 ( #2933, #2021, #756, #2479 ),
 ( #679, #1538, #246, #4645 ),
 ( #728, #3286, #5026, #1084 ),
 ( #2831, #1109, #2429, #1997 ),
 ( #4572, #3738, #5484, #2647 ),
 ( #2532, #3843, #2189, #4272 ),
 ( #351, #4355, #2076, #3505 ),
 ( #3929, #4389, #3816, #4782 ),
 ( #5644, #783, #868, #2615 ),
 ( #1270, #3447, #5588, #1213 ),
 ( #2104, #1330, #4326, #1670 ),
 ( #3420, #437, #5561, #379 ),
 ( #1644, #1757, #13, #5244 ),
 ( #4753, #2586, #3078, #5157 ),
 ( #4813, #2961, #407, #4699 ),
 ( #3475, #1241, #5213, #899 ),
 ( #1726, #2158, #2991, #4726 ),
 ( #810, #2559, #3391, #3019 ),
 ( #4299, #2131, #5130, #3870 ),
 ( #1298, #5616, #1698, #5185 ),
 ( #837, #3047, #3898, #4084 ),
 ( #45, #564, #2678, #3629 ),
 ( #1911, #931, #2315, #134 ),
 ( #1392, #1481, #3139, #1883 ),
 ( #963, #1423, #3169, #3226 ),
 ( #4937, #1021, #5397, #2253 ),
 ( #4053, #4907, #993, #4418 ),
 ( #500, #163, #2796, #1451 ),
 ( #3992, #5336, #76, #2709 ),
 ( #4844, #1822, #2738, #4480 ),
 ( #4966, #3535, #5367, #3107 ),
 ( #3567, #2766, #105, #5273 ),
 ( #5304, #4875, #3656, #4510 ),
 ( #1851, #3197, #4449, #1360 ),
 ( #469, #531, #2284, #4024 ),
 ( #2220, #3598, #592, #2344 ),
 ( #3960, #1790, #1051, #2902 ),
 ( #1506, #4591, #3280, #5503 ),
 ( #5019, #1608, #673, #3253 ),
 ( #698, #723, #3733, #2372 ),
 ( #4993, #3306, #3357, #241 ),
 ( #190, #2473, #3783, #1077 ),
 ( #4641, #4164, #4213, #5096 ),
 ( #620, #292, #2822, #1104 ),
 ( #1992, #2042, #5529, #2449 ),
 ( #268, #4566, #5426, #217 ),
 ( #3709, #1533, #5454, #4188 ),
 ( #2017, #5478, #3758, #647 ),
 ( #4111, #4616, #1179, #2399 ),
 ( #2851, #4538, #1941, #1583 ),
 ( #2424, #4137, #1558, #3332 ),
 ( #5045, #3683, #1968, #1154 ),
 ( #1128, #2875, #5071, #5236 ),
 ( #5636, #2954, #830, #1637 ),
 ( #3468, #429, #2124, #4291 ),
 ( #2070, #859, #2927, #2097 ),
 ( #776, #4348, #1748, #1206 ),
 ( #1664, #3891, #2608, #2181 ),
 ( #2499, #3012, #5124, #400 ),
 ( #3921, #3384, #4746, #2579 ),
 ( #5, #5582, #4319, #3498 ),
 ( #3863, #5609, #4666, #1718 ),
 ( #5206, #750, #4693, #2151 ),
 ( #1691, #3440, #2526, #3040 ),
 ( #4239, #318, #1291, #4775 ),
 ( #5178, #4266, #5150, #3810 ),
 ( #345, #1262, #5555, #3837 ),
 ( #3413, #1234, #2982, #4719 ),
 ( #802, #2552, #372, #3560 ),
 ( #4381, #2671, #462, #1353 ),
 ( #2212, #3953, #3100, #4836 ),
 ( #524, #4805, #4412, #2638 ),
 ( #37, #1384, #924, #891 ),
 ( #1782, #3528, #2702, #3131 ),
 ( #494, #69, #5267, #2246 ),
 ( #2277, #3985, #1815, #5297 ),
 ( #1322, #4868, #956, #4443 ),
 ( #3069, #4703, #3971, #5253 ),
 ( #3848, #1276, #5621, #2198 ),
 ( #1703, #55, #3025, #5593 ),
 ( #1339, #1675, #3545, #2109 ),
 ( #3425, #5651, #1800, #2593 ),
 ( #2537, #4822, #479, #5162 ),
 ( #3087, #844, #4304, #3453 ),
 ( #2564, #2966, #1733, #3939 ),
 ( #2231, #3482, #4731, #384 ),
 ( #22, #787, #5191, #2165 ),
 ( #909, #3514, #4398, #4333 ),
 ( #2136, #2657, #1246, #1306 ),
 ( #5220, #3875, #1218, #4760 ),
 ( #4364, #1767, #815, #4790 ),
 ( #414, #3906, #2996, #3055 ),
 ( #4276, #877, #2624, #447 ),
 ( #356, #3835, #5580, #4717 ),
 ( #3038, #1662, #3889, #828 ),
 ( #3411, #774, #5148, #1232 ),
 ( #1689, #1204, #2980, #2952 ),
 ( #3466, #800, #3808, #1635 ),
 ( #2550, #5553, #2149, #3382 ) ),
 .UNSPECIFIED., .T., .F., .F.,
 ( 4, 1, 1, 1, 1, 1, 1, 1, 1, 1, 1, 1, 1, 1, 1, 1, 1, 1, 1, 1, 1, 1, 1, 1, 1, 1, 1, 1, 1, 1, 1, 1, 1, 1, 1, 1, 1, 1, 1, 1, 1, 1, 1, 1, 1, 1, 1, 1, 1, 1, 1, 1, 1, 1, 1, 1, 1, 1, 1, 1, 1, 1, 1, 1, 1, 1, 1, 1, 1, 1, 1, 1, 1, 1, 1, 1, 1, 1, 1, 1, 1, 1, 1, 1, 1, 1, 1, 1, 1, 1, 1, 2, 1, 1, 1, 1, 1, 1, 1, 1, 1, 1, 1, 1, 1, 1, 1, 1, 1, 1, 1, 1, 1, 1, 1, 1, 1, 1, 1, 1, 1, 1, 1, 1, 1, 1, 1, 1, 1, 1, 1, 1, 1, 1, 1, 1, 1, 1, 1, 1, 1, 1, 1, 1, 1, 1, 4 ),
 ( 4, 4 ),
 ( 0.000000000000000000, 0.0004614560975047514598, 0.0006921841462571271626, 0.0009229121950095029196, 0.001153640243761878568, 0.001384368292514254325, 0.001615096341266629865, 0.001845824390019005839, 0.002076552438771381813, 0.002307280487523757136, 0.002538008536276132893, 0.002768736585028508650, 0.002999464633780883974, 0.003230192682533259731, 0.003460920731285635488, 0.003691648780038011678, 0.003922376828790387002, 0.004153104877542763626, 0.004383832926295138516, 0.004614560975047514273, 0.004845289023799890030, 0.005076017072552265787, 0.005537473170057017301, 0.006460385365066519461, 0.007383297560076023357, 0.008306209755085527252, 0.008767665852590277031, 0.009229121950095028545, 0.01015203414510453157, 0.01107494634011403460, 0.01199785853512353589, 0.01292077073013303892, 0.01384368292514254195, 0.01476659512015204671, 0.01568950731516154801, 0.01661241951017105450, 0.01845824390019005709, 0.02030406829020906315, 0.02214989268022806920, 0.02399571707024707179, 0.02584154146026607785, 0.02768736585028508390, 0.02953319024030409343, 0.03137901463032309601, 0.03322483902034210901, 0.03691648780038011418, 0.04060813658041812629, 0.04429978536045613841, 0.04799143414049414358, 0.05168308292053215569, 0.05537473170057016780, 0.05906638048060818685, 0.06275802926064619203, 0.06644967804068421802, 0.07014132682072221625, 0.07383297560076022836, 0.08121627316083625259, 0.08859957072091227681, 0.09598286828098828716, 0.1033661658410643114, 0.1107494634011403495, 0.1181327609612163737, 0.1328993560813684360, 0.1476659512015204567, 0.1624325463216725052, 0.1771991414418245536, 0.1919657365619766021, 0.2067323316821286228, 0.2362655219224327474, 0.2510321170425848236, 0.2657987121627368721, 0.2805653072828888650, 0.2953319024030409135, 0.3100984975231929619, 0.3248650926433450103, 0.3396316877634970588, 0.3543982828836491072, 0.3691648780038011557, 0.3839314731239531486, 0.3913147706840292006, 0.3986980682441051971, 0.4060813658041812491, 0.4134646633642572455, 0.4208479609243332420, 0.4282312584844092940, 0.4356145560444853460, 0.4429978536045613424, 0.4503811511646373944, 0.4577644487247134464, 0.4651477462847894428, 0.4688393950648274133, 0.4725310438448654948, 0.4766518950648274133, 0.4807727462847894428, 0.4848935975047514169, 0.4890144487247134464, 0.4931352999446754204, 0.4972561511646373944, 0.5013770023845994794, 0.5054978536045613424, 0.5137395560444852904, 0.5219812584844093495, 0.5302229609243332975, 0.5384646633642572455, 0.5467063658041813046, 0.5549480682441051416, 0.5714314731239531486, 0.5879148780038011557, 0.6043982828836491628, 0.6208816877634970588, 0.6373650926433449548, 0.6538484975231928509, 0.6703319024030409690, 0.6868153072828888650, 0.7032987121627368721, 0.7362655219224327752, 0.7692323316821287893, 0.7857157365619766853, 0.8021991414418245814, 0.8186825463216724774, 0.8351659512015203735, 0.8516493560813682695, 0.8681327609612163876, 0.8846161658410642836, 0.9010995707209121797, 0.9093412731608361277, 0.9175829756007600757, 0.9258246780406840237, 0.9340663804806081938, 0.9423080829205321418, 0.9505497853604560898, 0.9587914878003800379, 0.9670331902403042079, 0.9752748926802279339, 0.9793957439001899079, 0.9835165951201518819, 0.9876374463401138559, 0.9917582975600760520, 0.9938187231700568169, 0.9958791487800380260, 0.9979395743900192350, 0.9989697871950096175, 0.9994848935975049198, 0.9997424467987523489, 0.9998712233993762855, 0.9999356116996880317, 1.000000000000000000 ),
 ( 0.000000000000000000, 1.000000000000000000 ),
 .UNSPECIFIED. ) ;
#1050 = CARTESIAN_POINT ( 'NONE',  ( 11.09312386627868996, 0.9887662196647960533, -1.119550041320744427 ) ) ;
#1051 = CARTESIAN_POINT ( 'NONE',  ( 2.069988952239612878, 0.4234369615795224306, -0.7038802718960488480 ) ) ;
#1052 = CARTESIAN_POINT ( 'NONE',  ( 13.96320036115661978, 0.3074701578104513389, -0.06591264872922351914 ) ) ;
#1053 = CARTESIAN_POINT ( 'NONE',  ( -1.714286537491270579, 0.2306390543516924352, -0.5004458039333843367 ) ) ;
#1054 = CARTESIAN_POINT ( 'NONE',  ( -0.7371909244550558515, -0.1367866873731999888, -0.9795835021206150683 ) ) ;
#1055 = EDGE_LOOP ( 'NONE', ( #905, #1796 ) ) ;
#1056 = CARTESIAN_POINT ( 'NONE',  ( 2.566391064300002078, -0.08037778763685374250, 0.7972118829136807250 ) ) ;
#1057 = CARTESIAN_POINT ( 'NONE',  ( -2.566391064299995861, -0.01622356744675454779, -0.7347961715825491735 ) ) ;
#1058 = CARTESIAN_POINT ( 'NONE',  ( 1.720804492681427433, 0.002962575455392627097, 0.6874713738426140308 ) ) ;
#1059 = CARTESIAN_POINT ( 'NONE',  ( -14.03212562116816997, 0.3256191797375139196, 0.09864638753285728812 ) ) ;
#1060 = CARTESIAN_POINT ( 'NONE',  ( -2.566391064300002967, 0.5927819783407167753, 0.7572260581112906230 ) ) ;
#1061 = CARTESIAN_POINT ( 'NONE',  ( 2.566391064299997637, 0.2471349405917736275, 0.3412206610928471551 ) ) ;
#1062 = CARTESIAN_POINT ( 'NONE',  ( -2.566391064300000302, 0.7462321566845196985, 0.6773908150377587756 ) ) ;
#1063 = CARTESIAN_POINT ( 'NONE',  ( 2.566391064299998082, -0.07934525757019601777, 0.7958882163432529078 ) ) ;
#1064 = CARTESIAN_POINT ( 'NONE',  ( -1.127478027625156587, 0.01587692412374426543, -0.4940839400168658968 ) ) ;
#1065 = CARTESIAN_POINT ( 'NONE',  ( -11.07069299799159623, 0.4166779257763771893, 0.3163055910777382018 ) ) ;
#1066 = CARTESIAN_POINT ( 'NONE',  ( 14.33582779230000703, 0.5283868550154183774, -0.2867215373024558089 ) ) ;
#1067 = CARTESIAN_POINT ( 'NONE',  ( 11.07040097095111086, 0.3891923122878427899, -0.2792895264356445861 ) ) ;
#1068 = CARTESIAN_POINT ( 'NONE',  ( -3.304021602647416067, 0.6824678454031239960, 0.9894673399257897239 ) ) ;
#1069 = CARTESIAN_POINT ( 'NONE',  ( -1.183745904150338868, 0.7227127685126583101, 0.3310247496589551197 ) ) ;
#1070 = CARTESIAN_POINT ( 'NONE',  ( 11.07369039069951988, 0.5254823841729626688, -0.4771168669443424104 ) ) ;
#1071 = CARTESIAN_POINT ( 'NONE',  ( -7.351471060367160248, -0.2485512509900815459, -1.553142409531652390 ) ) ;
#1072 = CARTESIAN_POINT ( 'NONE',  ( -3.213512292437616491, -0.1325012073930175172, -0.9143312445239524244 ) ) ;
#1073 = CARTESIAN_POINT ( 'NONE',  ( -2.566391064299999414, 0.05999438013027987016, -0.6118540259425592209 ) ) ;
#1074 = CARTESIAN_POINT ( 'NONE',  ( -11.07522234758753399, 0.6160954849236158770, 0.5282973578941886350 ) ) ;
#1075 = B_SPLINE_CURVE_WITH_KNOTS ( 'NONE', 3,
 ( #4618, #3659, #2018, #2374, #2825, #4541, #5372, #1484, #1455, #699, #1943, #219, #3711, #2450, #2426, #4166, #1994, #3201, #3308, #3229, #4113, #3255, #4568, #3282, #1054, #1508, #1106, #4995 ),
 .UNSPECIFIED., .F., .F.,
 ( 4, 1, 1, 1, 1, 1, 1, 1, 1, 1, 1, 1, 1, 1, 1, 1, 1, 1, 1, 1, 1, 1, 1, 1, 1, 4 ),
 ( 0.5000000000000000000, 0.5005408858997337784, 0.5038025262993266473, 0.5314428736485379279, 0.5579801329371434360, 0.5664262989871529097, 0.5841051283058658061, 0.6011114366527812169, 0.6223792671221959338, 0.6330776538510651807, 0.6629671682290771972, 0.6919931874275775385, 0.7219150413458930160, 0.7525619998980526137, 0.7548643554379765863, 0.7896017132647896730, 0.8324221744713882210, 0.9131801708613549451, 0.9568848395433335874, 0.9756529348422964265, 0.9936599592682702209, 0.9983556958261430303, 0.9995219610753198758, 0.9996941019960270403, 0.9998254599814011545, 1.000000000000000000 ),
 .UNSPECIFIED. ) ;
#1076 = CARTESIAN_POINT ( 'NONE',  ( 7.233806467536788354, 0.7318623045261507531, -0.3693627190628174795 ) ) ;
#1077 = CARTESIAN_POINT ( 'NONE',  ( 2.566391064299999414, 0.6174906502393926466, -0.8331579755256308673 ) ) ;
#1078 = CARTESIAN_POINT ( 'NONE',  ( 1.720942056790966346, -0.01534954628543047130, 0.7237918535545119214 ) ) ;
#1079 = CARTESIAN_POINT ( 'NONE',  ( 2.566391064299999858, 0.6212848363331431312, -0.8359788181397669327 ) ) ;
#1080 = ORIENTED_EDGE ( 'NONE', *, *, #4095, .F. ) ;
#1081 = PRODUCT_CONTEXT ( 'NONE', #4964, 'mechanical' ) ;
#1082 = CARTESIAN_POINT ( 'NONE',  ( 7.386171818000079270, -0.7132398193663039843, 2.259746843035629560 ) ) ;
#1083 = CARTESIAN_POINT ( 'NONE',  ( -2.256419261476645843, 0.1098232179034296790, -0.5961144000712961244 ) ) ;
#1084 = CARTESIAN_POINT ( 'NONE',  ( 2.566391064299995861, 0.05918657546456605745, 0.6129591860306369266 ) ) ;
#1085 = CARTESIAN_POINT ( 'NONE',  ( -14.14749800356084464, 0.5983866404619835322, 0.5752907433600765730 ) ) ;
#1086 = CARTESIAN_POINT ( 'NONE',  ( -1.640505203898496411, 0.2613854967180910815, 0.6206654753475427944 ) ) ;
#1087 = B_SPLINE_CURVE_WITH_KNOTS ( 'NONE', 3,
 ( #1437, #3183, #1494, #1467 ),
 .UNSPECIFIED., .F., .F.,
 ( 4, 4 ),
 ( 0.000000000000000000, 0.0006892361649281883744 ),
 .UNSPECIFIED. ) ;
#1088 = CARTESIAN_POINT ( 'NONE',  ( 14.33582779230001236, 0.3781240591071504120, -0.1644088834714222402 ) ) ;
#1089 = CARTESIAN_POINT ( 'NONE',  ( -7.164340906729647074, 1.075182378542708372, 1.741592395098961576 ) ) ;
#1090 = CARTESIAN_POINT ( 'NONE',  ( 1.258675872299999332, -0.01749536608269076227, 0.7746163054740434761 ) ) ;
#1091 = CARTESIAN_POINT ( 'NONE',  ( -1.258675872299999776, 0.5733481183677442417, 0.5199713544341112437 ) ) ;
#1092 = CARTESIAN_POINT ( 'NONE',  ( -11.07073728560295045, 0.4196067331776577869, 0.3203478976752118235 ) ) ;
#1093 = CARTESIAN_POINT ( 'NONE',  ( 7.368729077970226804, -0.4272308187102693555, 1.854771617564771713 ) ) ;
#1094 = CARTESIAN_POINT ( 'NONE',  ( 7.385981291795688186, -0.6993986750484376680, 2.240880839983709016 ) ) ;
#1095 = CARTESIAN_POINT ( 'NONE',  ( -3.301654468253182539, 0.6566147840802608604, 0.8391334300910827659 ) ) ;
#1096 = CARTESIAN_POINT ( 'NONE',  ( -1.258675872299999776, 0.4430490530218027523, 0.7425673861385798658 ) ) ;
#1097 = CARTESIAN_POINT ( 'NONE',  ( 2.566391064300002078, 0.1891136037465094566, 0.4286353803628195624 ) ) ;
#1098 = CARTESIAN_POINT ( 'NONE',  ( -2.566391064300004743, 0.09176024632099040457, -0.6290280174422913095 ) ) ;
#1099 = CARTESIAN_POINT ( 'NONE',  ( -7.386174997647644069, -0.7139329191397839613, -2.260850466524851221 ) ) ;
#1100 = CARTESIAN_POINT ( 'NONE',  ( -11.07065122060922491, 0.4137556430914575700, 0.3122903471935525310 ) ) ;
#1101 = CARTESIAN_POINT ( 'NONE',  ( 11.10167298898695165, 0.9597866712645070075, -1.601643713615258147 ) ) ;
#1102 = CARTESIAN_POINT ( 'NONE',  ( -7.292176374197435251, 0.2736092799474017512, -0.5868743914152206864 ) ) ;
#1103 = CARTESIAN_POINT ( 'NONE',  ( 11.08164853378435311, 0.7749678437405405074, -0.7390869957795198619 ) ) ;
#1104 = CARTESIAN_POINT ( 'NONE',  ( 2.566391064300001190, 0.6364509809057845580, -0.8416613285787714061 ) ) ;
#1105 = CARTESIAN_POINT ( 'NONE',  ( 1.258675872300002663, -0.01828197967662992945, 0.7769223522678041505 ) ) ;
#1106 = CARTESIAN_POINT ( 'NONE',  ( -0.7374473134651977624, -0.1380869617704678920, -0.9793905479893165733 ) ) ;
#1107 = CARTESIAN_POINT ( 'NONE',  ( 14.33582779229999637, 0.2726542069458835482, -0.02220000643435668386 ) ) ;
#1108 = CARTESIAN_POINT ( 'NONE',  ( -2.566391064299998970, -0.08067158996245335500, -0.7989197087461041846 ) ) ;
#1109 = CARTESIAN_POINT ( 'NONE',  ( 1.716376275880048263, 0.08822252475089248369, 0.5083591025712673739 ) ) ;
#1110 = CARTESIAN_POINT ( 'NONE',  ( -13.96320036115661978, 0.3074701578104513389, 0.06591264872922351914 ) ) ;
#1111 = CARTESIAN_POINT ( 'NONE',  ( -1.258675872300001775, 0.1977355470822982908, 0.3626335261709172642 ) ) ;
#1112 = CARTESIAN_POINT ( 'NONE',  ( 7.165814774072229554, 0.9890606608894415563, -1.662907980941417563 ) ) ;
#1113 = CARTESIAN_POINT ( 'NONE',  ( -3.303007708879138082, 0.7882088167290565162, 0.9397676258432556828 ) ) ;
#1114 = CARTESIAN_POINT ( 'NONE',  ( -0.7657418752678478713, 0.4131215229147278123, 0.9574331030381428853 ) ) ;
#1115 = CARTESIAN_POINT ( 'NONE',  ( -1.258675872299999776, 0.2092219918565692005, 0.02709910741786038940 ) ) ;
#1116 = CARTESIAN_POINT ( 'NONE',  ( -2.566391064300006963, -0.04961530160187875571, -0.7576914311768707666 ) ) ;
#1117 = CARTESIAN_POINT ( 'NONE',  ( 14.33582779229998749, 0.4658381063775989817, -0.2162488721527708602 ) ) ;
#1118 = CARTESIAN_POINT ( 'NONE',  ( 11.07039222437198411, 0.3877634028198636562, -0.2774124566565996375 ) ) ;
#1119 = CARTESIAN_POINT ( 'NONE',  ( 1.215889019752888656, 0.7207197982964672622, -0.1801475112482813223 ) ) ;
#1120 = CARTESIAN_POINT ( 'NONE',  ( -1.258675872299999776, 0.1241863558087338976, -0.3588501414392746280 ) ) ;
#1121 = CARTESIAN_POINT ( 'NONE',  ( 3.219632743142198272, 0.04366231369196243994, 0.6700668538369307647 ) ) ;
#1122 = CARTESIAN_POINT ( 'NONE',  ( -3.230937624101776873, 0.2776632843524307614, -0.4625452691259948068 ) ) ;
#1123 = CARTESIAN_POINT ( 'NONE',  ( -7.386177491354573910, -0.7164007908634324462, -2.263111976183185270 ) ) ;
#1124 = CARTESIAN_POINT ( 'NONE',  ( -3.216946304780028854, -0.004273707827704060526, -0.7400436602281175169 ) ) ;
#1125 = CARTESIAN_POINT ( 'NONE',  ( -1.229655614175521716, 0.09431884930773759557, 0.09144961687170662101 ) ) ;
#1126 = CARTESIAN_POINT ( 'NONE',  ( -3.227620180279187512, 0.2306770604137783343, -0.5196885365781672705 ) ) ;
#1127 = CARTESIAN_POINT ( 'NONE',  ( 14.33582779229999815, 0.3898188547346174149, -0.1368295640911756372 ) ) ;
#1128 = CARTESIAN_POINT ( 'NONE',  ( 1.258675872299999776, 0.4556115661436769271, -0.7304267659753671538 ) ) ;
#1129 = CARTESIAN_POINT ( 'NONE',  ( 2.262868901858308135, -0.04508877998531116149, 0.7409109435841142455 ) ) ;
#1130 = AXIS2_PLACEMENT_3D ( 'NONE', #283, #2033, #1170 ) ;
#1131 = CARTESIAN_POINT ( 'NONE',  ( 1.258675872299999776, 0.4775784253650838251, 0.3511043369514059154 ) ) ;
#1132 = CARTESIAN_POINT ( 'NONE',  ( 11.07035534908020402, 0.3795854631468402185, -0.2667616916994368648 ) ) ;
#1133 = CARTESIAN_POINT ( 'NONE',  ( 13.69959855006813143, 0.6827332750969600239, -0.9781930249136979727 ) ) ;
#1134 = CARTESIAN_POINT ( 'NONE',  ( 1.719171185472962327, 0.04952777485287548909, 0.5916370098613288331 ) ) ;
#1135 = DIRECTION ( 'NONE',  ( -0.000000000000000000, -1.000000000000000000, -0.000000000000000000 ) ) ;
#1136 = CARTESIAN_POINT ( 'NONE',  ( -1.258675872299999776, 0.1635333554611950180, 0.7473610422882445148 ) ) ;
#1137 = CARTESIAN_POINT ( 'NONE',  ( 2.566391064299992752, 0.5662835875113934048, -0.3856553806160232245 ) ) ;
#1138 = CARTESIAN_POINT ( 'NONE',  ( -14.33582779229999815, 0.6629321557264521436, 0.8072173364576378241 ) ) ;
#1139 = CARTESIAN_POINT ( 'NONE',  ( 0.7376361199289190873, -0.1382729668552167557, 0.9792483099170830041 ) ) ;
#1140 = CARTESIAN_POINT ( 'NONE',  ( -2.262140423243479415, -0.01371793520925627431, -0.6909995817351626268 ) ) ;
#1141 = CARTESIAN_POINT ( 'NONE',  ( -1.258675872299999776, 0.5787196340063335276, 0.06479956625366060929 ) ) ;
#1142 = CARTESIAN_POINT ( 'NONE',  ( -3.215397473195360512, -0.03989307114934553117, -0.7904249929017733711 ) ) ;
#1143 = CARTESIAN_POINT ( 'NONE',  ( 2.566391064299997637, 0.1140341167906406689, 0.6068736868196039635 ) ) ;
#1144 = CARTESIAN_POINT ( 'NONE',  ( 3.213802637995188505, -0.09917191526893427700, 0.8709091624861012848 ) ) ;
#1145 = CARTESIAN_POINT ( 'NONE',  ( 2.566391064299999858, 0.6032863961049004242, -0.8225976170261386500 ) ) ;
#1146 = CARTESIAN_POINT ( 'NONE',  ( -1.042652361945180850, -0.02694323924675183154, -0.6535839991453912257 ) ) ;
#1147 = CARTESIAN_POINT ( 'NONE',  ( 7.358886296063404053, -0.3809938565424389467, 1.671135434336687986 ) ) ;
#1148 = CARTESIAN_POINT ( 'NONE',  ( -14.33582779229998749, 0.3341538386277156936, 0.08143103141811991463 ) ) ;
#1149 = CARTESIAN_POINT ( 'NONE',  ( -11.07034527051784956, 0.3753477752583264659, 0.2612984674688605402 ) ) ;
#1150 = CARTESIAN_POINT ( 'NONE',  ( -7.362364418996402371, -0.4124702315618016257, -1.732521220601438428 ) ) ;
#1151 = CARTESIAN_POINT ( 'NONE',  ( -0.7386174579950411934, -0.1392397445097260655, -0.9785090151282140880 ) ) ;
#1152 = CARTESIAN_POINT ( 'NONE',  ( -2.566391064299998970, 0.4355439593839210421, -0.2624763984249821047 ) ) ;
#1153 = CARTESIAN_POINT ( 'NONE',  ( 2.566391064299992308, 0.06941609025290267077, 0.6511109027512677061 ) ) ;
#1154 = CARTESIAN_POINT ( 'NONE',  ( 2.566391064299994973, 0.7264954296060508465, -0.7360129705426033953 ) ) ;
#1155 = CARTESIAN_POINT ( 'NONE',  ( -3.303007708879138082, 0.7882088167290565162, 0.9397676258432556828 ) ) ;
#1156 = CARTESIAN_POINT ( 'NONE',  ( 11.07035226894555535, 0.3785241330556968209, -0.2653904825314231108 ) ) ;
#1157 = CARTESIAN_POINT ( 'NONE',  ( 1.421321686370260299E-16, 0.7456910972541630489, -1.160597232900000053 ) ) ;
#1158 = CARTESIAN_POINT ( 'NONE',  ( 1.718118291916559404, 0.06634605528125597784, 0.5558915437416699357 ) ) ;
#1159 = CARTESIAN_POINT ( 'NONE',  ( 1.228094795072778078, 0.08846616142087504464, 0.1146292529545435424 ) ) ;
#1160 = CARTESIAN_POINT ( 'NONE',  ( -1.635960983394576296, 0.3951490276870723295, 0.7946335726254735166 ) ) ;
#1161 = EDGE_CURVE ( 'NONE', #5429, #4970, #4495, .T. ) ;
#1162 = CARTESIAN_POINT ( 'NONE',  ( 2.566391064300008296, 0.5703041776686161857, -0.4427563536196959526 ) ) ;
#1163 = CARTESIAN_POINT ( 'NONE',  ( -11.09442057885054744, 1.005093113985189301, 1.170372842025373838 ) ) ;
#1164 = CARTESIAN_POINT ( 'NONE',  ( 13.93473377278511016, 0.6425703795998298773, -0.8637497217206527855 ) ) ;
#1165 = CARTESIAN_POINT ( 'NONE',  ( -2.566391064300006519, 0.05075451273089957860, -0.6244676531079260684 ) ) ;
#1166 = CARTESIAN_POINT ( 'NONE',  ( -0.7583302592817280363, 0.3990316716869976021, 0.9634815497531435957 ) ) ;
#1167 = CARTESIAN_POINT ( 'NONE',  ( -3.216119017226774623, -0.02212397077444645463, -0.7654710146100468515 ) ) ;
#1168 = CARTESIAN_POINT ( 'NONE',  ( 14.33582779229999815, 0.3898188547346174149, -0.1368295640911756372 ) ) ;
#1169 = CARTESIAN_POINT ( 'NONE',  ( 14.33582779229999460, 0.3021531257047850860, -0.06043104887795000546 ) ) ;
#1170 = DIRECTION ( 'NONE',  ( 0.000000000000000000, 0.000000000000000000, 1.000000000000000000 ) ) ;
#1171 = CARTESIAN_POINT ( 'NONE',  ( 2.566391064299999858, 0.8019088683898327741, -0.4134081620977411164 ) ) ;
#1172 = CARTESIAN_POINT ( 'NONE',  ( 7.292176374197826938, 0.1513763500417064645, 0.5707300318652498428 ) ) ;
#1173 = CARTESIAN_POINT ( 'NONE',  ( -14.33582779230002302, 0.2687350757121523270, 0.01683352771487484426 ) ) ;
#1174 = CARTESIAN_POINT ( 'NONE',  ( -11.07034471361332351, 0.3749991530197138712, 0.2608469379870228533 ) ) ;
#1175 = CARTESIAN_POINT ( 'NONE',  ( -11.07220648676634411, 0.4824565283476320299, 0.4110807053007488054 ) ) ;
#1176 = CARTESIAN_POINT ( 'NONE',  ( -0.8162275360800798074, -0.1108924261850479792, -0.9170075284037104701 ) ) ;
#1177 = CARTESIAN_POINT ( 'NONE',  ( -11.07759774141386089, 0.6800481143565858533, 0.6096639323018996359 ) ) ;
#1178 = CARTESIAN_POINT ( 'NONE',  ( 3.214507983570439986, -0.04799007203599751914, 0.8288426882158530518 ) ) ;
#1179 = CARTESIAN_POINT ( 'NONE',  ( 2.069074968765405753, 0.5594361711974169538, -0.7489529838137514162 ) ) ;
#1180 = CARTESIAN_POINT ( 'NONE',  ( -2.566391064300002967, 0.7044045885559632181, 0.7787421838138853802 ) ) ;
#1181 = CARTESIAN_POINT ( 'NONE',  ( -7.206226278648838246, 0.7519331098393136070, 0.8485312828836539811 ) ) ;
#1182 = CARTESIAN_POINT ( 'NONE',  ( -3.213589752484780515, -0.1168679018250990825, -0.8940618296909568219 ) ) ;
#1183 = CARTESIAN_POINT ( 'NONE',  ( 7.386054509704601756, -0.7030185401998576555, 2.245920445980187363 ) ) ;
#1184 = LINE ( 'NONE', #2932, #5339 ) ;
#1185 = CARTESIAN_POINT ( 'NONE',  ( 1.258675872299999776, 0.04352756135198621035, 0.6045961248221889406 ) ) ;
#1186 = FACE_OUTER_BOUND ( 'NONE', #596, .T. ) ;
#1187 = CARTESIAN_POINT ( 'NONE',  ( -1.258675872299999776, 0.4556115661436769271, 0.7304267659753671538 ) ) ;
#1188 = CARTESIAN_POINT ( 'NONE',  ( 7.214957285190354952, 0.6972520365087926386, -0.6965964149845575992 ) ) ;
#1189 = CARTESIAN_POINT ( 'NONE',  ( -7.224177880883544844, 0.8005839797490488241, 0.5343142517184449325 ) ) ;
#1190 = CARTESIAN_POINT ( 'NONE',  ( 14.17732295046934077, 0.5508874102935065187, -0.4544245339648651516 ) ) ;
#1191 = CARTESIAN_POINT ( 'NONE',  ( -2.261187682889647999, 0.003669849360425998710, -0.6632207947288143446 ) ) ;
#1192 = CARTESIAN_POINT ( 'NONE',  ( -0.7545486363475460978, 0.1942265812274563408, 0.9663674644158194438 ) ) ;
#1193 = CARTESIAN_POINT ( 'NONE',  ( -11.07138259375367895, 0.4522266462221656291, 0.3665225200917983095 ) ) ;
#1194 = CARTESIAN_POINT ( 'NONE',  ( 11.07036236497410897, 0.3846529797089617286, -0.2700701148968268628 ) ) ;
#1195 = CARTESIAN_POINT ( 'NONE',  ( 7.385187210171984873, -0.6755947475234719279, 2.205860320492727844 ) ) ;
#1196 = DIRECTION ( 'NONE',  ( 0.000000000000000000, 0.000000000000000000, 1.000000000000000000 ) ) ;
#1197 = CARTESIAN_POINT ( 'NONE',  ( -0.7376854393641755214, -0.1343417315601651008, -0.9792113514984751577 ) ) ;
#1198 = CARTESIAN_POINT ( 'NONE',  ( 14.33582779229999815, 0.5775603421917633318, -0.5267542238134662602 ) ) ;
#1199 = EDGE_CURVE ( 'NONE', #2496, #194, #5106, .T. ) ;
#1200 = CARTESIAN_POINT ( 'NONE',  ( -14.33582779229998039, 0.2679807126043483034, 0.01591498008967347916 ) ) ;
#1201 = CARTESIAN_POINT ( 'NONE',  ( -14.33582779229999815, 0.2704526532233019198, 0.01938259105669673868 ) ) ;
#1202 = CARTESIAN_POINT ( 'NONE',  ( -11.07889445398566863, 0.6377604159991867583, 0.6630812502557121846 ) ) ;
#1203 = CARTESIAN_POINT ( 'NONE',  ( 14.33582779229999815, 0.6214170373370894174, -0.8360756231690340545 ) ) ;
#1204 = CARTESIAN_POINT ( 'NONE',  ( 1.720942054258024045, -0.01462813830555694493, 0.7235825107210811513 ) ) ;
#1205 = CARTESIAN_POINT ( 'NONE',  ( 2.566391064299988756, 0.02454986625764705652, 0.6950940774356416663 ) ) ;
#1206 = CARTESIAN_POINT ( 'NONE',  ( 2.566391064299998082, 0.7661382486161449901, -0.5731271425894270966 ) ) ;
#1207 = B_SPLINE_CURVE_WITH_KNOTS ( 'NONE', 3,
 ( #5016, #3277, #5042, #1605 ),
 .UNSPECIFIED., .F., .F.,
 ( 4, 4 ),
 ( 0.000000000000000000, 1.000000000000000000 ),
 .UNSPECIFIED. ) ;
#1208 = CARTESIAN_POINT ( 'NONE',  ( -14.33582779229999637, 0.6289676046732018966, 0.8388073672880873577 ) ) ;
#1209 = CARTESIAN_POINT ( 'NONE',  ( -14.33582779229999460, 0.4647825336208461500, 0.2957997969054739218 ) ) ;
#1210 = CARTESIAN_POINT ( 'NONE',  ( -11.07037801421600065, 0.3851488051561890447, 0.2739906372319848571 ) ) ;
#1211 = CARTESIAN_POINT ( 'NONE',  ( 3.213769528350774340, -0.1013451729216739705, 0.8737751322975098045 ) ) ;
#1212 = CARTESIAN_POINT ( 'NONE',  ( 3.303956636039224293, 0.7406880169823613080, -1.007533333638091610 ) ) ;
#1213 = CARTESIAN_POINT ( 'NONE',  ( 2.566391064299997637, 0.1504432405963216646, 0.4849694231464869998 ) ) ;
#1214 = CARTESIAN_POINT ( 'NONE',  ( 1.135342538910912635, 0.03109524914022980882, -0.4678582920440295667 ) ) ;
#1215 = CARTESIAN_POINT ( 'NONE',  ( -2.068355164930430146, 0.4458198480391276086, 0.7472796385914619588 ) ) ;
#1216 = CARTESIAN_POINT ( 'NONE',  ( 7.198066459451124111, 0.8006063207617668542, -0.9939170140891668837 ) ) ;
#1217 = CARTESIAN_POINT ( 'NONE',  ( -14.33582779229998749, 0.6549442607889625068, 0.4660096410389788502 ) ) ;
#1218 = CARTESIAN_POINT ( 'NONE',  ( 2.262794268309785473, -0.03078955642459485498, 0.7270981315842104387 ) ) ;
#1219 = CARTESIAN_POINT ( 'NONE',  ( 0.7423772748560614199, -0.1254767725630781261, 0.9756744258288569949 ) ) ;
#1220 = CARTESIAN_POINT ( 'NONE',  ( -1.258675872300000664, 0.05661032296037143280, -0.5663721354596473745 ) ) ;
#1221 = CARTESIAN_POINT ( 'NONE',  ( 1.258675872299999776, 0.06584286995628435557, 0.5406566732486947080 ) ) ;
#1222 = CARTESIAN_POINT ( 'NONE',  ( -14.33582779229999815, 0.3279159597904183210, 0.09476584664222401089 ) ) ;
#1223 = CARTESIAN_POINT ( 'NONE',  ( 14.33582779229998749, 0.3341538386277156936, -0.08143103141811991463 ) ) ;
#1224 = CARTESIAN_POINT ( 'NONE',  ( 2.566391064299997637, -0.03869432891329287194, 0.7435251327574750047 ) ) ;
#1225 = CARTESIAN_POINT ( 'NONE',  ( 0.000000000000000000, 0.7456910972541630489, 0.000000000000000000 ) ) ;
#1226 = CARTESIAN_POINT ( 'NONE',  ( 2.566391064299999858, 0.6212848363331431312, -0.8359788181397669327 ) ) ;
#1227 = CARTESIAN_POINT ( 'NONE',  ( 11.09785170326625980, 0.9017222400703145402, -1.312220380203067638 ) ) ;
#1228 = CARTESIAN_POINT ( 'NONE',  ( -3.213651668383725291, -0.1038069686510117023, -0.8852147023199614662 ) ) ;
#1229 = CARTESIAN_POINT ( 'NONE',  ( -3.213515197402938117, -0.1310474206389299900, -0.9123204835640895682 ) ) ;
#1230 = CARTESIAN_POINT ( 'NONE',  ( -3.242150584222105003, 0.2940083833343757336, -0.2656511293464282053 ) ) ;
#1231 = CARTESIAN_POINT ( 'NONE',  ( 11.10158871701396777, 0.9844575219204397820, -1.584448108012061818 ) ) ;
#1232 = CARTESIAN_POINT ( 'NONE',  ( 2.566391064299998970, -0.08648926746635852980, 0.8053514513803344821 ) ) ;
#1233 = CARTESIAN_POINT ( 'NONE',  ( 14.33582779229998749, 0.3341538386277156936, -0.08143103141811991463 ) ) ;
#1234 = CARTESIAN_POINT ( 'NONE',  ( 1.685086289527134351, 0.5408871380203903456, 0.09882994070115731777 ) ) ;
#1235 = CARTESIAN_POINT ( 'NONE',  ( -2.262843913664591255, -0.04079611901832402160, -0.7337734373533914001 ) ) ;
#1236 = CARTESIAN_POINT ( 'NONE',  ( -14.33582779230001591, 0.6874900684653041383, 0.7412459757884437561 ) ) ;
#1237 = CARTESIAN_POINT ( 'NONE',  ( -3.251726938723300986, 0.3756177769156398560, -0.1177774179020815160 ) ) ;
#1238 = CARTESIAN_POINT ( 'NONE',  ( -3.213559985121839269, -0.1208230632298341878, -0.8991809197853506408 ) ) ;
#1239 = CARTESIAN_POINT ( 'NONE',  ( 3.213738362521123548, -0.1035167048965728587, 0.8766325294920085387 ) ) ;
#1240 = CARTESIAN_POINT ( 'NONE',  ( -1.720942056790966346, -0.01473178274268595322, -0.7237391477657793004 ) ) ;
#1241 = CARTESIAN_POINT ( 'NONE',  ( 1.694070981208327664, 0.2308079625467253371, 0.1530651761122406029 ) ) ;
#1242 = CARTESIAN_POINT ( 'NONE',  ( 1.258675872299999776, 0.2008194619799379965, -0.3512316917397397265 ) ) ;
#1243 = CARTESIAN_POINT ( 'NONE',  ( -1.258675872299999776, 0.3344856142544084254, 0.7888593581769142160 ) ) ;
#1244 = CARTESIAN_POINT ( 'NONE',  ( 14.33582779229999815, 0.6127038097435126840, -0.8219083565543234826 ) ) ;
#1245 = CARTESIAN_POINT ( 'NONE',  ( 7.383363203712706380, -0.6415943919684390373, 2.151647062915412523 ) ) ;
#1246 = CARTESIAN_POINT ( 'NONE',  ( 2.262712058156019168, -0.02331094788818148522, 0.7198763240733779822 ) ) ;
#1247 = CARTESIAN_POINT ( 'NONE',  ( 13.84034045214443154, 0.2773553060877395615, -0.03662141153045633812 ) ) ;
#1248 = CARTESIAN_POINT ( 'NONE',  ( -2.260683401714545848, 0.01079978342226937948, -0.6517441594170669816 ) ) ;
#1249 = CARTESIAN_POINT ( 'NONE',  ( -0.7376854393641755214, -0.1343417315601651008, -0.9792113514984751577 ) ) ;
#1250 = CARTESIAN_POINT ( 'NONE',  ( 11.07034317591712735, 0.3747780805099719670, -0.2597072591361466731 ) ) ;
#1251 = CARTESIAN_POINT ( 'NONE',  ( 11.07168651076271715, 0.4642591736579119721, -0.3840651726138317734 ) ) ;
#1252 = CARTESIAN_POINT ( 'NONE',  ( 2.566391064299999858, 0.6385948779282070165, -0.09129991340824242241 ) ) ;
#1253 = CARTESIAN_POINT ( 'NONE',  ( 2.566391064299998970, -0.02388846694797146578, 0.7422646928822130841 ) ) ;
#1254 = CARTESIAN_POINT ( 'NONE',  ( 3.267296808397290420, 0.4946423422560058403, -0.1221694805735961120 ) ) ;
#1255 = ADVANCED_FACE ( 'NONE', ( #2330 ), #4066, .T. ) ;
#1256 = CARTESIAN_POINT ( 'NONE',  ( -3.213514813027075423, -0.1297566836856030026, -0.9119717972486647284 ) ) ;
#1257 = CARTESIAN_POINT ( 'NONE',  ( -2.566391064300002078, -0.07872964003956271772, -0.7950992470544103741 ) ) ;
#1258 = CARTESIAN_POINT ( 'NONE',  ( -14.33582779230002302, 0.3546397292407563184, 0.1313587287272871829 ) ) ;
#1259 = CARTESIAN_POINT ( 'NONE',  ( 11.10140762192302155, 1.001913223172356648, -1.558973195211191154 ) ) ;
#1260 = CARTESIAN_POINT ( 'NONE',  ( 0.8336028239803009443, 0.04518060286459866376, -0.8998176550808477669 ) ) ;
#1261 = CARTESIAN_POINT ( 'NONE',  ( 3.213509985887135656, -0.1356754095582412833, 0.9185581408707427231 ) ) ;
#1262 = CARTESIAN_POINT ( 'NONE',  ( 1.678446332626430948, 0.5767234967162917503, 0.01204155880304463161 ) ) ;
#1263 = CARTESIAN_POINT ( 'NONE',  ( -1.258675872300000442, -0.01391719226500269350, -0.7647976183567164465 ) ) ;
#1264 = CARTESIAN_POINT ( 'NONE',  ( -3.300222438336428255, 0.8211305564090530806, 0.8189903199522280408 ) ) ;
#1265 = CARTESIAN_POINT ( 'NONE',  ( -7.214957285190354952, 0.6972520365087926386, 0.6965964149845575992 ) ) ;
#1266 = CARTESIAN_POINT ( 'NONE',  ( -2.566391064299998082, -0.06276994959378651151, -0.7746530319857762859 ) ) ;
#1267 = CARTESIAN_POINT ( 'NONE',  ( 2.566391064299998970, -0.02998582986422305280, 0.7321705169620851272 ) ) ;
#1268 = AXIS2_PLACEMENT_3D ( 'NONE', #5353, #3240, #4952 ) ;
#1269 = CARTESIAN_POINT ( 'NONE',  ( 14.33582779230001236, 0.6538576352875453690, -0.8200293234528589492 ) ) ;
#1270 = CARTESIAN_POINT ( 'NONE',  ( 1.258675872299999110, 0.1023217339484649019, 0.4257736333245570881 ) ) ;
#1271 = CARTESIAN_POINT ( 'NONE',  ( 1.228756478188811618, 0.6896867435051637907, -0.02806607775172225566 ) ) ;
#1272 = CARTESIAN_POINT ( 'NONE',  ( -2.085719734965157279, 0.6727198049918803324, 0.5095110046064675879 ) ) ;
#1273 = ORIENTED_EDGE ( 'NONE', *, *, #2824, .F. ) ;
#1274 = CARTESIAN_POINT ( 'NONE',  ( -1.258675872299999776, 0.4716077075243261252, 0.7340569122783361378 ) ) ;
#1275 = CARTESIAN_POINT ( 'NONE',  ( 11.07078406103052259, 0.4225419815163965476, -0.3244170382397242314 ) ) ;
#1276 = CARTESIAN_POINT ( 'NONE',  ( 1.716387461354386357, 0.1871865719103923131, 0.5409244144367484353 ) ) ;
#1277 = CARTESIAN_POINT ( 'NONE',  ( 14.12850627814407467, 0.3927315147431294506, -0.1907969349364251055 ) ) ;
#1278 = CARTESIAN_POINT ( 'NONE',  ( -1.718845347744196062, 0.05517297363537682769, -0.5797117355382459536 ) ) ;
#1279 = CARTESIAN_POINT ( 'NONE',  ( 1.203235179604958960, 0.07497340354041034938, -0.2402401427500110431 ) ) ;
#1280 = CARTESIAN_POINT ( 'NONE',  ( 7.383722745745938454, -0.6316989699466398767, 2.162162872145545922 ) ) ;
#1281 = CARTESIAN_POINT ( 'NONE',  ( 14.33582779230000526, 0.3193767319509610569, -0.08328439289441946780 ) ) ;
#1282 = CARTESIAN_POINT ( 'NONE',  ( -2.262866118732331344, -0.04439913682038462706, -0.7395743628225607269 ) ) ;
#1283 = CARTESIAN_POINT ( 'NONE',  ( -1.258675872299999776, 0.5891137465680771346, 0.1423079592423311668 ) ) ;
#1284 = CARTESIAN_POINT ( 'NONE',  ( 3.301654468253182539, 0.6566147840802608604, -0.8391334300910827659 ) ) ;
#1285 = CARTESIAN_POINT ( 'NONE',  ( -2.566391064300000302, -0.08205449580431789514, -0.7993354927903130180 ) ) ;
#1286 = CARTESIAN_POINT ( 'NONE',  ( -7.386114209883231752, -0.7068642443274794074, -2.251168700346558360 ) ) ;
#1287 = CARTESIAN_POINT ( 'NONE',  ( -7.224177880883756231, 0.6366659819404816290, 0.5394413844698495719 ) ) ;
#1288 = CARTESIAN_POINT ( 'NONE',  ( 11.10090844495952922, 1.020667486810866498, -1.508877403995144029 ) ) ;
#1289 = CARTESIAN_POINT ( 'NONE',  ( 1.229655614175521716, 0.09431884930773759557, -0.09144961687170662101 ) ) ;
#1290 = CARTESIAN_POINT ( 'NONE',  ( 2.566391064299999858, -0.05414713999943469164, 0.7718729508005762741 ) ) ;
#1291 = CARTESIAN_POINT ( 'NONE',  ( 2.138215196047126287, 0.6430699042337053584, -0.1107284293189559204 ) ) ;
#1292 = CARTESIAN_POINT ( 'NONE',  ( -2.262847655286621240, -0.04125561373643842067, -0.7344966475157536090 ) ) ;
#1293 = CARTESIAN_POINT ( 'NONE',  ( -14.33582779229998749, 0.5747217863438648378, 0.3435055260991150550 ) ) ;
#1294 = CARTESIAN_POINT ( 'NONE',  ( -2.566391064299994973, 0.4221013212370045009, -0.04588317309555829671 ) ) ;
#1295 = CARTESIAN_POINT ( 'NONE',  ( -3.213541100379502247, -0.1240528106943881020, -0.9033462246812813401 ) ) ;
#1296 = CARTESIAN_POINT ( 'NONE',  ( 11.07039222437198411, 0.3877634028198636562, -0.2774124566565996375 ) ) ;
#1297 = CARTESIAN_POINT ( 'NONE',  ( 11.10064020906245474, 1.025312601020301084, -1.487178981889159646 ) ) ;
#1298 = CARTESIAN_POINT ( 'NONE',  ( 1.258675872299999554, 0.2155413646525327354, -0.09627281659413521042 ) ) ;
#1299 = CARTESIAN_POINT ( 'NONE',  ( 1.258675872299999776, 0.1554466679754843705, -0.7429275194805661231 ) ) ;
#1300 = CARTESIAN_POINT ( 'NONE',  ( -2.138215196047126287, 0.6430699042337053584, 0.1107284293189559204 ) ) ;
#1301 = CARTESIAN_POINT ( 'NONE',  ( -14.33582779230002124, 0.6013154139639713680, 0.7490731764362210665 ) ) ;
#1302 = ORIENTED_EDGE ( 'NONE', *, *, #1946, .T. ) ;
#1303 = CARTESIAN_POINT ( 'NONE',  ( -14.08295168040105239, 0.3813301449958249045, 0.1371288649579953667 ) ) ;
#1304 = CARTESIAN_POINT ( 'NONE',  ( 7.380680663151522936, -0.6032975769638169172, 2.086746502385829594 ) ) ;
#1305 = CARTESIAN_POINT ( 'NONE',  ( 3.213541100379502247, -0.1240528106943881020, 0.9033462246812813401 ) ) ;
#1306 = CARTESIAN_POINT ( 'NONE',  ( 2.566391064299995417, -0.06324786419190417397, 0.7809164612262251559 ) ) ;
#1307 = CARTESIAN_POINT ( 'NONE',  ( 13.83658932907750660, 0.2766884678586222779, -0.03615011927790810070 ) ) ;
#1308 = CARTESIAN_POINT ( 'NONE',  ( -2.566391064300002522, 0.1340693660790011343, -0.5084358978537034668 ) ) ;
#1309 = CARTESIAN_POINT ( 'NONE',  ( 1.228094795072778078, 0.08846616142087504464, 0.1146292529545435424 ) ) ;
#1310 = AXIS2_PLACEMENT_3D ( 'NONE', #1917, #5403, #1027 ) ;
#1311 = CARTESIAN_POINT ( 'NONE',  ( 2.566391064300002967, -0.08534037549491135799, 0.8040629379944895794 ) ) ;
#1312 = CARTESIAN_POINT ( 'NONE',  ( 7.368729077970540331, -0.4725576341989871088, 1.847870897146709490 ) ) ;
#1313 = CARTESIAN_POINT ( 'NONE',  ( -1.720941530413841125, -0.01426313029916537536, -0.7217842870360297036 ) ) ;
#1314 = CARTESIAN_POINT ( 'NONE',  ( -1.258675872299999776, -0.02011741026279027789, -0.7826106424216403568 ) ) ;
#1315 = CARTESIAN_POINT ( 'NONE',  ( 2.566391064300002522, 0.5887151921186805081, -0.7282151568225502247 ) ) ;
#1316 = CARTESIAN_POINT ( 'NONE',  ( -3.213509985887135656, -0.1356754095582412833, -0.9185581408707427231 ) ) ;
#1317 = CARTESIAN_POINT ( 'NONE',  ( -7.386079057891119959, -0.7044718239181894104, -2.247915192451936051 ) ) ;
#1318 = CARTESIAN_POINT ( 'NONE',  ( -2.566391064299994973, 0.4221013212370045009, -0.04588317309555829671 ) ) ;
#1319 = CARTESIAN_POINT ( 'NONE',  ( 14.33582779229996973, 0.6428617253377597596, -0.8313018627916159975 ) ) ;
#1320 = CARTESIAN_POINT ( 'NONE',  ( 1.258675872299999776, 0.1868995053010871488, -0.4199612614126296273 ) ) ;
#1321 = CARTESIAN_POINT ( 'NONE',  ( 2.566391064300002967, -0.08534037549491135799, 0.8040629379944895794 ) ) ;
#1322 = CARTESIAN_POINT ( 'NONE',  ( 1.258675872299999776, 0.2305689515334984896, 0.5624124992263404010 ) ) ;
#1323 = CARTESIAN_POINT ( 'NONE',  ( -2.566391064300006963, -0.08099043847173238719, -0.7979870410380116574 ) ) ;
#1324 = CARTESIAN_POINT ( 'NONE',  ( -10.84273271562267382, 0.3471547515940417439, 0.1472338090306774538 ) ) ;
#1325 = CARTESIAN_POINT ( 'NONE',  ( -14.33582779230001591, 0.6963428584758006856, 0.6790688298951825796 ) ) ;
#1326 = CARTESIAN_POINT ( 'NONE',  ( -11.07039051539913643, 0.3918404315539564808, 0.2773714435317765070 ) ) ;
#1327 = CARTESIAN_POINT ( 'NONE',  ( -3.213738362521123548, -0.1035167048965728587, -0.8766325294920085387 ) ) ;
#1328 = CARTESIAN_POINT ( 'NONE',  ( 14.33582779230000526, 0.2934698613072418971, -0.04905896745350089849 ) ) ;
#1329 = CARTESIAN_POINT ( 'NONE',  ( 7.165274186050378802, 1.084856694791691778, -1.709605710933363332 ) ) ;
#1330 = CARTESIAN_POINT ( 'NONE',  ( 1.709135383426808596, 0.1500467319693510326, 0.3663257837426326935 ) ) ;
#1331 = CARTESIAN_POINT ( 'NONE',  ( 0.7634801697248638774, -0.09443721001044373675, 0.9595268311031845965 ) ) ;
#1332 = CARTESIAN_POINT ( 'NONE',  ( -2.165355706538494296, 0.5758643468185647984, -0.04348432292101315350 ) ) ;
#1333 = CARTESIAN_POINT ( 'NONE',  ( -3.304087260389736880, 0.6900419615643026416, 1.006621810258292005 ) ) ;
#1334 = CARTESIAN_POINT ( 'NONE',  ( -2.566391064300006519, 0.08800275005419101737, -0.5732498842151784180 ) ) ;
#1335 = ORIENTED_EDGE ( 'NONE', *, *, #1867, .F. ) ;
#1336 = CARTESIAN_POINT ( 'NONE',  ( -14.17099160396609037, 0.6668487021964837336, 0.4886598106003843256 ) ) ;
#1337 = CARTESIAN_POINT ( 'NONE',  ( 3.215744768095532891, -0.03101911658474640690, 0.7780081870573162250 ) ) ;
#1338 = CARTESIAN_POINT ( 'NONE',  ( 7.386150724003353929, -0.7101485001918858009, 2.255568408387930379 ) ) ;
#1339 = CARTESIAN_POINT ( 'NONE',  ( 1.258675872300000664, 0.1403642514921470130, 0.6439760613527609756 ) ) ;
#1340 = CARTESIAN_POINT ( 'NONE',  ( 13.94545491971975970, 0.2945733483570807665, -0.05851834928549298070 ) ) ;
#1341 = CARTESIAN_POINT ( 'NONE',  ( -1.258675872299999110, 0.08614248914780600619, -0.4769916577875130681 ) ) ;
#1342 = CARTESIAN_POINT ( 'NONE',  ( 1.258675872299999776, 0.1523046735487117442, -0.5591004946311221024 ) ) ;
#1343 = EDGE_CURVE ( 'NONE', #1454, #4569, #2101, .T. ) ;
#1344 = CARTESIAN_POINT ( 'NONE',  ( 2.566391064299998082, -0.08672499887308578181, 0.8055217504095636416 ) ) ;
#1345 = CARTESIAN_POINT ( 'NONE',  ( 11.07322850856660956, 0.5131173280690670691, -0.4578246969711310954 ) ) ;
#1346 = FACE_BOUND ( 'NONE', #4114, .T. ) ;
#1347 = CARTESIAN_POINT ( 'NONE',  ( 3.303539882159008734, 0.6707478495016888642, -0.9380076497977564154 ) ) ;
#1348 = CARTESIAN_POINT ( 'NONE',  ( -11.07034150616660817, 0.3704924691408301718, 0.2555475010408330139 ) ) ;
#1349 = CARTESIAN_POINT ( 'NONE',  ( -11.07036410196291598, 0.3820670573426424577, 0.2699772425152886512 ) ) ;
#1350 = CARTESIAN_POINT ( 'NONE',  ( -2.566391064300005187, 0.5337929746884551019, 0.2172616135982974594 ) ) ;
#1351 = CARTESIAN_POINT ( 'NONE',  ( -13.70400094217686515, 0.6902647495184949245, 0.9792693146025208684 ) ) ;
#1352 = CARTESIAN_POINT ( 'NONE',  ( 14.33582779229999815, 0.2672972826440234151, -0.01511997923488003770 ) ) ;
#1353 = CARTESIAN_POINT ( 'NONE',  ( 2.566391064299999858, 0.4361487124370830859, 0.2617622958949525347 ) ) ;
#1354 = CARTESIAN_POINT ( 'NONE',  ( -2.262815694701637348, -0.03804413515727855105, -0.7294352702418922529 ) ) ;
#1355 = B_SPLINE_CURVE_WITH_KNOTS ( 'NONE', 3,
 ( #2544, #2571, #851, #3913, #5628, #4311 ),
 .UNSPECIFIED., .F., .F.,
 ( 4, 1, 1, 4 ),
 ( 0.0006201007879085345884, 0.3194052550827841119, 0.4470561789023998478, 0.4758633675113230210 ),
 .UNSPECIFIED. ) ;
#1356 = CARTESIAN_POINT ( 'NONE',  ( -3.279372303911492370, 0.7712596311940945748, 0.3183002607017219598 ) ) ;
#1357 = CARTESIAN_POINT ( 'NONE',  ( -3.216506743473528829, 0.02052436712475480887, -0.7574077942280037501 ) ) ;
#1358 = CARTESIAN_POINT ( 'NONE',  ( -7.385457663554347185, -0.6822769074412272650, -2.215979138454986064 ) ) ;
#1359 = CARTESIAN_POINT ( 'NONE',  ( 3.302544649012236544, 0.7983281133333883783, -0.9150762793014265428 ) ) ;
#1360 = CARTESIAN_POINT ( 'NONE',  ( 2.566391064299999414, 0.5799359178212928345, -0.6440614501116580515 ) ) ;
#1361 = CARTESIAN_POINT ( 'NONE',  ( 14.16200804110043876, 0.6849509963132220935, -0.5271425740467444720 ) ) ;
#1362 = CARTESIAN_POINT ( 'NONE',  ( -2.129501663731470984, 0.6604384585813019015, 0.1645755000916714339 ) ) ;
#1363 = ORIENTED_EDGE ( 'NONE', *, *, #622, .F. ) ;
#1364 = CARTESIAN_POINT ( 'NONE',  ( -2.566391064299997637, 0.5926789436670042432, 0.7565781265997153504 ) ) ;
#1365 = CARTESIAN_POINT ( 'NONE',  ( -2.566391064300005187, 0.1184886313697069149, -0.5305539313109606248 ) ) ;
#1366 = EDGE_LOOP ( 'NONE', ( #2194, #2161, #111, #1080, #3200 ) ) ;
#1367 = CARTESIAN_POINT ( 'NONE',  ( -14.17329714731037527, 0.6601640323293846979, 0.4761879343438948364 ) ) ;
#1368 = CARTESIAN_POINT ( 'NONE',  ( 2.566391064299997637, -0.004006569289067805038, 0.6979959517692020388 ) ) ;
#1369 = CARTESIAN_POINT ( 'NONE',  ( 14.33582779229999815, 0.2704526532233019198, -0.01938259105669673868 ) ) ;
#1370 = CARTESIAN_POINT ( 'NONE',  ( 2.262763439502104568, -0.03437478728135241746, 0.7236578046484798410 ) ) ;
#1371 = FACE_OUTER_BOUND ( 'NONE', #2684, .T. ) ;
#1372 = CARTESIAN_POINT ( 'NONE',  ( -1.670509509143509375, 0.3014096124171665170, 0.1381944321740869730 ) ) ;
#1373 = CARTESIAN_POINT ( 'NONE',  ( 1.258675872299999776, 0.1350170979461610965, -0.7133212061560931794 ) ) ;
#1374 = CARTESIAN_POINT ( 'NONE',  ( 2.566391064299997637, -0.08610970711696515345, 0.8048970249851739034 ) ) ;
#1375 = CARTESIAN_POINT ( 'NONE',  ( 14.33582779229997684, 0.3448496399749636510, -0.1178363831224438496 ) ) ;
#1376 = CARTESIAN_POINT ( 'NONE',  ( -7.163508350177135497, 1.051582405414573929, 1.776954250172381622 ) ) ;
#1377 = PLANE ( 'NONE',  #3005 ) ;
#1378 = CARTESIAN_POINT ( 'NONE',  ( -14.33582779229999637, 0.2669131877324629754, 0.01523243187813656634 ) ) ;
#1379 = CARTESIAN_POINT ( 'NONE',  ( -3.213541100379502247, -0.1240528106943881020, -0.9033462246812813401 ) ) ;
#1380 = CARTESIAN_POINT ( 'NONE',  ( 11.09999759044278811, 1.031158226182767201, -1.442006497290672984 ) ) ;
#1381 = CARTESIAN_POINT ( 'NONE',  ( -2.566391064299995417, 0.5093839167332008255, 0.1449312979587929207 ) ) ;
#1382 = CARTESIAN_POINT ( 'NONE',  ( 13.81261822783274873, 0.7284478141877915869, -0.03351881907184074000 ) ) ;
#1383 = CARTESIAN_POINT ( 'NONE',  ( 11.07034151270275224, 0.3711157418923222706, -0.2556010034918992924 ) ) ;
#1384 = CARTESIAN_POINT ( 'NONE',  ( 1.704591162922969527, 0.3731262422010434010, 0.3529088415185897554 ) ) ;
#1385 = CARTESIAN_POINT ( 'NONE',  ( -1.720564324135346546, 0.01483187647086053711, -0.6634328951257398854 ) ) ;
#1386 = CARTESIAN_POINT ( 'NONE',  ( 3.304098318535813483, 0.6993873528796313854, -1.016975075516608484 ) ) ;
#1387 = ADVANCED_FACE ( 'NONE', ( #4793 ), #4521, .T. ) ;
#1388 = CARTESIAN_POINT ( 'NONE',  ( -11.09176977704434996, 0.9690009486810280404, 1.069236770539787162 ) ) ;
#1389 = CARTESIAN_POINT ( 'NONE',  ( -2.566391064300003855, -0.06528756778078187439, -0.7829449177312741703 ) ) ;
#1390 = CARTESIAN_POINT ( 'NONE',  ( -7.384981780348807590, -0.6710139136326753739, -2.198801801499135067 ) ) ;
#1391 = CARTESIAN_POINT ( 'NONE',  ( 11.10113938602596306, 1.014593160886593237, -1.529801464086646856 ) ) ;
#1392 = CARTESIAN_POINT ( 'NONE',  ( 1.258675872299999554, 0.2063933547768476706, -0.3097786035033646135 ) ) ;
#1393 = CARTESIAN_POINT ( 'NONE',  ( 14.10798283481356208, 0.4065944537538419556, -0.1623016764682081170 ) ) ;
#1394 = CARTESIAN_POINT ( 'NONE',  ( -2.076184845095179199, 0.6392661104772248137, 0.6238533053510185722 ) ) ;
#1395 = ORIENTED_EDGE ( 'NONE', *, *, #4839, .F. ) ;
#1396 = CARTESIAN_POINT ( 'NONE',  ( -7.163360028463587881, 1.028273453781503255, 1.779130549906453362 ) ) ;
#1397 = CARTESIAN_POINT ( 'NONE',  ( -7.365648746223445009, -0.4430102278434037699, -1.791474307114628184 ) ) ;
#1398 = ORIENTED_EDGE ( 'NONE', *, *, #2782, .T. ) ;
#1399 = CARTESIAN_POINT ( 'NONE',  ( -14.01843653560245961, 0.7241134716581634212, 0.7857797766858634070 ) ) ;
#1400 = CARTESIAN_POINT ( 'NONE',  ( 7.386174997647644069, -0.7139329191397839613, 2.260850466524851221 ) ) ;
#1401 = CARTESIAN_POINT ( 'NONE',  ( 3.213535713506975089, -0.1251281749540447963, 0.9047309530074257866 ) ) ;
#1402 = CARTESIAN_POINT ( 'NONE',  ( 1.258675872299999776, -0.0006183955358616463876, 0.7285516405676875085 ) ) ;
#1403 = CARTESIAN_POINT ( 'NONE',  ( -14.08105477032553310, 0.3529243414528198675, 0.1351980593348603987 ) ) ;
#1404 = CARTESIAN_POINT ( 'NONE',  ( -2.566391064300002967, 0.2149208992047365596, -0.3902585332386256378 ) ) ;
#1405 = CARTESIAN_POINT ( 'NONE',  ( 1.258675872299999776, 0.3895417149593609074, -0.7763875495883436617 ) ) ;
#1406 = CARTESIAN_POINT ( 'NONE',  ( 14.33582779229999637, 0.2669131877324629754, -0.01523243187813656634 ) ) ;
#1407 = CARTESIAN_POINT ( 'NONE',  ( 7.343311241169898196, -0.2471821493858343821, 1.404644738945164839 ) ) ;
#1408 = CARTESIAN_POINT ( 'NONE',  ( -3.304038017082994383, 0.7283566282827620419, 1.016428573434339899 ) ) ;
#1409 = CARTESIAN_POINT ( 'NONE',  ( 1.258675872299999110, -0.01517627115684574805, 0.7682403999335041256 ) ) ;
#1410 = CARTESIAN_POINT ( 'NONE',  ( 0.000000000000000000, 0.7456910972541630489, 0.000000000000000000 ) ) ;
#1411 = CARTESIAN_POINT ( 'NONE',  ( -2.566391064299999414, -0.07983265685873433548, -0.7965090186880672274 ) ) ;
#1412 = CARTESIAN_POINT ( 'NONE',  ( -14.33582779229999460, 0.2734803322275126680, 0.02325673598666993733 ) ) ;
#1413 = CARTESIAN_POINT ( 'NONE',  ( 7.257361145620720322, 0.5538045059544616233, 0.02339955823691901304 ) ) ;
#1414 = CARTESIAN_POINT ( 'NONE',  ( -14.33582779230000703, 0.5958004181323931503, 0.6395260424056491422 ) ) ;
#1415 = CARTESIAN_POINT ( 'NONE',  ( 14.30049090487748487, 0.7284478141877915869, -0.5048035854872530148 ) ) ;
#1416 = CARTESIAN_POINT ( 'NONE',  ( 3.213514100463737755, -0.1315220583752789163, 0.9129873320730834685 ) ) ;
#1417 = CARTESIAN_POINT ( 'NONE',  ( -2.262672321892123861, -0.02979587945964392096, -0.7164438384659135295 ) ) ;
#1418 = CARTESIAN_POINT ( 'NONE',  ( 11.10167298898695165, 0.9440069804248001351, -1.591573324556935232 ) ) ;
#1419 = CARTESIAN_POINT ( 'NONE',  ( -3.265881365699653482, 0.6625838567160606818, 0.08352545497836270927 ) ) ;
#1420 = CARTESIAN_POINT ( 'NONE',  ( -11.07110987530487023, 0.4590382481434375772, 0.3469299211182737541 ) ) ;
#1421 = CARTESIAN_POINT ( 'NONE',  ( -3.213802637995188505, -0.09917191526893427700, -0.8709091624861012848 ) ) ;
#1422 = CARTESIAN_POINT ( 'NONE',  ( 14.33582779230001236, 0.6794202412714819284, -0.5238641997831625652 ) ) ;
#1423 = CARTESIAN_POINT ( 'NONE',  ( 1.655631855712892175, 0.3055789159423948353, -0.3387391254057032786 ) ) ;
#1424 = CARTESIAN_POINT ( 'NONE',  ( 13.93367352175613227, 0.7190448476477906414, -0.8643005708167176282 ) ) ;
#1425 = CARTESIAN_POINT ( 'NONE',  ( -1.716387461354386357, 0.1871865719103923131, -0.5409244144367484353 ) ) ;
#1426 = VERTEX_POINT ( 'NONE', #1568 ) ;
#1427 = CARTESIAN_POINT ( 'NONE',  ( -7.169371095272571992, 0.9643012440218569070, 1.566265087449182358 ) ) ;
#1428 = ORIENTED_EDGE ( 'NONE', *, *, #3244, .F. ) ;
#1429 = CARTESIAN_POINT ( 'NONE',  ( 7.386164672742117965, -0.7120017937148299669, 2.258003804601496523 ) ) ;
#1430 = CARTESIAN_POINT ( 'NONE',  ( 7.386107741020221162, -0.7063886960636578394, 2.250524921101245912 ) ) ;
#1431 = CARTESIAN_POINT ( 'NONE',  ( 1.720667485819253439, 0.01039692141667864465, 0.6724404558562958600 ) ) ;
#1432 = CARTESIAN_POINT ( 'NONE',  ( -2.566391064299998970, -0.02388846694797146578, -0.7422646928822130841 ) ) ;
#1433 = CARTESIAN_POINT ( 'NONE',  ( -1.258675872299999554, 0.2155413646525327354, 0.09627281659413521042 ) ) ;
#1434 = CARTESIAN_POINT ( 'NONE',  ( 3.246197865685655604, 0.3293116537548371747, 0.2027428770244196210 ) ) ;
#1435 = CARTESIAN_POINT ( 'NONE',  ( -1.258675872299999776, -0.01739908614693343181, -0.7774545015736927800 ) ) ;
#1436 = CARTESIAN_POINT ( 'NONE',  ( 1.258675872300000664, -0.01691398984483254500, 0.7730152309326455695 ) ) ;
#1437 = CARTESIAN_POINT ( 'NONE',  ( -13.67344817176398308, 0.6863152829323379001, 0.9844473022328561473 ) ) ;
#1438 = CARTESIAN_POINT ( 'NONE',  ( -14.33582779229999637, 0.2715526976610915244, 0.02079117861312559240 ) ) ;
#1439 = CARTESIAN_POINT ( 'NONE',  ( -14.33582779229998039, 0.2912914457028395465, 0.04622180818368296085 ) ) ;
#1440 = CARTESIAN_POINT ( 'NONE',  ( 14.33582779230001591, 0.6061097214875292849, -0.3854216273270247295 ) ) ;
#1441 = CARTESIAN_POINT ( 'NONE',  ( 11.07036909814039127, 0.3832513091149549189, -0.2715171082355882781 ) ) ;
#1442 = CARTESIAN_POINT ( 'NONE',  ( -2.566391064299997637, 0.5926789436670042432, 0.7565781265997153504 ) ) ;
#1443 = CARTESIAN_POINT ( 'NONE',  ( -0.9140464189358292746, -0.07796409365467191210, -0.8171882215369158375 ) ) ;
#1444 = CARTESIAN_POINT ( 'NONE',  ( 2.566391064299999858, -0.08254261233167758949, 0.8000199310078754955 ) ) ;
#1445 = CARTESIAN_POINT ( 'NONE',  ( -2.566391064299995417, -0.05208377026642342644, -0.7608828346105889207 ) ) ;
#1446 = CARTESIAN_POINT ( 'NONE',  ( 13.69959855006813143, 0.6827332750969600239, -0.9781930249136979727 ) ) ;
#1447 = CARTESIAN_POINT ( 'NONE',  ( -14.33582779229999815, 0.5485132923433395646, 0.3108384968621696332 ) ) ;
#1448 = CARTESIAN_POINT ( 'NONE',  ( -7.380713812416804132, -0.5797727885432789607, -2.090182249070404730 ) ) ;
#1449 = CARTESIAN_POINT ( 'NONE',  ( -7.385615760051284617, -0.6866202062458071076, -2.222448773969356584 ) ) ;
#1450 = CARTESIAN_POINT ( 'NONE',  ( 14.33582779230000703, 0.6880568958994336404, -0.5540901755068459167 ) ) ;
#1451 = CARTESIAN_POINT ( 'NONE',  ( 2.566391064299997637, 0.5703852440456296247, -0.4443227904387415106 ) ) ;
#1452 = CARTESIAN_POINT ( 'NONE',  ( 14.16536215366895135, 0.6792262614526226594, -0.5140884302511717907 ) ) ;
#1453 = CARTESIAN_POINT ( 'NONE',  ( -2.566391064299997637, 0.3952335694184964110, -0.3092071731242613808 ) ) ;
#1454 = VERTEX_POINT ( 'NONE', #4174 ) ;
#1455 = CARTESIAN_POINT ( 'NONE',  ( -1.064194388456920493, 0.6596375939953075251, 0.6111709203707420546 ) ) ;
#1456 = ORIENTED_EDGE ( 'NONE', *, *, #4669, .T. ) ;
#1457 = CARTESIAN_POINT ( 'NONE',  ( 7.386158329010625856, -0.7110746319430375495, 2.256792224913475753 ) ) ;
#1458 = CARTESIAN_POINT ( 'NONE',  ( -2.259526135703947780, 0.06519571504263368955, -0.6375305866816298739 ) ) ;
#1459 = CARTESIAN_POINT ( 'NONE',  ( 1.720623645649709266, 0.01237057281940264278, 0.6684360808614940863 ) ) ;
#1460 = CARTESIAN_POINT ( 'NONE',  ( -13.77807080483831292, 0.6688400086845909254, 0.9525812391146589730 ) ) ;
#1461 = CARTESIAN_POINT ( 'NONE',  ( -2.566391064299998970, 0.5888232265797993525, 0.7290386435735904946 ) ) ;
#1462 = B_SPLINE_SURFACE_WITH_KNOTS ( 'NONE', 3, 3, ( 
 ( #2446, #1634, #4588, #4236, #1203 ),
 ( #315, #2951, #4185, #3354, #4690 ),
 ( #214, #1965, #1530, #1101, #2847 ),
 ( #265, #1580, #5633, #1715, #2576 ),
 ( #2549, #5175, #342, #426, #1319 ),
 ( #3888, #5147, #4743, #1231, #5606 ),
 ( #3410, #2979, #4316, #827, #2605 ),
 ( #4716, #2523, #2094, #3918, #4263 ),
 ( #5579, #2, #799, #1259, #5232 ),
 ( #1745, #3834, #4772, #397, #856 ),
 ( #4288, #1688, #1661, #2148, #3465 ),
 ( #369, #2121, #5203, #1288, #3860 ),
 ( #3437, #3037, #3009, #4345, #2178 ),
 ( #3495, #4408, #4073, #4042, #5415 ),
 ( #5293, #951, #4955, #1380, #1496 ),
 ( #123, #1811, #3618, #65, #3159 ),
 ( #1011, #2786, #4101, #3556, #2755 ),
 ( #2361, #4498, #3646, #151, #179 ),
 ( #4832, #1471, #3186, #95, #2698 ),
 ( #1930, #1901, #919, #2667, #490 ),
 ( #5386, #4528, #3588, #3672, #983 ),
 ( #4439, #1039, #3127, #2242, #4864 ),
 ( #520, #5356, #2273, #4896, #3981 ),
 ( #610, #4013, #1841, #581, #5325 ),
 ( #2333, #3216, #1413, #2728, #4468 ),
 ( #553, #4926, #2304, #1872, #1440 ),
 ( #2462, #5544, #3242, #4554, #711 ),
 ( #2488, #4604, #2389, #3320, #4202 ),
 ( #4655, #3698, #5518, #2915, #1066 ),
 ( #4228, #230, #4630, #738, #3722 ),
 ( #256, #307, #281, #2030, #3771 ),
 ( #2839, #5084, #687, #2812, #1117 ),
 ( #1597, #3346, #2413, #637, #4126 ),
 ( #4153, #206, #5060, #1956, #5442 ),
 ( #1521, #2864, #2437, #3269, #2059 ),
 ( #4177, #5007, #1093, #4580, #1168 ),
 ( #662, #4983, #1981, #5467, #3799 ),
 ( #1143, #1546, #3295, #2005, #5034 ),
 ( #3747, #5492, #1572, #2890, #2541 ),
 ( #5195, #2085, #4708, #1737, #2113 ),
 ( #5139, #1707, #5224, #3401, #1223 ),
 ( #389, #2515, #5597, #2942, #3457 ),
 ( #881, #4255, #1280, #1625, #4795 ),
 ( #418, #2597, #2628, #4280, #2202 ),
 ( #5625, #361, #2971, #3852, #4368 ),
 ( #3943, #3373, #4682, #4764, #5113 ),
 ( #1679, #5571, #848, #4308, #2140 ),
 ( #1653, #3000, #3826, #1194, #334 ),
 ( #792, #3029, #3429, #4337, #2169 ),
 ( #3910, #3880, #5167, #1250, #4735 ),
 ( #819, #3486, #2568, #765, #5655 ),
 ( #1311, #3059, #452, #2267, #945 ),
 ( #1374, #4826, #59, #514, #3091 ),
 ( #3121, #4858, #1835, #5287, #913 ),
 ( #1344, #2661, #4402, #89, #3549 ),
 ( #26, #483, #2235, #3152, #3581 ),
 ( #1804, #5317, #2692, #976, #1406 ),
 ( #4888, #1772, #5257, #3975, #3518 ),
 ( #4433, #4006, #3606, #508, #2261 ),
 ( #2802, #112, #1400, #4487, #3175 ),
 ( #2376, #4914, #1511, #570, #3146 ),
 ( #4544, #4882, #1082, #5311, #5374 ),
 ( #970, #1859, #4031, #626, #140 ),
 ( #2322, #4116, #4972, #1918, #5345 ),
 ( #83, #4060, #1429, #4000, #599 ),
 ( #2716, #540, #4456, #1889, #3635 ),
 ( #3258, #1829, #1457, #2292, #999 ),
 ( #1056, #3204, #3575, #4427, #2744 ),
 ( #195, #1945, #2350, #4944, #169 ),
 ( #1028, #2773, #4516, #4090, #3661 ),
 ( #5404, #1486, #3232, #3687, #5431 ),
 ( #4997, #4570, #2904, #754, #4594 ),
 ( #3736, #2503, #2402, #2047, #2019 ),
 ( #3788, #3283, #677, #2931, #5024 ),
 ( #3712, #3760, #5457, #1586, #1536 ),
 ( #4140, #4643, #4244, #2074, #1107 ),
 ( #2828, #323, #726, #1612, #5533 ),
 ( #5482, #3389, #5101, #1156, #1561 ),
 ( #3309, #3814, #3361, #5128, #652 ),
 ( #296, #220, #1971, #1132, #2854 ),
 ( #5505, #3335, #1183, #2427, #4190 ),
 ( #4167, #244, #1995, #4217, #5048 ),
 ( #4671, #2879, #2477, #5073, #4619 ),
 ( #700, #5559, #2451, #1642, #270 ),
 ( #435, #467, #2129, #866, #4811 ),
 ( #405, #2156, #2218, #2187, #3927 ),
 ( #4387, #2989, #3045, #1296, #3896 ),
 ( #2557, #3017, #4697, #3076, #1788 ),
 ( #5211, #1668, #4324, #3418, #3445 ),
 ( #5586, #1239, #5642, #1723, #3503 ),
 ( #5155, #1211, #2530, #897, #2959 ),
 ( #3473, #3841, #781, #4296, #377 ),
 ( #2644, #2613, #4751, #3958, #4780 ),
 ( #43, #4353, #4270, #349, #4724 ),
 ( #2102, #807, #11, #1755, #3868 ),
 ( #5183, #5614, #1696, #5242, #1328 ),
 ( #1267, #835, #2584, #4758, #3115 ),
 ( #2995, #5649, #2196, #2229, #5218 ),
 ( #814, #2655, #355, #1798, #3452 ),
 ( #3085, #5620, #4820, #383, #3937 ),
 ( #3904, #477, #1245, #5190, #53 ),
 ( #939, #4396, #4362, #1275, #2135 ),
 ( #1368, #5251, #2686, #2108, #1674 ),
 ( #3847, #5592, #4331, #4303, #3512 ),
 ( #445, #3969, #3874, #1702, #3024 ),
 ( #3424, #1337, #1304, #5161, #907 ),
 ( #842, #3543, #2563, #4730, #2591 ),
 ( #412, #4788, #2163, #1731, #3480 ),
 ( #5281, #4852, #3053, #20, #875 ),
 ( #2622, #1765, #184, #587, #3273 ),
 ( #2843, #5420, #615, #1500, #5496 ),
 ( #691, #3299, #5471, #5447, #2010 ),
 ( #210, #3651, #4584, #1985, #1935 ),
 ( #4960, #1121, #4181, #2339, #1551 ),
 ( #3247, #234, #261, #4987, #1525 ),
 ( #1576, #5038, #2868, #4608, #3751 ),
 ( #2417, #666, #5011, #1070, #3677 ),
 ( #4079, #2441, #1147, #3325, #4157 ),
 ( #3702, #1044, #2816, #3726, #3221 ),
 ( #1097, #5064, #4504, #1960, #2791 ),
 ( #157, #1906, #5391, #1476, #4533 ),
 ( #2366, #4106, #4558, #641, #2393 ),
 ( #4130, #4284, #3350, #3776, #4232 ),
 ( #2063, #5548, #3803, #4712, #5522 ),
 ( #285, #2089, #1629, #4634, #715 ),
 ( #1601, #5088, #1172, #3433, #2519 ),
 ( #2894, #4659, #743, #393, #5171 ),
 ( #5117, #1254, #338, #1711, #3004 ),
 ( #3884, #1684, #2466, #3377, #4739 ),
 ( #2920, #311, #2117, #2492, #1198 ),
 ( #2975, #823, #2947, #4686, #769 ),
 ( #2572, #4259, #5629, #3830, #5575 ),
 ( #795, #4312, #1657, #4206, #3405 ),
 ( #2035, #2144, #5143, #1227, #5602 ),
 ( #3461, #2545, #365, #3856, #5199 ),
 ( #852, #1741, #4799, #2173, #2601 ),
 ( #2206, #3491, #3914, #5228, #4405 ),
 ( #2239, #1284, #4341, #3522, #3033 ),
 ( #885, #5659, #5261, #3947, #31 ),
 ( #1315, #2632, #3063, #422, #4373 ),
 ( #456, #1347, #1776, #3094, #4829 ),
 ( #4768, #916, #2664, #487, #5362 ),
 ( #4018, #2279, #3133, #3102, #3530 ),
 ( #7, #4048, #2761, #1418, #526 ),
 ( #5299, #2640, #2673, #1846, #4807 ),
 ( #4870, #1386, #4474, #3562, #4383 ) ),
 .UNSPECIFIED., .T., .F., .F.,
 ( 4, 1, 1, 1, 1, 1, 1, 1, 1, 1, 1, 1, 1, 1, 1, 1, 1, 1, 1, 1, 1, 1, 1, 1, 1, 1, 1, 1, 1, 1, 1, 1, 1, 1, 1, 1, 1, 1, 1, 1, 1, 1, 1, 1, 1, 1, 1, 1, 1, 1, 1, 1, 1, 1, 2, 1, 1, 1, 1, 1, 1, 1, 1, 1, 1, 1, 1, 1, 1, 1, 1, 1, 1, 1, 1, 1, 1, 1, 1, 1, 1, 1, 1, 1, 1, 1, 1, 1, 1, 1, 1, 1, 1, 1, 1, 1, 1, 1, 1, 1, 1, 1, 1, 1, 1, 1, 1, 1, 1, 1, 1, 1, 1, 1, 1, 1, 1, 1, 1, 1, 1, 1, 1, 1, 1, 1, 1, 1, 1, 1, 1, 1, 1, 1, 1, 1, 1, 1, 1, 1, 1, 1, 4 ),
 ( 4, 1, 4 ),
 ( 0.000000000000000000, 0.004088153337238700259, 0.008176306674477400518, 0.01226446001171610338, 0.01635261334895480104, 0.02044076668619350043, 0.02452892002343220676, 0.02861707336067090268, 0.03270522669790960207, 0.04088153337238700086, 0.04905784004686441352, 0.05723414672134180536, 0.06541045339581920415, 0.07358676007029660293, 0.08176306674477400172, 0.09811568009372882704, 0.1144682934426836107, 0.1308209067916384083, 0.1471735201405932059, 0.1635261334895480034, 0.1798787468385028288, 0.1962313601874576541, 0.2125839735364123961, 0.2289365868853672215, 0.2616418135832768166, 0.2943470402811864117, 0.3106996536301412370, 0.3270522669790960069, 0.3434048803280508322, 0.3597574936770056575, 0.3761101070259604273, 0.3924627203749153082, 0.4088153337238700225, 0.4251679470728247923, 0.4333442537473022327, 0.4415205604217796176, 0.4496968670962570025, 0.4578731737707344429, 0.4660494804452118278, 0.4742257871196892127, 0.4824020937941666531, 0.4905784004686440380, 0.4987547071431214785, 0.5028428604803601987, 0.5069310138175989744, 0.5110191671548375281, 0.5151073204920763038, 0.5191954738293149685, 0.5212395504979342453, 0.5222615888322439393, 0.5227726079993989527, 0.5230281175829762930, 0.5231558723747650186, 0.5232197497706592149, 0.5232836271665536332, 0.5237491704993988417, 0.5239819421658213905, 0.5242147138322439393, 0.5244474854986664880, 0.5246802571650890368, 0.5249130288315116966, 0.5251458004979342453, 0.5253785721643567941, 0.5256113438307793428, 0.5258441154972020026, 0.5260768871636245514, 0.5263096588300471002, 0.5265424304964697599, 0.5267752021628923087, 0.5270079738293148575, 0.5272407454957374062, 0.5274735171621600660, 0.5277062888285827258, 0.5279390604950051635, 0.5281718321614279343, 0.5284046038278504831, 0.5286373754942731429, 0.5288701471606954696, 0.5298012338263857757, 0.5307323204920763038, 0.5316634071577666099, 0.5321289504906117074, 0.5325944938234569159, 0.5335255804891472220, 0.5344566671548376391, 0.5353877538205279452, 0.5363188404862182512, 0.5372499271519085573, 0.5381810138175988634, 0.5391121004832891694, 0.5400431871489794755, 0.5419053604803601987, 0.5437675338117409218, 0.5456297071431215340, 0.5474918804745021461, 0.5493540538058827583, 0.5512162271372633704, 0.5530784004686440936, 0.5549405738000248167, 0.5568027471314054289, 0.5586649204627859300, 0.5605270937941665421, 0.5642514404569278774, 0.5679757871196892127, 0.5717001337824505480, 0.5754244804452118833, 0.5791488271079732186, 0.5828731737707344429, 0.5865975204334956672, 0.5903218670962571135, 0.5940462137590183378, 0.5977705604217796731, 0.6052192537473022327, 0.6126679470728247923, 0.6201166403983474629, 0.6275653337238700225, 0.6350140270493926931, 0.6424627203749152526, 0.6573601070259603718, 0.6722574936770056020, 0.6871548803280508322, 0.7020522669790960624, 0.7169496536301411815, 0.7318470402811863007, 0.7616418135832767611, 0.7914365868853672215, 0.8212313601874576818, 0.8361287468385028010, 0.8510261334895479202, 0.8659235201405932614, 0.8808209067916383805, 0.8957182934426833887, 0.9106156800937288409, 0.9255130667447739601, 0.9404104533958190792, 0.9553078400468644205, 0.9627565333723870911, 0.9702052266979095396, 0.9776539200234319882, 0.9851026133489546588, 0.9925513066744773294, 0.9962756533372388867, 1.000000000000000000 ),
 ( 0.000000000000000000, 0.1919068383482318008, 1.000000000000000000 ),
 .UNSPECIFIED. ) ;
#1463 = CARTESIAN_POINT ( 'NONE',  ( 14.33582779230000526, 0.4496541037318765310, -0.2715018007673507539 ) ) ;
#1464 = CARTESIAN_POINT ( 'NONE',  ( -14.33582779229998749, 0.6737632029140998569, 0.7862912648881044131 ) ) ;
#1465 = CARTESIAN_POINT ( 'NONE',  ( 1.720912002477829050, -0.006644250922099473149, 0.7068039890289999905 ) ) ;
#1466 = CIRCLE ( 'NONE', #4648, 1.225982992500000091 ) ;
#1467 = CARTESIAN_POINT ( 'NONE',  ( -13.69959855006813143, 0.6827332750969600239, 0.9781930249136979727 ) ) ;
#1468 = ADVANCED_FACE ( 'NONE', ( #4678 ), #5567, .T. ) ;
#1469 = CARTESIAN_POINT ( 'NONE',  ( -3.213526465454007219, -0.1272763324753215519, -0.9074943539071569365 ) ) ;
#1470 = CARTESIAN_POINT ( 'NONE',  ( -7.385342730163488412, -0.6793334972951988737, -2.211547427001006039 ) ) ;
#1471 = CARTESIAN_POINT ( 'NONE',  ( 3.289988124143756743, 0.8230611264626391810, -0.5378155163821146667 ) ) ;
#1472 = CARTESIAN_POINT ( 'NONE',  ( 14.33582779229998749, 0.2803532260719836522, -0.03207187138670223453 ) ) ;
#1473 = CARTESIAN_POINT ( 'NONE',  ( -2.566391064299999414, 0.6116605979294992279, 0.8253043168524449857 ) ) ;
#1474 = CARTESIAN_POINT ( 'NONE',  ( -13.70529877025310483, 0.6891446092736073226, 0.9790493627737913984 ) ) ;
#1475 = CARTESIAN_POINT ( 'NONE',  ( -1.720400493411638143, 0.02071067923726633425, -0.6514357135132027299 ) ) ;
#1476 = CARTESIAN_POINT ( 'NONE',  ( 11.07636988083693375, 0.5878047916772607406, -0.5778493833193660834 ) ) ;
#1477 = CARTESIAN_POINT ( 'NONE',  ( -11.07239224371111419, 0.5209980591826095520, 0.4153679837000630592 ) ) ;
#1478 = CARTESIAN_POINT ( 'NONE',  ( -11.07034161070110478, 0.3718435212801170509, 0.2564380939518893787 ) ) ;
#1479 = CARTESIAN_POINT ( 'NONE',  ( -3.217398306500855565, 0.004679531406345253247, -0.7271574672533520634 ) ) ;
#1480 = CARTESIAN_POINT ( 'NONE',  ( 11.08845723106431258, 0.9127684340187012246, -0.9546888786281373385 ) ) ;
#1481 = CARTESIAN_POINT ( 'NONE',  ( 1.659148957883727293, 0.3083964553501866157, -0.2882026243198573257 ) ) ;
#1482 = CARTESIAN_POINT ( 'NONE',  ( 14.18143799974425789, 0.5894877172447501312, -0.3688711000525405903 ) ) ;
#1483 = CARTESIAN_POINT ( 'NONE',  ( -1.258675872299998666, 0.4132906412712415989, -0.3581525885831817746 ) ) ;
#1484 = CARTESIAN_POINT ( 'NONE',  ( -1.015242849315659113, 0.6304667956156240205, 0.6890133585925344306 ) ) ;
#1485 = ORIENTED_EDGE ( 'NONE', *, *, #200, .T. ) ;
#1486 = CARTESIAN_POINT ( 'NONE',  ( 3.213524472031497048, -0.1278137524295571981, 0.9081843232563966417 ) ) ;
#1487 = CARTESIAN_POINT ( 'NONE',  ( -2.566391064300000302, 0.07028598747865523466, -0.6502537760923007282 ) ) ;
#1488 = CARTESIAN_POINT ( 'NONE',  ( 1.720755199086588583, 0.005942741116297740184, 0.6814559935799222590 ) ) ;
#1489 = CARTESIAN_POINT ( 'NONE',  ( -14.15753957052820233, 0.5887655776112539208, 0.5451850298078658730 ) ) ;
#1490 = CARTESIAN_POINT ( 'NONE',  ( -1.258675872300001997, 0.1279785758353899627, 0.6769224231853757656 ) ) ;
#1491 = CARTESIAN_POINT ( 'NONE',  ( 2.566391064299997637, 0.1349652781638814025, 0.5071579139888887644 ) ) ;
#1492 = CARTESIAN_POINT ( 'NONE',  ( -2.566391064300001190, 0.7261137648585593851, 0.7369137058928847406 ) ) ;
#1493 = CARTESIAN_POINT ( 'NONE',  ( 2.566391064300004743, -0.08209594294276116588, 0.7993900208688590192 ) ) ;
#1494 = CARTESIAN_POINT ( 'NONE',  ( -13.69094989598817769, 0.6841158381538379185, 0.9804484837419691345 ) ) ;
#1495 = CARTESIAN_POINT ( 'NONE',  ( -7.384981780348807590, -0.6710139136326753739, -2.198801801499135067 ) ) ;
#1496 = CARTESIAN_POINT ( 'NONE',  ( 14.33582779230000526, 0.6904734085880617211, -0.7258232460400871888 ) ) ;
#1497 = CARTESIAN_POINT ( 'NONE',  ( 11.07036410196291598, 0.3820670573426424577, -0.2699772425152886512 ) ) ;
#1498 = CARTESIAN_POINT ( 'NONE',  ( -14.33582779229999460, 0.6050169935115526920, 0.7822766334314900094 ) ) ;
#1499 = CARTESIAN_POINT ( 'NONE',  ( -1.228094795072778078, 0.08846616142087504464, -0.1146292529545435424 ) ) ;
#1500 = CARTESIAN_POINT ( 'NONE',  ( 11.07185146866730996, 0.4703059911959275308, -0.3929785119872546972 ) ) ;
#1501 = CARTESIAN_POINT ( 'NONE',  ( -11.07522234758753399, 0.6160954849236158770, 0.5282973578941886350 ) ) ;
#1502 = CARTESIAN_POINT ( 'NONE',  ( -14.33582779229999815, 0.2672972826440234151, 0.01511997923488003770 ) ) ;
#1503 = CARTESIAN_POINT ( 'NONE',  ( -3.215744768095532891, -0.03101911658474640690, -0.7780081870573162250 ) ) ;
#1504 = CARTESIAN_POINT ( 'NONE',  ( -14.33582779229998749, 0.5747217863438648378, 0.3435055260991150550 ) ) ;
#1505 = CARTESIAN_POINT ( 'NONE',  ( 11.09442057885054744, 1.005093113985189301, -1.170372842025373838 ) ) ;
#1506 = CARTESIAN_POINT ( 'NONE',  ( 1.258675872300000442, 0.2101121956435350047, -0.7746858261076461361 ) ) ;
#1507 = CARTESIAN_POINT ( 'NONE',  ( 1.258675872299998444, -0.01869581228067493037, 0.7778855243375557560 ) ) ;
#1508 = CARTESIAN_POINT ( 'NONE',  ( -0.7371432520549838774, -0.1376419139370727018, -0.9796193809700957100 ) ) ;
#1509 = ORIENTED_EDGE ( 'NONE', *, *, #4423, .F. ) ;
#1510 = CARTESIAN_POINT ( 'NONE',  ( -13.67344817176398131, 0.6978775534352680276, 0.9844473022328561473 ) ) ;
#1511 = CARTESIAN_POINT ( 'NONE',  ( 7.386173566417115310, -0.7139693189465549095, 2.260429581679272992 ) ) ;
#1512 = CARTESIAN_POINT ( 'NONE',  ( -2.566391064300002078, 0.1150191330285433855, -0.6058905960406598679 ) ) ;
#1513 = CARTESIAN_POINT ( 'NONE',  ( 2.260943423875096947, 0.007239553165635683254, 0.6574812176892961268 ) ) ;
#1514 = CARTESIAN_POINT ( 'NONE',  ( -13.82357608211527200, 0.6609448279919463154, 0.9329976060218334588 ) ) ;
#1515 = CARTESIAN_POINT ( 'NONE',  ( -2.566391064299998970, 0.5489174128165432709, 0.2738516707128903493 ) ) ;
#1516 = CARTESIAN_POINT ( 'NONE',  ( 7.253879622763348856, 0.4308234729668297680, -0.04737182955632728010 ) ) ;
#1517 = CARTESIAN_POINT ( 'NONE',  ( -3.293040172460534265, 0.8294104849405894431, 0.6103453543429300243 ) ) ;
#1518 = CARTESIAN_POINT ( 'NONE',  ( 1.258675872300001553, -0.01775207801410141201, 0.7753762814424113303 ) ) ;
#1519 = CARTESIAN_POINT ( 'NONE',  ( -0.7957529479449909626, 0.09504494060570244096, 0.9328873578202769856 ) ) ;
#1520 = CARTESIAN_POINT ( 'NONE',  ( -3.214654158438863263, -0.06197668869894110838, -0.8209109023488480039 ) ) ;
#1521 = CARTESIAN_POINT ( 'NONE',  ( 2.566391064299994973, 0.1877132172139852340, 0.5324572152803194180 ) ) ;
#1522 = CARTESIAN_POINT ( 'NONE',  ( 2.566391064299999858, -0.06057376778143847007, 0.7718289774829568684 ) ) ;
#1523 = CARTESIAN_POINT ( 'NONE',  ( -14.33582779230000526, 0.6095538910904499952, 0.8106134454375096832 ) ) ;
#1524 = CARTESIAN_POINT ( 'NONE',  ( -0.7583302592817280363, 0.3990316716869976021, 0.9634815497531435957 ) ) ;
#1525 = CARTESIAN_POINT ( 'NONE',  ( 14.33582779229998927, 0.3615924499502418121, -0.1410467362111308132 ) ) ;
#1526 = EDGE_CURVE ( 'NONE', #3660, #1828, #257, .T. ) ;
#1527 = CARTESIAN_POINT ( 'NONE',  ( -7.315731052281376989, 0.07489718086284015419, -0.9660996370391408128 ) ) ;
#1528 = CARTESIAN_POINT ( 'NONE',  ( -2.566391064300002967, -0.08596027567774865152, -0.8037832091593354322 ) ) ;
#1529 = CARTESIAN_POINT ( 'NONE',  ( -3.217875189050350748, 0.01365021210878425255, -0.7141588902839017816 ) ) ;
#1530 = CARTESIAN_POINT ( 'NONE',  ( 7.163387227860913420, 1.040205650159049533, -1.783283855583146060 ) ) ;
#1531 = CARTESIAN_POINT ( 'NONE',  ( -7.351471060367160248, -0.2485512509900815459, -1.553142409531652390 ) ) ;
#1532 = CARTESIAN_POINT ( 'NONE',  ( 3.234487288991935827, 0.3245179231315603596, 0.4040374584105553835 ) ) ;
#1533 = CARTESIAN_POINT ( 'NONE',  ( 1.636189556129681089, 0.4385943206958344276, -0.7821939385844525194 ) ) ;
#1534 = CARTESIAN_POINT ( 'NONE',  ( 1.258675872299999776, -0.02011741026275666588, 0.7826106424217695867 ) ) ;
#1535 = FACE_OUTER_BOUND ( 'NONE', #1944, .T. ) ;
#1536 = CARTESIAN_POINT ( 'NONE',  ( 14.33582779229998749, 0.2723788161104335748, -0.02184778993906492939 ) ) ;
#1537 = CARTESIAN_POINT ( 'NONE',  ( -1.720937527889697449, -0.008729495549264625412, -0.7171292644083343548 ) ) ;
#1538 = CARTESIAN_POINT ( 'NONE',  ( 1.717293971095262828, 0.07736267371700945861, 0.5321086424858900710 ) ) ;
#1539 = CARTESIAN_POINT ( 'NONE',  ( 1.258675872299999776, -0.01049949573222265162, 0.7723126382064948725 ) ) ;
#1540 = CARTESIAN_POINT ( 'NONE',  ( -1.258675872299999554, 0.2063933547768476706, 0.3097786035033646135 ) ) ;
#1541 = CARTESIAN_POINT ( 'NONE',  ( 3.301654468253182539, 0.6566147840802608604, -0.8391334300910827659 ) ) ;
#1542 = CARTESIAN_POINT ( 'NONE',  ( -3.300222438336428255, 0.8211305564090530806, 0.8189903199522280408 ) ) ;
#1543 = CARTESIAN_POINT ( 'NONE',  ( 1.258675872299999554, 0.08405757782056083594, 0.6924701376168294065 ) ) ;
#1544 = CARTESIAN_POINT ( 'NONE',  ( -1.258675872299999776, 0.4809945997172365151, 0.7065462427903952403 ) ) ;
#1545 = CARTESIAN_POINT ( 'NONE',  ( -7.385615760051284617, -0.6866202062458071076, -2.222448773969356584 ) ) ;
#1546 = CARTESIAN_POINT ( 'NONE',  ( 3.218364512014179724, 0.06678635641848110205, 0.7074881528953530507 ) ) ;
#1547 = CARTESIAN_POINT ( 'NONE',  ( 7.385950410253391496, -0.6980607723086891259, 2.238995463255593510 ) ) ;
#1548 = VECTOR ( 'NONE', #2689, 39.37007874015748143 ) ;
#1549 = CARTESIAN_POINT ( 'NONE',  ( -3.303539882159008734, 0.6707478495016888642, 0.9380076497977564154 ) ) ;
#1550 = CARTESIAN_POINT ( 'NONE',  ( -1.258675872299999776, 0.1421696552121062551, 0.5987852984419129720 ) ) ;
#1551 = CARTESIAN_POINT ( 'NONE',  ( 14.33582779230002302, 0.3546397292407563184, -0.1313587287272871829 ) ) ;
#1552 = CARTESIAN_POINT ( 'NONE',  ( -3.218364512014179724, 0.06678635641848110205, -0.7074881528953530507 ) ) ;
#1553 = CARTESIAN_POINT ( 'NONE',  ( -11.07034205813912564, 0.3724125952457537636, 0.2576420232797501098 ) ) ;
#1554 = CARTESIAN_POINT ( 'NONE',  ( -11.07099440477164443, 0.4343426689303173660, 0.3409445430524833953 ) ) ;
#1555 = CARTESIAN_POINT ( 'NONE',  ( -1.203235179604959182, 0.07497340354041086286, 0.2402401427500099051 ) ) ;
#1556 = CARTESIAN_POINT ( 'NONE',  ( -3.219438534451744882, 0.09004885124835074195, -0.6818642337364870798 ) ) ;
#1557 = CARTESIAN_POINT ( 'NONE',  ( 11.07110987530487023, 0.4590382481434375772, -0.3469299211182737541 ) ) ;
#1558 = CARTESIAN_POINT ( 'NONE',  ( 2.070188339761848795, 0.5832721110801540876, -0.7235188991034650074 ) ) ;
#1559 = CARTESIAN_POINT ( 'NONE',  ( 1.720942056790966346, -0.01480742630697448083, 0.7237456014546790328 ) ) ;
#1560 = CARTESIAN_POINT ( 'NONE',  ( -11.10167681409778595, 0.9502235356649126885, 1.598172811134100924 ) ) ;
#1561 = CARTESIAN_POINT ( 'NONE',  ( 14.33582779229999637, 0.2732049710294978673, -0.02290447782720898481 ) ) ;
#1562 = CARTESIAN_POINT ( 'NONE',  ( 7.163986464583252278, 1.068660359876917321, -1.755317687070677479 ) ) ;
#1563 = CARTESIAN_POINT ( 'NONE',  ( 2.566391064299999858, -0.02609147940062937418, 0.7270764263987893328 ) ) ;
#1564 = CARTESIAN_POINT ( 'NONE',  ( -13.82565282953153840, 0.2756552233168378385, 0.03485448824885196972 ) ) ;
#1565 = CARTESIAN_POINT ( 'NONE',  ( -1.258675872299999998, 0.1443767205907793838, 0.7281326131194417739 ) ) ;
#1566 = CARTESIAN_POINT ( 'NONE',  ( 11.09880415586327729, 0.9071946494991909304, -1.357636687669415476 ) ) ;
#1567 = CARTESIAN_POINT ( 'NONE',  ( -11.10140762192302155, 1.001913223172356648, 1.558973195211191154 ) ) ;
#1568 = CARTESIAN_POINT ( 'NONE',  ( 1.258675872299999998, 0.3877643394081785599, -0.7736089910525834057 ) ) ;
#1569 = CARTESIAN_POINT ( 'NONE',  ( -2.566391064300004743, -0.06769534768306853523, -0.7809758027386195511 ) ) ;
#1570 = CARTESIAN_POINT ( 'NONE',  ( -0.9202531498582472436, 0.5740327904365808420, 0.8116371815121069533 ) ) ;
#1571 = CARTESIAN_POINT ( 'NONE',  ( -2.566391064299999858, -0.008321306930090855564, -0.7037031166301617180 ) ) ;
#1572 = CARTESIAN_POINT ( 'NONE',  ( 7.376644102591972008, -0.5224084268219020277, 2.005053299904128838 ) ) ;
#1573 = CARTESIAN_POINT ( 'NONE',  ( 14.33582779229998039, 0.2912914457028395465, -0.04622180818368296085 ) ) ;
#1574 = DIRECTION ( 'NONE',  ( -0.000000000000000000, 1.000000000000000000, -0.000000000000000000 ) ) ;
#1575 = CARTESIAN_POINT ( 'NONE',  ( -0.7442530548558675685, 0.3529661447465344826, 0.9742263735590543927 ) ) ;
#1576 = CARTESIAN_POINT ( 'NONE',  ( 2.566391064300005187, 0.1184886313697069149, 0.5305539313109606248 ) ) ;
#1577 = CARTESIAN_POINT ( 'NONE',  ( -14.33582779230001591, 0.3022915394296518676, 0.05035883818326016698 ) ) ;
#1578 = CARTESIAN_POINT ( 'NONE',  ( -2.566391064299999858, -0.08745886463145738365, -0.8055141255141157197 ) ) ;
#1579 = CARTESIAN_POINT ( 'NONE',  ( -11.07138259375367895, 0.4522266462221656291, 0.3665225200917983095 ) ) ;
#1580 = CARTESIAN_POINT ( 'NONE',  ( 3.304038017082994383, 0.7283566282827620419, -1.016428573434339899 ) ) ;
#1581 = CARTESIAN_POINT ( 'NONE',  ( -3.230937624101776873, 0.2776632843524307614, -0.4625452691259948068 ) ) ;
#1582 = CARTESIAN_POINT ( 'NONE',  ( 11.07279531476497958, 0.5367090451841172172, -0.4333892557971262272 ) ) ;
#1583 = CARTESIAN_POINT ( 'NONE',  ( 2.566391064299998970, 0.7047932489123244215, -0.7781127602920840935 ) ) ;
#1584 = CIRCLE ( 'NONE', #1130, 1.160597232900000053 ) ;
#1585 = CARTESIAN_POINT ( 'NONE',  ( -11.10140762192302155, 1.001913223172356648, 1.558973195211191154 ) ) ;
#1586 = CARTESIAN_POINT ( 'NONE',  ( 11.07034953979818859, 0.3774640727502495130, -0.2640227915337822195 ) ) ;
#1587 = CARTESIAN_POINT ( 'NONE',  ( 11.10165595529029403, 0.9692233407456181116, -1.597605906144723642 ) ) ;
#1588 = CARTESIAN_POINT ( 'NONE',  ( 1.258675872300002219, 0.01663812632715592002, 0.6809184343761158775 ) ) ;
#1589 = CARTESIAN_POINT ( 'NONE',  ( 1.258675872299999776, -0.01294613271398843517, 0.7620610634319866517 ) ) ;
#1590 = CARTESIAN_POINT ( 'NONE',  ( -2.067840328492384749, 0.4837654628782876443, 0.7853737289737269256 ) ) ;
#1591 = CARTESIAN_POINT ( 'NONE',  ( 11.10035332575002087, 0.9167930851687232652, -1.445035245959855663 ) ) ;
#1592 = CARTESIAN_POINT ( 'NONE',  ( -2.566391064299997637, 0.7548896488314887909, 0.2724738925326049555 ) ) ;
#1593 = CARTESIAN_POINT ( 'NONE',  ( 1.258675872299999776, 0.5787196340063335276, -0.06479956625366060929 ) ) ;
#1594 = CARTESIAN_POINT ( 'NONE',  ( -2.566391064299998970, -0.01746954881647331051, -0.7157622957389564444 ) ) ;
#1595 = CARTESIAN_POINT ( 'NONE',  ( -0.7916154058921583969, 0.4650189944046835833, 0.9364328692231275175 ) ) ;
#1596 = CARTESIAN_POINT ( 'NONE',  ( -7.379760133548299628, -0.5915863047132186026, -2.066284359497688516 ) ) ;
#1597 = CARTESIAN_POINT ( 'NONE',  ( 2.566391064299995861, 0.2675353906679551752, 0.4493980452557100325 ) ) ;
#1598 = CARTESIAN_POINT ( 'NONE',  ( 14.33582779229997684, 0.2999868519474653272, -0.05758453579838368475 ) ) ;
#1599 = CARTESIAN_POINT ( 'NONE',  ( -1.258675872299999776, -0.02011741026275666588, -0.7826106424217695867 ) ) ;
#1600 = CARTESIAN_POINT ( 'NONE',  ( -1.258675872299999776, 0.1350170979461610965, 0.7133212061560931794 ) ) ;
#1601 = CARTESIAN_POINT ( 'NONE',  ( 2.566391064300002967, 0.3762190141939036336, 0.1295184816354462698 ) ) ;
#1602 = CARTESIAN_POINT ( 'NONE',  ( -7.385828999076337276, -0.6878641335562110104, -2.231888520826865285 ) ) ;
#1603 = CARTESIAN_POINT ( 'NONE',  ( -14.33582779230000526, 0.2699057177842149047, 0.01867899006235869755 ) ) ;
#1604 = CARTESIAN_POINT ( 'NONE',  ( -3.228173087582955958, 0.1556297225075068680, -0.4974116631902433250 ) ) ;
#1605 = CARTESIAN_POINT ( 'NONE',  ( -2.566391064300000302, 0.7031777748311255349, 0.7804091085095147262 ) ) ;
#1606 = CARTESIAN_POINT ( 'NONE',  ( -7.257361145620720322, 0.5538045059544616233, -0.02339955823691901304 ) ) ;
#1607 = CARTESIAN_POINT ( 'NONE',  ( 2.566391064300002522, 0.1583454535166174126, 0.5623271840731428606 ) ) ;
#1608 = CARTESIAN_POINT ( 'NONE',  ( 1.636174966380635754, 0.3365699553153447821, -0.7710350185979344406 ) ) ;
#1609 = CARTESIAN_POINT ( 'NONE',  ( -11.10113938602596306, 1.014593160886593237, 1.529801464086646856 ) ) ;
#1610 = CARTESIAN_POINT ( 'NONE',  ( -11.08894684525065166, 0.8028532970896450349, 0.9817959013609283137 ) ) ;
#1611 = CARTESIAN_POINT ( 'NONE',  ( -7.386016818352246993, -0.7010554776885496997, -2.243199402205115600 ) ) ;
#1612 = CARTESIAN_POINT ( 'NONE',  ( 11.07035131530893501, 0.3781706112584551360, -0.2649341473290375837 ) ) ;
#1613 = CARTESIAN_POINT ( 'NONE',  ( 14.33582779230001591, 0.6364368721025990272, -0.8357336610318519821 ) ) ;
#1614 = CARTESIAN_POINT ( 'NONE',  ( 2.260407755904864757, 0.01435055181026566491, 0.6460095681229818254 ) ) ;
#1615 = CARTESIAN_POINT ( 'NONE',  ( 1.258675872299999998, -0.01950535454876051178, 0.7815950635642050504 ) ) ;
#1616 = CARTESIAN_POINT ( 'NONE',  ( -2.071185277373091438, 0.5981961950936764971, 0.7035795346265656391 ) ) ;
#1617 = CARTESIAN_POINT ( 'NONE',  ( 2.566391064299994085, 0.5776245813667905127, -0.6142983291993108219 ) ) ;
#1618 = CARTESIAN_POINT ( 'NONE',  ( -11.09679597267687612, 1.026462599629720751, 1.272099149661737316 ) ) ;
#1619 = CARTESIAN_POINT ( 'NONE',  ( 14.15753957052820233, 0.5887655776112539208, -0.5451850298078658730 ) ) ;
#1620 = CARTESIAN_POINT ( 'NONE',  ( -2.255472914729123701, 0.05966124879977291462, -0.5716596712830266380 ) ) ;
#1621 = CARTESIAN_POINT ( 'NONE',  ( -0.7729511345561463909, 0.1422322401643167089, 0.9516972718744812765 ) ) ;
#1622 = B_SPLINE_CURVE_WITH_KNOTS ( 'NONE', 1,
 ( #3807, #4161 ),
 .UNSPECIFIED., .F., .F.,
 ( 2, 2 ),
 ( 0.000000000000000000, 1.000000000000000000 ),
 .UNSPECIFIED. ) ;
#1623 = EDGE_CURVE ( 'NONE', #5343, #2620, #2508, .T. ) ;
#1624 = CARTESIAN_POINT ( 'NONE',  ( -2.566391064300002078, 0.008904511102578720194, -0.6808496485091166672 ) ) ;
#1625 = CARTESIAN_POINT ( 'NONE',  ( 11.07068672241913454, 0.4287433011959573270, -0.3150231878915806805 ) ) ;
#1626 = CARTESIAN_POINT ( 'NONE',  ( 11.07054117396364745, 0.4050287593794559271, -0.3004092968502320438 ) ) ;
#1627 = CARTESIAN_POINT ( 'NONE',  ( 0.7371909244550558515, -0.1367866873731999888, 0.9795835021206150683 ) ) ;
#1628 = CARTESIAN_POINT ( 'NONE',  ( 2.566391064299999858, 0.6951435426784081661, 0.04883064263411547590 ) ) ;
#1629 = CARTESIAN_POINT ( 'NONE',  ( 7.305776072860613368, 0.04880085127267751177, 0.7900307338902735621 ) ) ;
#1630 = ADVANCED_FACE ( 'NONE', ( #1371, #4823 ), #2199, .T. ) ;
#1631 = CARTESIAN_POINT ( 'NONE',  ( -3.213511194021988704, -0.1327516703068737092, -0.9152567545495746693 ) ) ;
#1632 = CARTESIAN_POINT ( 'NONE',  ( -3.213517776500879997, -0.1299630064770301296, -0.9109406108248190304 ) ) ;
#1633 = CARTESIAN_POINT ( 'NONE',  ( -7.334580234628383266, -0.1759182235700526842, -1.259434842323860382 ) ) ;
#1634 = CARTESIAN_POINT ( 'NONE',  ( 3.304098318535813483, 0.6993873528796313854, -1.016975075516608484 ) ) ;
#1635 = CARTESIAN_POINT ( 'NONE',  ( 2.566391064299999858, -0.08682581263218848433, 0.8057588923307462681 ) ) ;
#1636 = CARTESIAN_POINT ( 'NONE',  ( 3.227620180279187512, 0.2306770604137783343, 0.5196885365781672705 ) ) ;
#1637 = CARTESIAN_POINT ( 'NONE',  ( 2.566391064299993197, 0.7465502733857535267, -0.6762111464391743487 ) ) ;
#1638 = AXIS2_PLACEMENT_3D ( 'NONE', #129, #3624, #100 ) ;
#1639 = CARTESIAN_POINT ( 'NONE',  ( -11.10033611275137666, 1.028752940137056093, 1.464851391460452179 ) ) ;
#1640 = CARTESIAN_POINT ( 'NONE',  ( -2.566391064299999414, 0.3082385999512268770, -0.2444434716872919133 ) ) ;
#1641 = CARTESIAN_POINT ( 'NONE',  ( -7.385981291795688186, -0.6993986750484376680, -2.240880839983709016 ) ) ;
#1642 = CARTESIAN_POINT ( 'NONE',  ( 11.07037344107934196, 0.3841997245579408249, -0.2727526543090741384 ) ) ;
#1643 = CARTESIAN_POINT ( 'NONE',  ( 3.304087260389738656, 0.7139268175375912406, -1.022417707678748178 ) ) ;
#1644 = CARTESIAN_POINT ( 'NONE',  ( 1.258675872299997112, 0.1330460739675379811, 0.3229786023542671192 ) ) ;
#1645 = CARTESIAN_POINT ( 'NONE',  ( 1.185099703253796211, 0.06220860232341991758, -0.3151926676568679309 ) ) ;
#1646 = CARTESIAN_POINT ( 'NONE',  ( -2.566391064299997637, 0.6515200306076862624, 0.8355605603423676975 ) ) ;
#1647 = CARTESIAN_POINT ( 'NONE',  ( 11.09964185513539370, 0.9119973558241344369, -1.401949008052324475 ) ) ;
#1648 = CARTESIAN_POINT ( 'NONE',  ( -3.271410438737288651, 0.7107443250068208318, 0.1758090811018144239 ) ) ;
#1649 = CARTESIAN_POINT ( 'NONE',  ( 1.258675872299999776, 0.5891137465680771346, -0.1423079592423311668 ) ) ;
#1650 = CARTESIAN_POINT ( 'NONE',  ( -2.254499784583219313, 0.06649165759107945883, -0.5602500379420842780 ) ) ;
#1651 = CARTESIAN_POINT ( 'NONE',  ( 1.258675872299999776, 0.01991067574578704591, 0.6729159131458579690 ) ) ;
#1652 = CARTESIAN_POINT ( 'NONE',  ( -7.378774580385844217, -0.5795510926013343056, -2.045011965075561822 ) ) ;
#1653 = CARTESIAN_POINT ( 'NONE',  ( 2.566391064300003855, -0.06528756778078187439, 0.7829449177312741703 ) ) ;
#1654 = CARTESIAN_POINT ( 'NONE',  ( 14.33582779230000526, 0.3043163852152877547, -0.06327987102463347724 ) ) ;
#1655 = DIRECTION ( 'NONE',  ( 0.000000000000000000, 1.000000000000000000, 0.000000000000000000 ) ) ;
#1656 = CARTESIAN_POINT ( 'NONE',  ( -0.7374473134651955419, -0.1380869617704688079, -0.9793905479893176835 ) ) ;
#1657 = CARTESIAN_POINT ( 'NONE',  ( 7.198066459451124111, 0.8006063207617668542, -0.9939170140891668837 ) ) ;
#1658 = CARTESIAN_POINT ( 'NONE',  ( -3.213510061458836997, -0.1349824278439541447, -0.9177187915526674455 ) ) ;
#1659 = CARTESIAN_POINT ( 'NONE',  ( -11.07034651705244599, 0.3760528142230576409, 0.2622050837883320162 ) ) ;
#1660 = CARTESIAN_POINT ( 'NONE',  ( -3.230937624101775540, 0.1859465895239929278, -0.4485240998450275574 ) ) ;
#1661 = CARTESIAN_POINT ( 'NONE',  ( 7.167181543787826570, 1.092208052909745319, -1.652690226046754196 ) ) ;
#1662 = CARTESIAN_POINT ( 'NONE',  ( 1.720941985888364778, -0.01408733890602975949, 0.7228889240762272905 ) ) ;
#1663 = CARTESIAN_POINT ( 'NONE',  ( 11.07239224371111419, 0.5209980591826095520, -0.4153679837000630592 ) ) ;
#1664 = CARTESIAN_POINT ( 'NONE',  ( 1.258675872299999998, 0.5536307944055239849, -0.5779066774100436454 ) ) ;
#1665 = CARTESIAN_POINT ( 'NONE',  ( -2.566391064300002522, 0.6641799401265697789, 0.8268135171164625596 ) ) ;
#1666 = CARTESIAN_POINT ( 'NONE',  ( -14.33582779230001591, 0.5903222713583228254, 0.5825520958730489030 ) ) ;
#1667 = CARTESIAN_POINT ( 'NONE',  ( -11.07035326644464135, 0.3788778057575792335, 0.2658472562748557810 ) ) ;
#1668 = CARTESIAN_POINT ( 'NONE',  ( 3.213709148605423227, -0.1056864904013704587, 0.8794813276513998579 ) ) ;
#1669 = CARTESIAN_POINT ( 'NONE',  ( 14.33582779229999815, 0.6214170373370894174, -0.8360756231690340545 ) ) ;
#1670 = CARTESIAN_POINT ( 'NONE',  ( 2.566391064300002078, 0.1667136171147343693, 0.4614150711959375539 ) ) ;
#1671 = CARTESIAN_POINT ( 'NONE',  ( 1.258675872299999776, 0.2139901190029833145, -0.07182176658979620709 ) ) ;
#1672 = CARTESIAN_POINT ( 'NONE',  ( -2.566391064299999858, 0.6865569868683732979, 0.8039306059607926880 ) ) ;
#1673 = CARTESIAN_POINT ( 'NONE',  ( -13.97592273193315116, 0.3124428804517763170, 0.07062536655877178771 ) ) ;
#1674 = CARTESIAN_POINT ( 'NONE',  ( 14.33582779229999993, 0.3086338872172894598, -0.06898440223458973675 ) ) ;
#1675 = CARTESIAN_POINT ( 'NONE',  ( 1.718130450040823209, 0.1429413000950308377, 0.5811126279237874837 ) ) ;
#1676 = CARTESIAN_POINT ( 'NONE',  ( 13.82565282953153840, 0.2756552233168378385, -0.03485448824885196972 ) ) ;
#1677 = CARTESIAN_POINT ( 'NONE',  ( -1.258675872300003995, 0.02570659796288884621, -0.6554949044408732162 ) ) ;
#1678 = CARTESIAN_POINT ( 'NONE',  ( 1.258675872299999776, 0.2004949339628461502, 0.03690472993182254691 ) ) ;
#1679 = CARTESIAN_POINT ( 'NONE',  ( 2.566391064299999858, -0.05414713999943469164, 0.7718729508005762741 ) ) ;
#1680 = B_SPLINE_CURVE_WITH_KNOTS ( 'NONE', 3,
 ( #5169, #5494, #1252, #3002, #1145, #3828 ),
 .UNSPECIFIED., .F., .F.,
 ( 4, 1, 1, 4 ),
 ( 0.0006201007879085345884, 0.3194052550827841119, 0.4470561789023998478, 0.4758633675113230210 ),
 .UNSPECIFIED. ) ;
#1681 = CARTESIAN_POINT ( 'NONE',  ( 2.566391064299993197, -0.04669914495352178729, 0.7539167340934194161 ) ) ;
#1682 = CARTESIAN_POINT ( 'NONE',  ( -2.566391064299999858, 0.7441728428364996484, 0.7152302913175379029 ) ) ;
#1683 = CARTESIAN_POINT ( 'NONE',  ( -1.258675872299999776, 0.09369475215555363168, -0.6842537844022759108 ) ) ;
#1684 = CARTESIAN_POINT ( 'NONE',  ( 3.274152858963956358, 0.5415410364639769991, -0.2336491490013110628 ) ) ;
#1685 = CARTESIAN_POINT ( 'NONE',  ( -7.383722745745938454, -0.6316989699466398767, -2.162162872145545922 ) ) ;
#1686 = CARTESIAN_POINT ( 'NONE',  ( -11.07034587167882833, 0.3757015048978261107, 0.2617520269094945617 ) ) ;
#1687 = CARTESIAN_POINT ( 'NONE',  ( -14.33582779229999815, 0.4052034457502691200, 0.2036777105423799028 ) ) ;
#1688 = CARTESIAN_POINT ( 'NONE',  ( 3.302544649012236544, 0.7983281133333883783, -0.9150762793014265428 ) ) ;
#1689 = CARTESIAN_POINT ( 'NONE',  ( 1.258675872299999776, -0.01993778982317610457, 0.7824730746394925607 ) ) ;
#1690 = CARTESIAN_POINT ( 'NONE',  ( 11.07034150616660817, 0.3704924691408301718, -0.2555475010408330139 ) ) ;
#1691 = CARTESIAN_POINT ( 'NONE',  ( 1.258675872299999554, 0.5961899146815871076, -0.2168276770820155575 ) ) ;
#1692 = CARTESIAN_POINT ( 'NONE',  ( -1.720931846657879349, -0.01014015435373773893, -0.7138514746368526120 ) ) ;
#1693 = CARTESIAN_POINT ( 'NONE',  ( -3.303843635609017060, 0.7517011047781748667, 0.9966640480939435998 ) ) ;
#1694 = CARTESIAN_POINT ( 'NONE',  ( -7.198066459451124111, 0.8006063207617668542, 0.9939170140891668837 ) ) ;
#1695 = CARTESIAN_POINT ( 'NONE',  ( -2.566391064300000302, -0.06460129882556930880, -0.7770054870912617151 ) ) ;
#1696 = CARTESIAN_POINT ( 'NONE',  ( 7.384757704063827255, -0.6663395800318744344, 2.191511255973082939 ) ) ;
#1697 = CARTESIAN_POINT ( 'NONE',  ( 11.10140762192302155, 1.001913223172356648, -1.558973195211191154 ) ) ;
#1698 = CARTESIAN_POINT ( 'NONE',  ( 2.156213639846549235, 0.3601660260868645436, -0.03956853350668920050 ) ) ;
#1699 = CARTESIAN_POINT ( 'NONE',  ( 1.258675872299999776, 0.1262508251284965299, -0.6776297736236377434 ) ) ;
#1700 = CARTESIAN_POINT ( 'NONE',  ( -2.067970153576828007, 0.5096037033385591997, 0.7826321792372483710 ) ) ;
#1701 = CARTESIAN_POINT ( 'NONE',  ( 11.10159409607604175, 0.9348423946044074340, -1.565028117463134860 ) ) ;
#1702 = CARTESIAN_POINT ( 'NONE',  ( 11.07099440477164443, 0.4343426689303173660, -0.3409445430524833953 ) ) ;
#1703 = CARTESIAN_POINT ( 'NONE',  ( 1.258675872300000664, 0.1631684515481732767, 0.6239030360002925102 ) ) ;
#1704 = CARTESIAN_POINT ( 'NONE',  ( 14.16941556441642192, 0.4534125063246121634, -0.2814538793168915309 ) ) ;
#1705 = CARTESIAN_POINT ( 'NONE',  ( -2.566391064299994529, 0.02532942150949621038, -0.6588654551698944761 ) ) ;
#1706 = CARTESIAN_POINT ( 'NONE',  ( 1.258675872299999554, 0.08385624371550898237, 0.6926416108594900534 ) ) ;
#1707 = CARTESIAN_POINT ( 'NONE',  ( 3.215731290980015977, -0.002447574551599685302, 0.7816848870793131621 ) ) ;
#1708 = CARTESIAN_POINT ( 'NONE',  ( 14.33582779229999460, 0.3236523383765705364, -0.08902063099486436093 ) ) ;
#1709 = CARTESIAN_POINT ( 'NONE',  ( -1.258675872300001553, -0.01775207801410141201, -0.7753762814424113303 ) ) ;
#1710 = CARTESIAN_POINT ( 'NONE',  ( 2.566391064299999858, 0.1205092707396314411, 0.6015832056556315033 ) ) ;
#1711 = CARTESIAN_POINT ( 'NONE',  ( 11.08894684525065166, 0.8028532970896450349, -0.9817959013609283137 ) ) ;
#1712 = CARTESIAN_POINT ( 'NONE',  ( -2.566391064299997637, -0.08355121436409808366, -0.8014011732201435922 ) ) ;
#1713 = CARTESIAN_POINT ( 'NONE',  ( -3.213516422790840377, -0.1304801191270479610, -0.9116221407555562539 ) ) ;
#1714 = CARTESIAN_POINT ( 'NONE',  ( -3.298215384823771412, 0.6445697153096110465, 0.7246340782151236004 ) ) ;
#1715 = CARTESIAN_POINT ( 'NONE',  ( 11.10165595529029403, 0.9692233407456181116, -1.597605906144723642 ) ) ;
#1716 = CARTESIAN_POINT ( 'NONE',  ( 0.8662225730892159081, -0.09489809195733535374, 0.8693191167303081501 ) ) ;
#1717 = CARTESIAN_POINT ( 'NONE',  ( 14.33582779229999637, 0.2835713825887986039, -0.03205759708185607765 ) ) ;
#1718 = CARTESIAN_POINT ( 'NONE',  ( 2.566391064299997637, 0.7545857136159440648, -0.2712195108108475528 ) ) ;
#1719 = CARTESIAN_POINT ( 'NONE',  ( -2.566391064300002967, -0.07716106082884725825, -0.7930937713000406619 ) ) ;
#1720 = CARTESIAN_POINT ( 'NONE',  ( -11.09442057885054744, 1.005093113985189301, 1.170372842025373838 ) ) ;
#1721 = CARTESIAN_POINT ( 'NONE',  ( -3.242150584222105003, 0.2940083833343757336, -0.2656511293464282053 ) ) ;
#1722 = CARTESIAN_POINT ( 'NONE',  ( -14.33582779229999460, 0.2768740373735862348, 0.02760311232101905765 ) ) ;
#1723 = CARTESIAN_POINT ( 'NONE',  ( 11.07042050367036978, 0.3920557022436585437, -0.2830654947973318958 ) ) ;
#1724 = CIRCLE ( 'NONE', #1638, 0.1702754156250000095 ) ;
#1725 = CARTESIAN_POINT ( 'NONE',  ( 7.168823707401364764, 1.092416737470708776, -1.608978532981607756 ) ) ;
#1726 = CARTESIAN_POINT ( 'NONE',  ( 1.258675872299999776, 0.1852645503318698650, 0.1153185099501030236 ) ) ;
#1727 = CARTESIAN_POINT ( 'NONE',  ( 0.8532829707856126600, 0.5287438043322444381, -0.8833535772798941643 ) ) ;
#1728 = CARTESIAN_POINT ( 'NONE',  ( -2.566391064300004299, 0.7538956159143401781, 0.6455597021635824939 ) ) ;
#1729 = ORIENTED_EDGE ( 'NONE', *, *, #440, .T. ) ;
#1730 = CARTESIAN_POINT ( 'NONE',  ( -14.04477194036706500, 0.3504041230869224255, 0.1069026852275071632 ) ) ;
#1731 = CARTESIAN_POINT ( 'NONE',  ( 11.07138259375367895, 0.4522266462221656291, -0.3665225200917983095 ) ) ;
#1732 = CARTESIAN_POINT ( 'NONE',  ( 7.386141860210495125, -0.7092179075553122214, 2.254330253870311385 ) ) ;
#1733 = CARTESIAN_POINT ( 'NONE',  ( 2.261511083126944488, 0.02385735868679636495, 0.6757585957310706659 ) ) ;
#1734 = CARTESIAN_POINT ( 'NONE',  ( 14.10199826747517449, 0.3682731598827653219, -0.1563069181216905634 ) ) ;
#1735 = CARTESIAN_POINT ( 'NONE',  ( -2.566391064300000302, 0.2773786448166217777, -0.2939991862930459998 ) ) ;
#1736 = CARTESIAN_POINT ( 'NONE',  ( 1.258675872299999776, 0.06545184935113557145, 0.7082875908304285817 ) ) ;
#1737 = CARTESIAN_POINT ( 'NONE',  ( 11.07137811120192694, 0.4743750797720737156, -0.3634729731321315604 ) ) ;
#1738 = CARTESIAN_POINT ( 'NONE',  ( 3.220603786594417706, 0.05872358992832178021, 0.6475982489706546552 ) ) ;
#1739 = CARTESIAN_POINT ( 'NONE',  ( -1.720939104963049582, -0.01235884233996034469, -0.7183552835687795346 ) ) ;
#1740 = CARTESIAN_POINT ( 'NONE',  ( -13.95942397487364950, 0.7284478141877915869, 0.9221620547810712720 ) ) ;
#1741 = CARTESIAN_POINT ( 'NONE',  ( 3.298215384823771412, 0.6445697153096110465, -0.7246340782151236004 ) ) ;
#1742 = CARTESIAN_POINT ( 'NONE',  ( -2.566391064300002522, -0.08649240556370924038, -0.8053546735816653479 ) ) ;
#1743 = CARTESIAN_POINT ( 'NONE',  ( -14.33582779230000703, 0.2748568189133497319, 0.02501825339056507405 ) ) ;
#1744 = CARTESIAN_POINT ( 'NONE',  ( -7.292176374197826938, 0.1513763500417064645, -0.5707300318652498428 ) ) ;
#1745 = CARTESIAN_POINT ( 'NONE',  ( 2.566391064299997637, 0.7148742663221566707, -0.7605851156453840023 ) ) ;
#1746 = CARTESIAN_POINT ( 'NONE',  ( 0.9602134677142715180, -0.06107153888123433710, 0.7646775874324664990 ) ) ;
#1747 = CARTESIAN_POINT ( 'NONE',  ( 3.213510288089585387, -0.1342358601240564164, 0.9169182594824460963 ) ) ;
#1748 = CARTESIAN_POINT ( 'NONE',  ( 2.081374872540007637, 0.6610251869308637618, -0.5577390576882846895 ) ) ;
#1749 = CARTESIAN_POINT ( 'NONE',  ( -2.566391064299999858, -0.07770763778892791906, -0.7937925429329145688 ) ) ;
#1750 = CARTESIAN_POINT ( 'NONE',  ( -1.258675872299999776, -0.02011741026279027789, -0.7826106424216403568 ) ) ;
#1751 = CARTESIAN_POINT ( 'NONE',  ( -3.293040172460534265, 0.8294104849405894431, 0.6103453543429300243 ) ) ;
#1752 = CARTESIAN_POINT ( 'NONE',  ( -11.07034817022688777, 0.3787700368169941156, 0.2640159827791541680 ) ) ;
#1753 = CARTESIAN_POINT ( 'NONE',  ( -7.385816847001906993, -0.6929539414796153096, -2.231704797984756627 ) ) ;
#1754 = B_SPLINE_CURVE_WITH_KNOTS ( 'NONE', 3,
 ( #4612, #1151, #2899, #5121, #1176, #2924, #4663, #3381, #238, #2039, #289, #4638, #1125, #1555, #2014, #3706, #2067, #4134, #747, #3780, #2421, #5451, #5526, #2872, #2470, #695, #719, #3755, #5500 ),
 .UNSPECIFIED., .F., .F.,
 ( 4, 1, 1, 1, 1, 1, 1, 1, 1, 1, 1, 1, 1, 1, 1, 1, 1, 1, 1, 1, 1, 1, 1, 1, 1, 1, 4 ),
 ( 0.000000000000000000, 0.0009071869730225002844, 0.003145484593944037222, 0.01215735582497168461, 0.04415362370214005044, 0.04482848395437935562, 0.05460000000005107990, 0.08599275744368252428, 0.1269134837486644296, 0.1619882218343359492, 0.1931279031202674246, 0.2513001235953618573, 0.2793494352173848116, 0.2812500199164993941, 0.2966369751624661766, 0.3121713086411881943, 0.3433343383762112455, 0.3745312319175069793, 0.4059937719891285046, 0.4213448468546255321, 0.4370349827036109081, 0.4462111649800392099, 0.4534738142720255438, 0.4700034780492290953, 0.4758594900501360025, 0.4857738231316722222, 0.5000000000000000000 ),
 .UNSPECIFIED. ) ;
#1755 = CARTESIAN_POINT ( 'NONE',  ( 11.07050966162478645, 0.4021333900153140628, -0.2965046104551730677 ) ) ;
#1756 = CARTESIAN_POINT ( 'NONE',  ( 14.33582779229998749, 0.6586101929333302296, -0.8137804189619105566 ) ) ;
#1757 = CARTESIAN_POINT ( 'NONE',  ( 1.704591162922881820, 0.1787750148508287784, 0.2954099290385444609 ) ) ;
#1758 = CARTESIAN_POINT ( 'NONE',  ( 0.9737211400023397800, 0.6062517808110060580, -0.7458492458201001485 ) ) ;
#1759 = EDGE_CURVE ( 'NONE', #4454, #2227, #5284, .T. ) ;
#1760 = CARTESIAN_POINT ( 'NONE',  ( -2.078291805778053725, 0.6494029483402562475, 0.5957590656995134237 ) ) ;
#1761 = CARTESIAN_POINT ( 'NONE',  ( -11.10083146460399739, 0.9211437465088435639, 1.479760910867647050 ) ) ;
#1762 = CARTESIAN_POINT ( 'NONE',  ( -3.218901523232960304, 0.03163983991847334892, -0.6878323500849991001 ) ) ;
#1763 = ORIENTED_EDGE ( 'NONE', *, *, #1526, .F. ) ;
#1764 = CARTESIAN_POINT ( 'NONE',  ( 11.10167298898695165, 0.9440069804248001351, -1.591573324556935232 ) ) ;
#1765 = CARTESIAN_POINT ( 'NONE',  ( 3.217398306500855565, 0.004679531406345253247, 0.7271574672533520634 ) ) ;
#1766 = CARTESIAN_POINT ( 'NONE',  ( 11.07034720659498817, 0.3764057560674028968, -0.2626590265354240561 ) ) ;
#1767 = CARTESIAN_POINT ( 'NONE',  ( 1.720927852049184636, -0.004119547384782897698, 0.7126751912792953503 ) ) ;
#1768 = CARTESIAN_POINT ( 'NONE',  ( 13.84282003748154821, 0.2773487361323050959, -0.03696330444080641459 ) ) ;
#1769 = CARTESIAN_POINT ( 'NONE',  ( -1.258675872299999776, 0.2097392064733349382, 0.02518748823033681306 ) ) ;
#1770 = CARTESIAN_POINT ( 'NONE',  ( -1.258675872299999776, 0.1755760944068340823, -0.6133632895623466474 ) ) ;
#1771 = AXIS2_PLACEMENT_3D ( 'NONE', #441, #2348, #192 ) ;
#1772 = CARTESIAN_POINT ( 'NONE',  ( 3.213510115474784268, -0.1339051168269554115, 0.9170117566069296844 ) ) ;
#1773 = CARTESIAN_POINT ( 'NONE',  ( 11.07245942222009916, 0.4905925179641302258, -0.4233280114615416423 ) ) ;
#1774 = CARTESIAN_POINT ( 'NONE',  ( -2.262862226170333280, -0.04352968620319773441, -0.7381245922491245226 ) ) ;
#1775 = CARTESIAN_POINT ( 'NONE',  ( 13.70400094217686515, 0.6902647495184949245, -0.9792693146025208684 ) ) ;
#1776 = CARTESIAN_POINT ( 'NONE',  ( 7.164733598028534267, 0.9979779784737315973, -1.698809966483282086 ) ) ;
#1777 = CARTESIAN_POINT ( 'NONE',  ( -11.07034151270275224, 0.3711157418923222706, 0.2556010034918992924 ) ) ;
#1778 = CARTESIAN_POINT ( 'NONE',  ( -11.07039222437198411, 0.3877634028198636562, 0.2774124566565996375 ) ) ;
#1779 = CARTESIAN_POINT ( 'NONE',  ( -3.279372303911495923, 0.5737853331560606174, 0.3236223884014012842 ) ) ;
#1780 = CARTESIAN_POINT ( 'NONE',  ( -2.566391064299999858, -0.08694497503564364849, -0.8057091551671229368 ) ) ;
#1781 = CARTESIAN_POINT ( 'NONE',  ( 3.213570287339955645, -0.1147255918927087698, 0.8962438412498742180 ) ) ;
#1782 = CARTESIAN_POINT ( 'NONE',  ( 1.258675872299999554, 0.3370078171565169534, 0.4534679175941894735 ) ) ;
#1783 = CARTESIAN_POINT ( 'NONE',  ( -2.262831038812125772, -0.03942066914645901005, -0.7316036743234796136 ) ) ;
#1784 = SURFACE_STYLE_USAGE ( .BOTH. , #2733 ) ;
#1785 = CARTESIAN_POINT ( 'NONE',  ( -3.283121015431009315, 0.7941452160084714329, 0.3911828637508368289 ) ) ;
#1786 = CARTESIAN_POINT ( 'NONE',  ( -3.218364512014179724, 0.06678635641848110205, -0.7074881528953530507 ) ) ;
#1787 = CARTESIAN_POINT ( 'NONE',  ( -3.214087212473088151, -0.08391291373009442112, -0.8506140591146932328 ) ) ;
#1788 = CARTESIAN_POINT ( 'NONE',  ( 14.33582779230000703, 0.2814504096408577682, -0.03348424185543179971 ) ) ;
#1789 = CARTESIAN_POINT ( 'NONE',  ( 2.566391064300002967, 0.7044045885559632181, -0.7787421838138853802 ) ) ;
#1790 = CARTESIAN_POINT ( 'NONE',  ( 1.636886946134248788, 0.3006483565041221939, -0.7392927208617668944 ) ) ;
#1791 = CARTESIAN_POINT ( 'NONE',  ( 1.258675872299999776, 0.6004959455143787928, -0.3261146625232663188 ) ) ;
#1792 = CARTESIAN_POINT ( 'NONE',  ( -2.105360893873370554, 0.6881619153238088815, 0.3342054230803083725 ) ) ;
#1793 = ORIENTED_EDGE ( 'NONE', *, *, #2055, .T. ) ;
#1794 = CARTESIAN_POINT ( 'NONE',  ( -11.10035332575002087, 0.9167930851687232652, 1.445035245959855663 ) ) ;
#1795 = CARTESIAN_POINT ( 'NONE',  ( -7.343311241169898196, -0.2471821493858343821, -1.404644738945164839 ) ) ;
#1796 = ORIENTED_EDGE ( 'NONE', *, *, #5444, .F. ) ;
#1797 = CARTESIAN_POINT ( 'NONE',  ( -14.13934354810015925, 0.4517356346140125600, 0.2089948704745757946 ) ) ;
#1798 = CARTESIAN_POINT ( 'NONE',  ( 11.07065122060922491, 0.4137556430914575700, -0.3122903471935525310 ) ) ;
#1799 = CARTESIAN_POINT ( 'NONE',  ( 7.386136957047659379, -0.7087499142440691902, 2.253705404223715014 ) ) ;
#1800 = CARTESIAN_POINT ( 'NONE',  ( 2.258088759983844174, 0.08757703312144497765, 0.6167974853531825730 ) ) ;
#1801 = CARTESIAN_POINT ( 'NONE',  ( 13.90180344458535977, 0.2880470007766207097, -0.04741663974059128622 ) ) ;
#1802 = CARTESIAN_POINT ( 'NONE',  ( -1.685086289527069070, 0.2654498947210039428, -0.04126784057567671471 ) ) ;
#1803 = CARTESIAN_POINT ( 'NONE',  ( 0.7729511345561463909, 0.1422322401643167089, -0.9516972718744812765 ) ) ;
#1804 = CARTESIAN_POINT ( 'NONE',  ( 2.566391064299999858, -0.08745886463145738365, 0.8055141255141157197 ) ) ;
#1805 = CARTESIAN_POINT ( 'NONE',  ( 7.375440529260582245, -0.5415697873040671295, 1.976489476786213784 ) ) ;
#1806 = CARTESIAN_POINT ( 'NONE',  ( -3.304098318535813483, 0.7034574683989125443, 1.019995185186730602 ) ) ;
#1807 = EDGE_CURVE ( 'NONE', #1854, #472, #5480, .T. ) ;
#1808 = DIRECTION ( 'NONE',  ( 0.000000000000000000, 0.000000000000000000, 1.000000000000000000 ) ) ;
#1809 = CARTESIAN_POINT ( 'NONE',  ( -2.566391064299999858, -0.08320413930311053308, -0.8007635174014887669 ) ) ;
#1810 = CARTESIAN_POINT ( 'NONE',  ( -7.385816847001906993, -0.6929539414796153096, -2.231704797984756627 ) ) ;
#1811 = CARTESIAN_POINT ( 'NONE',  ( 3.297811762492014243, 0.8291064834792847282, -0.7398160145848809988 ) ) ;
#1812 = CARTESIAN_POINT ( 'NONE',  ( -7.198066459451124111, 0.8006063207617668542, 0.9939170140891668837 ) ) ;
#1813 = CARTESIAN_POINT ( 'NONE',  ( -1.258675872299999554, 0.08385624371550898237, -0.6926416108594900534 ) ) ;
#1814 = CARTESIAN_POINT ( 'NONE',  ( 3.213511194021988704, -0.1327516703068737092, 0.9152567545495746693 ) ) ;
#1815 = CARTESIAN_POINT ( 'NONE',  ( 2.244003668300110110, 0.2257262554712612668, 0.4858512163749310053 ) ) ;
#1816 = CARTESIAN_POINT ( 'NONE',  ( -2.566391064299997637, -0.07479368733302708960, -0.7900658545966739998 ) ) ;
#1817 = CARTESIAN_POINT ( 'NONE',  ( 1.258675872299999998, 0.3877643394081785599, -0.7736089910525834057 ) ) ;
#1818 = CARTESIAN_POINT ( 'NONE',  ( -2.566391064299997637, 0.7659602516713414078, 0.5745883309020156648 ) ) ;
#1819 = CARTESIAN_POINT ( 'NONE',  ( -7.386029169641035175, -0.6978490327653936731, -2.243212382405213479 ) ) ;
#1820 = CARTESIAN_POINT ( 'NONE',  ( -14.33582779230003545, 0.2891099744501472446, 0.04338701621664670105 ) ) ;
#1821 = CARTESIAN_POINT ( 'NONE',  ( 14.33582779229998394, 0.6978462282897738289, -0.6476787150325260534 ) ) ;
#1822 = CARTESIAN_POINT ( 'NONE',  ( 1.642606127761606638, 0.2697823703113251259, -0.5687255105470824246 ) ) ;
#1823 = CARTESIAN_POINT ( 'NONE',  ( 13.72966823510759227, 0.6980841477989608856, -0.9697516325671069470 ) ) ;
#1824 = CARTESIAN_POINT ( 'NONE',  ( -2.180592484358199634, 0.5286189272926293814, -0.1244461567385425765 ) ) ;
#1825 = VERTEX_POINT ( 'NONE', #1432 ) ;
#1826 = CARTESIAN_POINT ( 'NONE',  ( -7.163360028463587881, 1.025192986608661094, 1.776867858193895477 ) ) ;
#1827 = CARTESIAN_POINT ( 'NONE',  ( -2.566391064299991864, 0.1019067046348751671, -0.5538758272015070760 ) ) ;
#1828 = VERTEX_POINT ( 'NONE', #5348 ) ;
#1829 = CARTESIAN_POINT ( 'NONE',  ( 3.213517776500879997, -0.1299630064770301296, 0.9109406108248190304 ) ) ;
#1830 = CARTESIAN_POINT ( 'NONE',  ( 7.386126209745512483, -0.7078104496451956829, 2.252444744519893849 ) ) ;
#1831 = CARTESIAN_POINT ( 'NONE',  ( 2.566391064299995417, -0.05208377026642342644, 0.7608828346105889207 ) ) ;
#1832 = CARTESIAN_POINT ( 'NONE',  ( -14.18098359866777258, 0.5042402304080438880, 0.3661051172563837830 ) ) ;
#1833 = CARTESIAN_POINT ( 'NONE',  ( -1.258675872299999776, 0.1102058223103695306, -0.4001201091353556727 ) ) ;
#1834 = CARTESIAN_POINT ( 'NONE',  ( 0.7916154058921583969, 0.4650189944046835833, -0.9364328692231275175 ) ) ;
#1835 = CARTESIAN_POINT ( 'NONE',  ( 7.386177444877716880, -0.7156207175618535254, 2.263009602503970985 ) ) ;
#1836 = CARTESIAN_POINT ( 'NONE',  ( 7.371117525048198615, -0.4963068385056812470, 1.892634283388175742 ) ) ;
#1837 = CARTESIAN_POINT ( 'NONE',  ( 13.70082539237151131, 0.6871397619393011524, -0.9798074968160446208 ) ) ;
#1838 = CARTESIAN_POINT ( 'NONE',  ( -0.7386174579950389729, -0.1392397445097269815, -0.9785090151282151982 ) ) ;
#1839 = CARTESIAN_POINT ( 'NONE',  ( -2.566391064299998082, -0.08499481954710089160, -0.8041606444785430741 ) ) ;
#1840 = CARTESIAN_POINT ( 'NONE',  ( -3.213602307638175226, -0.1154278706066500793, -0.8921929001781432333 ) ) ;
#1841 = CARTESIAN_POINT ( 'NONE',  ( 7.243761446957938333, 0.6579415606165559538, -0.2019127540123824283 ) ) ;
#1842 = CARTESIAN_POINT ( 'NONE',  ( -2.566391064299994973, 0.5726848603930134729, 0.4999382373975047034 ) ) ;
#1843 = CARTESIAN_POINT ( 'NONE',  ( -13.67344817176398308, 0.6863152829323379001, 0.9844473022328561473 ) ) ;
#1844 = CARTESIAN_POINT ( 'NONE',  ( 3.213510546927415668, -0.1348335751786384207, 0.9166429135454431387 ) ) ;
#1845 = CARTESIAN_POINT ( 'NONE',  ( -2.566391064299997637, -0.03473435638202906905, -0.7383681580661701771 ) ) ;
#1846 = CARTESIAN_POINT ( 'NONE',  ( 11.10167681409778595, 0.9477751058641109561, -1.596392582430129714 ) ) ;
#1847 = CARTESIAN_POINT ( 'NONE',  ( -2.566391064299997637, 0.5910307241580871063, -0.06500965011412562777 ) ) ;
#1848 = CARTESIAN_POINT ( 'NONE',  ( -2.566391064300009628, 0.04700941754159277536, -0.6731297582540329838 ) ) ;
#1849 = CARTESIAN_POINT ( 'NONE',  ( -2.566391064300001190, -0.05837905690373564049, -0.7690037892999338487 ) ) ;
#1850 = CARTESIAN_POINT ( 'NONE',  ( 2.566391064300001190, 0.7153412233143596755, -0.1531802513987032821 ) ) ;
#1851 = CARTESIAN_POINT ( 'NONE',  ( 1.258675872299998444, 0.1313828902879705385, -0.7040242719075987532 ) ) ;
#1852 = CARTESIAN_POINT ( 'NONE',  ( 13.97592273193315116, 0.3124428804517763170, -0.07062536655877178771 ) ) ;
#1853 = CARTESIAN_POINT ( 'NONE',  ( -1.258675872300001553, 0.4473352927707816007, -0.3073904558912816665 ) ) ;
#1854 = VERTEX_POINT ( 'NONE', #1862 ) ;
#1855 = CARTESIAN_POINT ( 'NONE',  ( -7.164733598028534267, 0.9979779784737315973, 1.698809966483282086 ) ) ;
#1856 = CARTESIAN_POINT ( 'NONE',  ( -11.07279531476495293, 0.5008041225500445837, 0.4388555222243474829 ) ) ;
#1857 = ORIENTED_EDGE ( 'NONE', *, *, #5089, .T. ) ;
#1858 = CARTESIAN_POINT ( 'NONE',  ( -13.98803102589248937, 0.7229141082455312617, 0.8169567023919903637 ) ) ;
#1859 = CARTESIAN_POINT ( 'NONE',  ( 3.213513132099774960, -0.1321636625825175215, 0.9137107146865648399 ) ) ;
#1860 = CARTESIAN_POINT ( 'NONE',  ( 14.33582779229996973, 0.2696167692971578322, -0.01832177462150927361 ) ) ;
#1861 = CARTESIAN_POINT ( 'NONE',  ( 2.566391064300002522, -0.05425824885960957300, 0.7636908367618322480 ) ) ;
#1862 = CARTESIAN_POINT ( 'NONE',  ( 0.000000000000000000, -0.1697095371458367807, 0.1702754156250000095 ) ) ;
#1863 = CARTESIAN_POINT ( 'NONE',  ( -2.156213639846549235, 0.3601660260868645436, 0.03956853350668920050 ) ) ;
#1864 = CARTESIAN_POINT ( 'NONE',  ( 11.08024854321998198, 0.6625541294862579145, -0.7069376662773985132 ) ) ;
#1865 = CARTESIAN_POINT ( 'NONE',  ( -2.566391064300000302, 0.6363171245812142551, 0.8416576825647795745 ) ) ;
#1866 = CARTESIAN_POINT ( 'NONE',  ( 2.566391064299994529, -0.08043504430364596669, 0.7972849432968277528 ) ) ;
#1867 = EDGE_CURVE ( 'NONE', #503, #1828, #5097, .T. ) ;
#1868 = PLANE ( 'NONE',  #4475 ) ;
#1869 = PRODUCT_DEFINITION_FORMATION_WITH_SPECIFIED_SOURCE ( 'ANY', '', #2830, .NOT_KNOWN. ) ;
#1870 = CARTESIAN_POINT ( 'NONE',  ( -11.07034651705244599, 0.3760528142230576409, 0.2622050837883320162 ) ) ;
#1871 = CARTESIAN_POINT ( 'NONE',  ( -7.384254249594209618, -0.6567137285538965363, -2.176241960996398550 ) ) ;
#1872 = CARTESIAN_POINT ( 'NONE',  ( 11.08600916013221038, 0.8661992636573300208, -0.8755583586500464977 ) ) ;
#1873 = CARTESIAN_POINT ( 'NONE',  ( 11.07035326644464135, 0.3788778057575792335, -0.2658472562748557810 ) ) ;
#1874 = CARTESIAN_POINT ( 'NONE',  ( -7.163548724282536639, 1.013333407088931493, 1.754291236569369916 ) ) ;
#1875 = CARTESIAN_POINT ( 'NONE',  ( -2.566391064299999858, -0.07711078396479340014, -0.7943055899875717252 ) ) ;
#1876 = CARTESIAN_POINT ( 'NONE',  ( 11.07034170023539055, 0.3714725151961225103, -0.2566573031619865941 ) ) ;
#1877 = CARTESIAN_POINT ( 'NONE',  ( -1.720880769713178049, -0.003020026505582067838, -0.6995158448998554102 ) ) ;
#1878 = CARTESIAN_POINT ( 'NONE',  ( 13.67344817176398308, 0.6863152829323379001, -0.9844473022328561473 ) ) ;
#1879 = CARTESIAN_POINT ( 'NONE',  ( -7.368729077970226804, -0.4272308187102693555, -1.854771617564771713 ) ) ;
#1880 = CARTESIAN_POINT ( 'NONE',  ( -11.07056001562286518, 0.4163068096870671808, 0.3022246306535135707 ) ) ;
#1881 = CARTESIAN_POINT ( 'NONE',  ( -14.33582779230000526, 0.2934698613072418971, 0.04905896745350089849 ) ) ;
#1882 = CARTESIAN_POINT ( 'NONE',  ( 14.33582779229998749, 0.6549442607889625068, -0.4660096410389788502 ) ) ;
#1883 = CARTESIAN_POINT ( 'NONE',  ( 2.566391064300002078, 0.5341326504006035369, -0.2183627322816993344 ) ) ;
#1884 = CARTESIAN_POINT ( 'NONE',  ( 13.81083527857681936, 0.7054811932007368780, -0.9388779015324643096 ) ) ;
#1885 = CARTESIAN_POINT ( 'NONE',  ( -1.258675872299999776, 0.2305689515334984896, -0.5624124992263404010 ) ) ;
#1886 = EDGE_LOOP ( 'NONE', ( #1509, #4996, #3573, #3902, #4089 ) ) ;
#1887 = CARTESIAN_POINT ( 'NONE',  ( -7.163548724282536639, 1.013333407088931493, 1.754291236569369916 ) ) ;
#1888 = ORIENTED_EDGE ( 'NONE', *, *, #2475, .T. ) ;
#1889 = CARTESIAN_POINT ( 'NONE',  ( 11.07034373274870909, 0.3743012030387133926, -0.2599444411248798548 ) ) ;
#1890 = CARTESIAN_POINT ( 'NONE',  ( -2.262012527865741696, 0.008756488683675784160, -0.6897707240177272103 ) ) ;
#1891 = CARTESIAN_POINT ( 'NONE',  ( 2.262730448493000424, -0.03254188645543958786, 0.7207713045580590450 ) ) ;
#1892 = CARTESIAN_POINT ( 'NONE',  ( -1.258675872299999776, 0.1697046300487557724, 0.7544567982736839484 ) ) ;
#1893 = CARTESIAN_POINT ( 'NONE',  ( -2.566391064299998970, 0.5664247651174522113, 0.3871797757269989093 ) ) ;
#1894 = EDGE_CURVE ( 'NONE', #2496, #3083, #2353, .T. ) ;
#1895 = CARTESIAN_POINT ( 'NONE',  ( 2.566391064300002522, 0.1513337238122320905, 0.4836864606480205109 ) ) ;
#1896 = CARTESIAN_POINT ( 'NONE',  ( 13.70480439605537093, 0.6882225930484179299, -0.9791331477610798473 ) ) ;
#1897 = CARTESIAN_POINT ( 'NONE',  ( 2.566391064300000302, -0.07606843542114234691, 0.7916963546014036401 ) ) ;
#1898 = CARTESIAN_POINT ( 'NONE',  ( -0.9140464189358292746, -0.07796409365467191210, -0.8171882215369158375 ) ) ;
#1899 = CARTESIAN_POINT ( 'NONE',  ( -3.213517776500879997, -0.1299630064770301296, -0.9109406108248190304 ) ) ;
#1900 = CARTESIAN_POINT ( 'NONE',  ( -2.566391064300004743, -0.05399413604152392826, -0.7633499486789759869 ) ) ;
#1901 = CARTESIAN_POINT ( 'NONE',  ( 3.286670680321175819, 0.8114371017398251951, -0.4645623192982574756 ) ) ;
#1902 = CARTESIAN_POINT ( 'NONE',  ( 3.213543984084352712, -0.1235148655681367197, 0.9026530921539875907 ) ) ;
#1903 = CARTESIAN_POINT ( 'NONE',  ( -14.33582779229999815, 0.6194826437980600620, 0.8346806989243601427 ) ) ;
#1904 = CARTESIAN_POINT ( 'NONE',  ( -13.68441153805286348, 0.6862237389475691618, 0.9825892653261034670 ) ) ;
#1905 = CARTESIAN_POINT ( 'NONE',  ( -1.258675872299999776, 0.002858405822264101920, -0.7190280654465451837 ) ) ;
#1906 = CARTESIAN_POINT ( 'NONE',  ( 3.230937624101775540, 0.1859465895239929278, 0.4485240998450275574 ) ) ;
#1907 = CARTESIAN_POINT ( 'NONE',  ( -7.378806454679342153, -0.5517391352854529307, -2.049203167517315460 ) ) ;
#1908 = CARTESIAN_POINT ( 'NONE',  ( -14.33582779229999637, 0.2669131877324629754, 0.01523243187813656634 ) ) ;
#1909 = CARTESIAN_POINT ( 'NONE',  ( -2.566391064299997637, -0.004006569289067805038, -0.6979959517692020388 ) ) ;
#1910 = CARTESIAN_POINT ( 'NONE',  ( 2.566391064300000302, 0.7376435431819577948, -0.2119862104506574085 ) ) ;
#1911 = CARTESIAN_POINT ( 'NONE',  ( 1.258675872300001553, 0.2127243013543567152, -0.2566150312018316004 ) ) ;
#1912 = B_SPLINE_CURVE_WITH_KNOTS ( 'NONE', 3,
 ( #172, #4119, #4917, #5377, #1460, #1514, #5408, #3235, #4975, #3690, #543, #4093, #602, #3208, #1002, #2747, #2325, #4003, #2380, #1085, #1489, #4063, #4490, #86, #1921, #1832, #973, #2295, #2719, #3638, #4947, #3578, #3261, #5314, #1031, #1403, #3149, #4459, #1059, #2776, #573, #4519, #198, #3664, #1949, #4430, #2805, #4547, #4220, #3287, #3715, #4170, #5131, #1998, #5485, #3739, #4646, #4573, #703, #247, #5104, #2857, #1564, #655, #729, #2480, #5508, #3312, #5051, #2454, #2405, #757, #2832, #3791, #2907, #5027, #2022, #1110 ),
 .UNSPECIFIED., .F., .F.,
 ( 4, 2, 2, 2, 2, 2, 2, 2, 2, 2, 2, 2, 2, 2, 2, 2, 2, 2, 2, 2, 2, 2, 2, 2, 2, 2, 2, 2, 2, 2, 2, 2, 2, 2, 2, 2, 2, 2, 4 ),
 ( 0.0006892361649281883744, 0.001967168217355199852, 0.003245100269782211222, 0.005800964374636240033, 0.008356828479490267109, 0.009634760531917219498, 0.01091269258434417015, 0.01346855668919795523, 0.01474648874162489548, 0.01602442079405183573, 0.01858028489890572663, 0.02113614900375961753, 0.02241408105618655430, 0.02369201310861349108, 0.02624787721346737157, 0.02752580926589431182, 0.02880374131832124859, 0.03008167337074818537, 0.03135960542317512562, 0.03263753747560206586, 0.03391546952802899917, 0.03647133363288302538, 0.03711029965909656836, 0.03742978267220334332, 0.03750965342548003706, 0.03758952417875673080, 0.03766939493203342454, 0.03774926568531011134, 0.03782913643858680508, 0.03786907181522507215, 0.03788903950354420569, 0.03789902334770384879, 0.03790900719186349882, 0.03798887794514134442, 0.03806874869841918307, 0.03838823171153071118, 0.03902719773775376044, 0.04030512979020001857, 0.04158306184264627670 ),
 .UNSPECIFIED. ) ;
#1913 = CARTESIAN_POINT ( 'NONE',  ( 14.14459936504109017, 0.4610666900398924795, -0.2188918885249218904 ) ) ;
#1914 = CARTESIAN_POINT ( 'NONE',  ( -2.566391064299998970, 0.1593953867594402329, -0.5612634747672319291 ) ) ;
#1915 = FACE_OUTER_BOUND ( 'NONE', #4756, .T. ) ;
#1916 = ORIENTED_EDGE ( 'NONE', *, *, #4559, .T. ) ;
#1917 = CARTESIAN_POINT ( 'NONE',  ( 0.000000000000000000, 0.000000000000000000, 0.000000000000000000 ) ) ;
#1918 = CARTESIAN_POINT ( 'NONE',  ( 11.07034292943518317, 0.3736159212862066314, -0.2590470712417119459 ) ) ;
#1919 = CARTESIAN_POINT ( 'NONE',  ( -2.258088759983844174, 0.08757703312144497765, -0.6167974853531825730 ) ) ;
#1920 = CARTESIAN_POINT ( 'NONE',  ( 2.262672321892123861, -0.02979587945964392096, 0.7164438384659135295 ) ) ;
#1921 = CARTESIAN_POINT ( 'NONE',  ( -14.18130216830403789, 0.5204583931601869384, 0.3953933319140469083 ) ) ;
#1922 = CARTESIAN_POINT ( 'NONE',  ( -1.649189022532687954, 0.2928053853321994637, 0.4404805874686188449 ) ) ;
#1923 = B_SPLINE_SURFACE_WITH_KNOTS ( 'NONE', 3, 1, ( 
 ( #223, #2506 ),
 ( #4193, #1974 ),
 ( #5460, #2882 ),
 ( #273, #4247 ),
 ( #299, #3763 ),
 ( #680, #1539 ),
 ( #3817, #1615 ),
 ( #4622, #2430 ),
 ( #2050, #1589 ),
 ( #3338, #5076 ),
 ( #5536, #326 ),
 ( #1159, #3364 ),
 ( #2077, #2934 ),
 ( #4674, #5562 ),
 ( #1645, #3392 ),
 ( #4700, #1671 ),
 ( #1214, #2648 ),
 ( #784, #4390 ),
 ( #3930, #1242 ),
 ( #5589, #4754 ),
 ( #14, #5617 ),
 ( #352, #4814 ),
 ( #380, #2616 ),
 ( #470, #46 ),
 ( #811, #1699 ),
 ( #900, #2221 ),
 ( #2533, #1299 ),
 ( #4356, #4300 ),
 ( #3421, #3048 ),
 ( #1727, #2132 ),
 ( #3871, #438 ),
 ( #1758, #2560 ),
 ( #3476, #3448 ),
 ( #3961, #2992 ),
 ( #5158, #4727 ),
 ( #5186, #3536 ),
 ( #2159, #3844 ),
 ( #2190, #1791 ),
 ( #1271, #2962 ),
 ( #3020, #4783 ),
 ( #4273, #869 ),
 ( #2587, #838 ),
 ( #2105, #4327 ),
 ( #3506, #408 ),
 ( #3899, #5645 ),
 ( #5214, #5245 ),
 ( #1331, #3079 ),
 ( #4908, #2316 ),
 ( #3657, #5305 ),
 ( #4085, #501 ),
 ( #4419, #964 ),
 ( #4967, #106 ),
 ( #4054, #621 ) ),
 .UNSPECIFIED., .T., .F., .F.,
 ( 4, 1, 1, 1, 1, 1, 1, 1, 1, 1, 1, 1, 1, 1, 1, 1, 1, 1, 1, 1, 1, 1, 1, 1, 1, 1, 1, 1, 1, 1, 1, 1, 1, 1, 1, 1, 1, 1, 1, 1, 1, 1, 1, 1, 1, 1, 1, 1, 1, 1, 4 ),
 ( 2, 2 ),
 ( 0.000000000000000000, 0.0009071869730225001760, 0.003145484593944036789, 0.01215735582497168288, 0.04415362370214004351, 0.04482848395437934869, 0.05460000000005107296, 0.08599275744368251040, 0.1269134837486644019, 0.1619882218343359215, 0.1931279031202673968, 0.2513001235953618018, 0.2793494352173847561, 0.2812500199164993386, 0.2966369751624661211, 0.3121713086411881388, 0.3433343383762111900, 0.3745312319175069238, 0.4059937719891284491, 0.4213448468546254766, 0.4370349827036108525, 0.4462111649800391544, 0.4534738142720254883, 0.4700034780492290398, 0.4758594900501359470, 0.4857738231316721667, 0.5005408858997337784, 0.5038025262993266473, 0.5314428736485379279, 0.5579801329371434360, 0.5664262989871529097, 0.5841051283058658061, 0.6011114366527811059, 0.6223792671221958228, 0.6330776538510651807, 0.6629671682290770862, 0.6919931874275774275, 0.7219150413458930160, 0.7525619998980525027, 0.7548643554379764753, 0.7896017132647896730, 0.8324221744713882210, 0.9131801708613548341, 0.9568848395433335874, 0.9756529348422963155, 0.9936599592682702209, 0.9983556958261430303, 0.9995219610753197648, 0.9996941019960269292, 0.9998254599814010435, 1.000000000000000000 ),
 ( 0.000000000000000000, 1.000000000000000000 ),
 .UNSPECIFIED. ) ;
#1924 = CARTESIAN_POINT ( 'NONE',  ( 7.362364418996402371, -0.4124702315618016257, 1.732521220601438428 ) ) ;
#1925 = CARTESIAN_POINT ( 'NONE',  ( -2.566391064299997637, 0.6757472866483793528, 0.8160377745188437393 ) ) ;
#1926 = CARTESIAN_POINT ( 'NONE',  ( 2.262787313809702994, -0.03590329507997228053, 0.7260642972382171934 ) ) ;
#1927 = TOROIDAL_SURFACE ( 'NONE', #1268, 1.160597232900000053, 0.06538575959999999576 ) ;
#1928 = CARTESIAN_POINT ( 'NONE',  ( -1.258675872299999776, 0.01957791763066657822, -0.7470475201971533696 ) ) ;
#1929 = CARTESIAN_POINT ( 'NONE',  ( -3.213849365141725922, -0.09627196106766701400, -0.8670764777856675432 ) ) ;
#1930 = CARTESIAN_POINT ( 'NONE',  ( 2.566391064300002522, 0.7666982610052333058, -0.3342586906425947246 ) ) ;
#1931 = CARTESIAN_POINT ( 'NONE',  ( 14.33582779230000703, 0.2748568189133497319, -0.02501825339056507405 ) ) ;
#1932 = CARTESIAN_POINT ( 'NONE',  ( -7.165814774072229554, 0.9890606608894415563, 1.662907980941417563 ) ) ;
#1933 = CARTESIAN_POINT ( 'NONE',  ( -1.144513272756321864, 0.7052178821978855039, 0.4437463628818935080 ) ) ;
#1934 = CARTESIAN_POINT ( 'NONE',  ( -1.258675872300000886, 0.009774487504992473291, -0.6999767665693541474 ) ) ;
#1935 = CARTESIAN_POINT ( 'NONE',  ( 14.33582779229998927, 0.3490524908501557166, -0.1236265013925349349 ) ) ;
#1936 = CARTESIAN_POINT ( 'NONE',  ( -14.33582779230000703, 0.4444049877457958986, 0.1932852663062803733 ) ) ;
#1937 = CARTESIAN_POINT ( 'NONE',  ( -11.07034151270275224, 0.3711157418923222706, 0.2556010034918992924 ) ) ;
#1938 = CARTESIAN_POINT ( 'NONE',  ( -2.566391064300002078, -0.01264208178198144954, -0.7094057469060384147 ) ) ;
#1939 = CARTESIAN_POINT ( 'NONE',  ( -7.325359638934620499, -0.008865313659947407152, -1.122027856729566286 ) ) ;
#1940 = CARTESIAN_POINT ( 'NONE',  ( 14.33582779229998927, 0.6347916602234332517, -0.4292617135157200670 ) ) ;
#1941 = CARTESIAN_POINT ( 'NONE',  ( 2.069515778865901101, 0.5700341089329968858, -0.7384069258278062042 ) ) ;
#1942 = CARTESIAN_POINT ( 'NONE',  ( 13.86217895725230420, 0.7114328330723470595, -0.9121607626603933650 ) ) ;
#1943 = CARTESIAN_POINT ( 'NONE',  ( -1.144513272756322309, 0.7052178821978849488, 0.4437463628818937855 ) ) ;
#1944 = EDGE_LOOP ( 'NONE', ( #3478, #1398, #2290, #1916, #1302 ) ) ;
#1945 = CARTESIAN_POINT ( 'NONE',  ( 3.213520868381201101, -0.1288874195384940857, 0.9095627769929605089 ) ) ;
#1946 = EDGE_CURVE ( 'NONE', #4818, #3202, #1912, .T. ) ;
#1947 = CARTESIAN_POINT ( 'NONE',  ( -1.717305642894562556, 0.1651516308368275454, -0.5610406331594381957 ) ) ;
#1948 = CARTESIAN_POINT ( 'NONE',  ( 2.261628353493284393, -0.003498008181298135726, 0.6747077174032771740 ) ) ;
#1949 = CARTESIAN_POINT ( 'NONE',  ( -13.86454444621559645, 0.2799085368786874417, 0.04019421387030597259 ) ) ;
#1950 = CARTESIAN_POINT ( 'NONE',  ( -1.258675872300002219, 0.1358122183023627305, 0.6236911560283524558 ) ) ;
#1951 = CARTESIAN_POINT ( 'NONE',  ( 14.33582779229998039, 0.5217340706311784926, -0.3951141221265145886 ) ) ;
#1952 = CARTESIAN_POINT ( 'NONE',  ( -14.33582779230001591, 0.6874900684653041383, 0.7412459757884437561 ) ) ;
#1953 = CARTESIAN_POINT ( 'NONE',  ( 1.720915451237412519, -0.007144228462525944491, 0.7078101065091568778 ) ) ;
#1954 = CARTESIAN_POINT ( 'NONE',  ( -1.229655614175521494, 0.09431884930773726250, 0.09144961687170768960 ) ) ;
#1955 = CARTESIAN_POINT ( 'NONE',  ( -2.566391064300002078, -0.01264208178198144954, -0.7094057469060384147 ) ) ;
#1956 = CARTESIAN_POINT ( 'NONE',  ( 11.07416661699805260, 0.5841972749858103109, -0.4893186195310574305 ) ) ;
#1957 = CARTESIAN_POINT ( 'NONE',  ( 7.385754652286258271, -0.6908670120413044069, 2.228679562964002603 ) ) ;
#1958 = CARTESIAN_POINT ( 'NONE',  ( -7.167181543787845222, 0.9790411258937056216, 1.623451510437202261 ) ) ;
#1959 = CARTESIAN_POINT ( 'NONE',  ( -1.258675872299999776, 0.3140612653832015044, 0.7982993305989405375 ) ) ;
#1960 = CARTESIAN_POINT ( 'NONE',  ( 11.07541360312906953, 0.5669675343948877844, -0.5435301834291871304 ) ) ;
#1961 = CARTESIAN_POINT ( 'NONE',  ( -14.33582779229999637, 0.4227356382105103005, 0.1705442167804936682 ) ) ;
#1962 = CARTESIAN_POINT ( 'NONE',  ( -2.566391064299997637, -0.08610970711696515345, -0.8048970249851739034 ) ) ;
#1963 = PRODUCT_DEFINITION_SHAPE ( 'NONE', 'NONE',  #929 ) ;
#1964 = CARTESIAN_POINT ( 'NONE',  ( -11.07153015935746510, 0.4582324534324287435, 0.3752459354308491646 ) ) ;
#1965 = CARTESIAN_POINT ( 'NONE',  ( 3.304087260389738656, 0.7139268175375912406, -1.022417707678748178 ) ) ;
#1966 = CARTESIAN_POINT ( 'NONE',  ( -2.566391064300002967, 0.3104097555896734861, -0.4034599599051704177 ) ) ;
#1967 = CARTESIAN_POINT ( 'NONE',  ( 2.566391064300002078, 0.3944919421612503307, 0.3100551653146897957 ) ) ;
#1968 = CARTESIAN_POINT ( 'NONE',  ( 2.071185277373091438, 0.5981961950936764971, -0.7035795346265656391 ) ) ;
#1969 = CARTESIAN_POINT ( 'NONE',  ( 2.566391064299998970, -0.08442086484326233320, 0.8027566445747378321 ) ) ;
#1970 = CARTESIAN_POINT ( 'NONE',  ( 1.258675872299999776, 0.3945265392960334849, -0.7707677667321045645 ) ) ;
#1971 = CARTESIAN_POINT ( 'NONE',  ( 7.386079057891119959, -0.7044718239181894104, 2.247915192451936051 ) ) ;
#1972 = CARTESIAN_POINT ( 'NONE',  ( -1.720349388762913989, 0.05648378041283468737, -0.6580957825351072543 ) ) ;
#1973 = CARTESIAN_POINT ( 'NONE',  ( 2.566391064299997637, -0.007435872358453375977, 0.7025356902246600033 ) ) ;
#1974 = CARTESIAN_POINT ( 'NONE',  ( 1.258675872299999776, 0.08280979214071074179, 0.6935328579970361229 ) ) ;
#1975 = CARTESIAN_POINT ( 'NONE',  ( -1.639587022358325541, 0.2598548387852592789, 0.6471425796920642348 ) ) ;
#1976 = CARTESIAN_POINT ( 'NONE',  ( 7.237015996421455100, 0.5493263468432189045, -0.3243501573320035636 ) ) ;
#1977 = CARTESIAN_POINT ( 'NONE',  ( -3.299243792408767639, 0.8253184467384202527, 0.7853844006150949575 ) ) ;
#1978 = CARTESIAN_POINT ( 'NONE',  ( 1.224807099046314685, 0.6492237216765117669, 0.07307682243511276488 ) ) ;
#1979 = CARTESIAN_POINT ( 'NONE',  ( -0.7442530548558675685, 0.3529661447465344826, 0.9742263735590543927 ) ) ;
#1980 = CARTESIAN_POINT ( 'NONE',  ( -2.566391064299997637, -0.03869432891329287194, -0.7435251327574750047 ) ) ;
#1981 = CARTESIAN_POINT ( 'NONE',  ( 7.371595214463406265, -0.4600953466870572606, 1.907717333409712168 ) ) ;
#1982 = CARTESIAN_POINT ( 'NONE',  ( 3.213656608912854651, -0.1100207200368180926, 0.8851530355903473035 ) ) ;
#1983 = CARTESIAN_POINT ( 'NONE',  ( -11.10113938602592576, 0.9249378871625361098, 1.506793257467181402 ) ) ;
#1984 = CARTESIAN_POINT ( 'NONE',  ( -0.7545486363475460978, 0.1942265812274563408, 0.9663674644158194438 ) ) ;
#1985 = CARTESIAN_POINT ( 'NONE',  ( 11.07220648676634411, 0.4824565283476320299, -0.4110807053007488054 ) ) ;
#1986 = CARTESIAN_POINT ( 'NONE',  ( -3.224568131962418871, 0.1836713743570837221, -0.5753843464882447689 ) ) ;
#1987 = CARTESIAN_POINT ( 'NONE',  ( -3.213510061458836997, -0.1349824278439541447, -0.9177187915526674455 ) ) ;
#1988 = CARTESIAN_POINT ( 'NONE',  ( -2.566391064300002078, 0.008904511102578720194, -0.6808496485091166672 ) ) ;
#1989 = CARTESIAN_POINT ( 'NONE',  ( 0.000000000000000000, 0.7456910972541630489, -1.225982992500000091 ) ) ;
#1990 = CARTESIAN_POINT ( 'NONE',  ( -2.566391064300000302, 0.1362311717679059730, -0.5846418570434158690 ) ) ;
#1991 = CARTESIAN_POINT ( 'NONE',  ( 3.216506743473528829, 0.02052436712475480887, 0.7574077942280037501 ) ) ;
#1992 = CARTESIAN_POINT ( 'NONE',  ( 1.258675872299999776, 0.3194362964300279106, -0.7907440282414447408 ) ) ;
#1993 = CARTESIAN_POINT ( 'NONE',  ( 1.258675872300002219, -0.01918473044349833234, 0.7804935333317115642 ) ) ;
#1994 = CARTESIAN_POINT ( 'NONE',  ( -1.193668140350567120, 0.5314182671567128091, -0.2966704511235808139 ) ) ;
#1995 = CARTESIAN_POINT ( 'NONE',  ( 7.386016818352246993, -0.7010554776885496997, 2.243199402205115600 ) ) ;
#1996 = CARTESIAN_POINT ( 'NONE',  ( -1.258675872299999998, 0.05204001363605127717, -0.7196214388075912183 ) ) ;
#1997 = CARTESIAN_POINT ( 'NONE',  ( 2.566391064300002522, 0.06759679455752937161, 0.6014294969342964814 ) ) ;
#1998 = CARTESIAN_POINT ( 'NONE',  ( -13.83347699872286185, 0.2762951204793522297, 0.03576442056126680202 ) ) ;
#1999 = CARTESIAN_POINT ( 'NONE',  ( -2.074292151600405365, 0.4002816688128575939, 0.6299197273219987459 ) ) ;
#2000 = CARTESIAN_POINT ( 'NONE',  ( 14.33582779230002124, 0.6013154139639713680, -0.7490731764362210665 ) ) ;
#2001 = CARTESIAN_POINT ( 'NONE',  ( -3.303699534142975125, 0.7615868914100222264, 0.9848014421058282064 ) ) ;
#2002 = CARTESIAN_POINT ( 'NONE',  ( 13.71563426151441512, 0.6801698262606945544, -0.9740111156114189539 ) ) ;
#2003 = CARTESIAN_POINT ( 'NONE',  ( -1.170083095194946576, 0.05183288169194982808, 0.3687725577475756689 ) ) ;
#2004 = CARTESIAN_POINT ( 'NONE',  ( -7.382190442198355740, -0.6238807652494778866, -2.122044976681687789 ) ) ;
#2005 = CARTESIAN_POINT ( 'NONE',  ( 11.07202072982161312, 0.5053654573734270850, -0.3977014165667447920 ) ) ;
#2006 = CARTESIAN_POINT ( 'NONE',  ( 7.384515140688463042, -0.6615725760252996190, 2.183990652391348153 ) ) ;
#2007 = VECTOR ( 'NONE', #3178, 39.37007874015748143 ) ;
#2008 = CARTESIAN_POINT ( 'NONE',  ( -3.304098318535813483, 0.6993873528796313854, 1.016975075516608484 ) ) ;
#2009 = CARTESIAN_POINT ( 'NONE',  ( -1.170083095194946576, 0.05183288169194982808, 0.3687725577475756689 ) ) ;
#2010 = CARTESIAN_POINT ( 'NONE',  ( 14.33582779229997684, 0.3448496399749636510, -0.1178363831224438496 ) ) ;
#2011 = CARTESIAN_POINT ( 'NONE',  ( -3.215063655410704158, -0.02529249362723735503, -0.8054972759231889823 ) ) ;
#2012 = CARTESIAN_POINT ( 'NONE',  ( -3.213513132099774960, -0.1321636625825175215, -0.9137107146865648399 ) ) ;
#2013 = CARTESIAN_POINT ( 'NONE',  ( -14.33582779230000526, 0.3043163852152877547, 0.06327987102463347724 ) ) ;
#2014 = CARTESIAN_POINT ( 'NONE',  ( -1.185099703253796433, 0.06220860232342052126, 0.3151926676568667651 ) ) ;
#2015 = CARTESIAN_POINT ( 'NONE',  ( -14.33582779229999460, 0.3787628739022578794, 0.1256732857781565071 ) ) ;
#2016 = CARTESIAN_POINT ( 'NONE',  ( 2.566391064300004743, 0.2241878980495738971, 0.4948884805799602660 ) ) ;
#2017 = CARTESIAN_POINT ( 'NONE',  ( 1.258675872299999776, 0.3640641140712234103, -0.7822107190697042967 ) ) ;
#2018 = CARTESIAN_POINT ( 'NONE',  ( -0.7686987775103568676, 0.4195871094161551240, 0.9550557272558524158 ) ) ;
#2019 = CARTESIAN_POINT ( 'NONE',  ( 14.33582779230001591, 0.2718279402274845213, -0.02114334119739730636 ) ) ;
#2020 = CARTESIAN_POINT ( 'NONE',  ( -1.720942056790966346, -0.01480742630697448083, -0.7237456014546790328 ) ) ;
#2021 = CARTESIAN_POINT ( 'NONE',  ( 1.717718046467629378, 0.07187392538147928389, 0.5439956726031065504 ) ) ;
#2022 = CARTESIAN_POINT ( 'NONE',  ( -13.94844215486905803, 0.3017016994122040940, 0.06044580114828067979 ) ) ;
#2023 = CARTESIAN_POINT ( 'NONE',  ( -2.566391064299993197, 0.7465502733857535267, 0.6762111464391743487 ) ) ;
#2024 = CARTESIAN_POINT ( 'NONE',  ( 7.190559425789259329, 0.8434800761315862649, -1.131529985597312216 ) ) ;
#2025 = CARTESIAN_POINT ( 'NONE',  ( -11.09176977704434996, 0.9690009486810280404, 1.069236770539787162 ) ) ;
#2026 = CARTESIAN_POINT ( 'NONE',  ( 14.00824022507571520, 0.6307565180742006339, -0.7967703131849229736 ) ) ;
#2027 = CARTESIAN_POINT ( 'NONE',  ( -1.719868575477537131, 0.03523875930162276293, -0.6214997192005781157 ) ) ;
#2028 = CARTESIAN_POINT ( 'NONE',  ( -0.8532829707856126600, 0.5287438043322444381, 0.8833535772798941643 ) ) ;
#2029 = CARTESIAN_POINT ( 'NONE',  ( -2.566391064299997637, -0.004006569289067805038, -0.6979959517692020388 ) ) ;
#2030 = CARTESIAN_POINT ( 'NONE',  ( 11.07759774141386089, 0.6800481143565858533, -0.6096639323018996359 ) ) ;
#2031 = B_SPLINE_CURVE_WITH_KNOTS ( 'NONE', 3,
 ( #4346, #427, #2179, #1320, #3067, #889, #316 ),
 .UNSPECIFIED., .F., .F.,
 ( 4, 1, 1, 1, 4 ),
 ( 0.000000000000000000, 0.2247494352173335930, 0.3916111649799878802, 0.4212594900500846729, 0.4454000004099990528 ),
 .UNSPECIFIED. ) ;
#2032 = CARTESIAN_POINT ( 'NONE',  ( 2.566391064299998970, -0.02998582986422305280, 0.7321705169620851272 ) ) ;
#2033 = DIRECTION ( 'NONE',  ( 0.000000000000000000, 1.000000000000000000, 0.000000000000000000 ) ) ;
#2034 = CARTESIAN_POINT ( 'NONE',  ( -1.258675872299999776, 0.1315883503442996649, 0.6405433003142100290 ) ) ;
#2035 = CARTESIAN_POINT ( 'NONE',  ( 2.566391064300008296, 0.5703041776686161857, -0.4427563536196959526 ) ) ;
#2036 = CARTESIAN_POINT ( 'NONE',  ( -11.07034192407119022, 0.3728087815348278822, 0.2575724483303800660 ) ) ;
#2037 = CARTESIAN_POINT ( 'NONE',  ( -3.213524472031497048, -0.1278137524295571981, -0.9081843232563966417 ) ) ;
#2038 = CARTESIAN_POINT ( 'NONE',  ( -14.33582779229999637, 0.3406344758467942380, 0.1120552799881373851 ) ) ;
#2039 = CARTESIAN_POINT ( 'NONE',  ( -1.127478027625157031, 0.01587692412374427930, -0.4940839400168666184 ) ) ;
#2040 = CARTESIAN_POINT ( 'NONE',  ( -2.566391064300002078, 0.3944919421612503307, -0.3100551653146897957 ) ) ;
#2041 = CARTESIAN_POINT ( 'NONE',  ( 7.380713812416804132, -0.5797727885432789607, 2.090182249070404730 ) ) ;
#2042 = CARTESIAN_POINT ( 'NONE',  ( 1.636007184266563552, 0.4103047201624565044, -0.7919489884889178155 ) ) ;
#2043 = AXIS2_PLACEMENT_3D ( 'NONE', #5047, #4941, #676 ) ;
#2044 = CARTESIAN_POINT ( 'NONE',  ( -7.164770572209262944, 1.080569643824575321, 1.726289417795361159 ) ) ;
#2045 = CARTESIAN_POINT ( 'NONE',  ( -11.08164853378428738, 0.6871082714720273543, 0.7514986618123725703 ) ) ;
#2046 = CARTESIAN_POINT ( 'NONE',  ( -2.566391064300000302, -0.07597446161203728898, -0.7915761697283881793 ) ) ;
#2047 = CARTESIAN_POINT ( 'NONE',  ( 11.07034794026264812, 0.3767581512946676092, -0.2631131288349869979 ) ) ;
#2048 = CARTESIAN_POINT ( 'NONE',  ( 3.304038017082994383, 0.7283566282827620419, -1.016428573434339899 ) ) ;
#2049 = CARTESIAN_POINT ( 'NONE',  ( 1.258675872299999998, 0.01435627485082998679, 0.6872720775783747182 ) ) ;
#2050 = CARTESIAN_POINT ( 'NONE',  ( 1.042652361945180850, -0.02694323924675183154, 0.6535839991453912257 ) ) ;
#2051 = CARTESIAN_POINT ( 'NONE',  ( -1.637408286500268151, 0.5112723700678103445, 0.7321259648018544341 ) ) ;
#2052 = CARTESIAN_POINT ( 'NONE',  ( 2.566391064299994973, 0.5726848603930134729, -0.4999382373975047034 ) ) ;
#2053 = CARTESIAN_POINT ( 'NONE',  ( -2.566391064299997637, 0.7730487403278015757, 0.3968286673134049924 ) ) ;
#2054 = CARTESIAN_POINT ( 'NONE',  ( 13.98480659310213703, 0.6344361143503216560, -0.8200974610787601371 ) ) ;
#2055 = EDGE_CURVE ( 'NONE', #194, #2496, #1466, .T. ) ;
#2056 = CARTESIAN_POINT ( 'NONE',  ( -2.252393939875261708, 0.08004113248360245070, -0.5374491058284309730 ) ) ;
#2057 = CARTESIAN_POINT ( 'NONE',  ( -1.258675872299999776, 0.2004949339628461502, -0.03690472993182254691 ) ) ;
#2058 = CARTESIAN_POINT ( 'NONE',  ( -14.33582779229998927, 0.3321675622482811452, 0.1005200249344151281 ) ) ;
#2059 = CARTESIAN_POINT ( 'NONE',  ( 14.33582779230001591, 0.4045009171206292997, -0.1517627572924934720 ) ) ;
#2060 = CARTESIAN_POINT ( 'NONE',  ( 2.566391064299997637, -0.01696890633307328311, 0.7151038234205485677 ) ) ;
#2061 = CARTESIAN_POINT ( 'NONE',  ( 0.7376854393641777419, -0.1343417315601641848, 0.9792113514984740474 ) ) ;
#2062 = CARTESIAN_POINT ( 'NONE',  ( -0.7371909244550536311, -0.1367866873732009048, -0.9795835021206161786 ) ) ;
#2063 = CARTESIAN_POINT ( 'NONE',  ( 2.566391064299999414, 0.3082385999512268770, 0.2444434716872919133 ) ) ;
#2064 = CARTESIAN_POINT ( 'NONE',  ( -3.214141682481680640, -0.06675921013156738137, -0.8479121887645275635 ) ) ;
#2065 = CARTESIAN_POINT ( 'NONE',  ( -14.33582779229998927, 0.2721034007584537950, 0.02149557257027873494 ) ) ;
#2066 = CARTESIAN_POINT ( 'NONE',  ( -7.371117525048198615, -0.4963068385056812470, -1.892634283388175742 ) ) ;
#2067 = CARTESIAN_POINT ( 'NONE',  ( -1.135342538910913301, 0.03109524914023056863, 0.4678582920440282900 ) ) ;
#2068 = CARTESIAN_POINT ( 'NONE',  ( 0.000000000000000000, -0.1697095371458367807, 0.000000000000000000 ) ) ;
#2069 = CARTESIAN_POINT ( 'NONE',  ( 7.378806454679342153, -0.5517391352854529307, 2.049203167517315460 ) ) ;
#2070 = CARTESIAN_POINT ( 'NONE',  ( 1.258675872299999998, 0.5129427100767364189, -0.6596157718590932584 ) ) ;
#2071 = CARTESIAN_POINT ( 'NONE',  ( -2.566391064300000302, 0.6862015167040260710, 0.8043588025977665978 ) ) ;
#2072 = CARTESIAN_POINT ( 'NONE',  ( -7.274768759909416183, 0.2800486778710002955, -0.2906356889508295294 ) ) ;
#2073 = CARTESIAN_POINT ( 'NONE',  ( -7.386131740122245048, -0.7082812822299865418, -2.253077080944475341 ) ) ;
#2074 = CARTESIAN_POINT ( 'NONE',  ( 11.07035040557855687, 0.3778172718300149002, -0.2644782566023957115 ) ) ;
#2075 = CARTESIAN_POINT ( 'NONE',  ( 2.566391064299999858, 0.6212848363331429091, -0.8359788181397669327 ) ) ;
#2076 = CARTESIAN_POINT ( 'NONE',  ( 2.247598595566796753, 0.1067126376309416036, 0.4919043722648040462 ) ) ;
#2077 = CARTESIAN_POINT ( 'NONE',  ( 1.229655614175521494, 0.09431884930773726250, -0.09144961687170768960 ) ) ;
#2078 = CARTESIAN_POINT ( 'NONE',  ( -2.067864135957726557, 0.4944492784656934203, 0.7870327899454369058 ) ) ;
#2079 = CARTESIAN_POINT ( 'NONE',  ( 2.566391064300002522, 0.5887151921186805081, -0.7282151568225502247 ) ) ;
#2080 = CARTESIAN_POINT ( 'NONE',  ( -14.33582779229999815, 0.6682713623187664931, 0.4944632358677845674 ) ) ;
#2081 = CARTESIAN_POINT ( 'NONE',  ( 1.258675872299999776, 0.08496340698033083561, 0.6916984905591712085 ) ) ;
#2082 = CARTESIAN_POINT ( 'NONE',  ( -1.715197586265173602, 0.1007022092419783271, -0.4806866429901597848 ) ) ;
#2083 = CARTESIAN_POINT ( 'NONE',  ( 0.9602134677142701857, -0.06107153888123450364, 0.7646775874324664990 ) ) ;
#2084 = CARTESIAN_POINT ( 'NONE',  ( -11.07078406103052259, 0.4225419815163965476, 0.3244170382397242314 ) ) ;
#2085 = CARTESIAN_POINT ( 'NONE',  ( 3.216506743473528829, 0.02052436712475480887, 0.7574077942280037501 ) ) ;
#2086 = CARTESIAN_POINT ( 'NONE',  ( 7.383363203712706380, -0.6415943919684390373, 2.151647062915412523 ) ) ;
#2087 = CARTESIAN_POINT ( 'NONE',  ( 0.7371432520549838774, -0.1376419139370727018, 0.9796193809700957100 ) ) ;
#2088 = CARTESIAN_POINT ( 'NONE',  ( -1.258675872299999776, 0.08441072811330309345, -0.6921693337213619124 ) ) ;
#2089 = CARTESIAN_POINT ( 'NONE',  ( 3.246197865685655604, 0.3293116537548371747, 0.2027428770244196210 ) ) ;
#2090 = ADVANCED_BREP_SHAPE_REPRESENTATION ( 'Propellor 28in', ( #594, #1310 ), #2955 ) ;
#2091 = CARTESIAN_POINT ( 'NONE',  ( -14.33582779229998927, 0.2891738714763150697, 0.03756055461992897915 ) ) ;
#2092 = CARTESIAN_POINT ( 'NONE',  ( -14.33582779229994664, 0.2690425371063445703, 0.01760805840332673594 ) ) ;
#2093 = CARTESIAN_POINT ( 'NONE',  ( -11.07541360312906953, 0.5669675343948877844, 0.5435301834291871304 ) ) ;
#2094 = CARTESIAN_POINT ( 'NONE',  ( 7.164770572209262944, 1.080569643824575321, -1.726289417795361159 ) ) ;
#2095 = CARTESIAN_POINT ( 'NONE',  ( 0.7376361199289190873, -0.1382729668552165336, 0.9792483099170832261 ) ) ;
#2096 = CARTESIAN_POINT ( 'NONE',  ( 14.33582779229999637, 0.4227356382105103005, -0.1705442167804936682 ) ) ;
#2097 = CARTESIAN_POINT ( 'NONE',  ( 2.566391064299997637, 0.7598455327745462506, -0.6146281985565638095 ) ) ;
#2098 = CARTESIAN_POINT ( 'NONE',  ( -2.566391064300001190, 0.7261137648585593851, 0.7369137058928847406 ) ) ;
#2099 = CARTESIAN_POINT ( 'NONE',  ( -11.09564843942734669, 0.8856186682778323105, 1.218784479146971966 ) ) ;
#2100 = CARTESIAN_POINT ( 'NONE',  ( -3.213530834861009211, -0.1262027458809555636, -0.9061136560667840678 ) ) ;
#2101 = B_SPLINE_CURVE_WITH_KNOTS ( 'NONE', 1,
 ( #5596, #3398 ),
 .UNSPECIFIED., .F., .F.,
 ( 2, 2 ),
 ( 0.000000000000000000, 1.000000000000000000 ),
 .UNSPECIFIED. ) ;
#2102 = CARTESIAN_POINT ( 'NONE',  ( 2.566391064299997637, -0.03869432891329287194, 0.7435251327574750047 ) ) ;
#2103 = CARTESIAN_POINT ( 'NONE',  ( 3.303699534142975125, 0.7615868914100222264, -0.9848014421058282064 ) ) ;
#2104 = CARTESIAN_POINT ( 'NONE',  ( 1.258675872299999776, 0.1102058223103695306, 0.4001201091353556727 ) ) ;
#2105 = CARTESIAN_POINT ( 'NONE',  ( 1.123515501194430444, 0.3818387909788286683, 0.5147393975179838099 ) ) ;
#2106 = CARTESIAN_POINT ( 'NONE',  ( -1.258675872299999776, 0.3043073248102405870, 0.7916591032307864761 ) ) ;
#2107 = CARTESIAN_POINT ( 'NONE',  ( -13.98835067963455892, 0.3179995341510205020, 0.07589037382131361142 ) ) ;
#2108 = CARTESIAN_POINT ( 'NONE',  ( 11.07083330186155123, 0.4254835865613705859, -0.3285127843921087365 ) ) ;
#2109 = CARTESIAN_POINT ( 'NONE',  ( 2.566391064300000302, 0.07028598747865523466, 0.6502537760923007282 ) ) ;
#2110 = CARTESIAN_POINT ( 'NONE',  ( 13.82617713098633416, 0.2756232485104277985, -0.03491287754250103903 ) ) ;
#2111 = CARTESIAN_POINT ( 'NONE',  ( -1.258675872300000442, 0.07785914103661215058, -0.5025598771054963221 ) ) ;
#2112 = CARTESIAN_POINT ( 'NONE',  ( 1.186706625926907455, 0.05486693573844641375, 0.3228017077643201005 ) ) ;
#2113 = CARTESIAN_POINT ( 'NONE',  ( 14.33582779229999815, 0.3453571389648049661, -0.09244052986636962232 ) ) ;
#2114 = CARTESIAN_POINT ( 'NONE',  ( 7.385457663554347185, -0.6822769074412272650, 2.215979138454986064 ) ) ;
#2115 = CARTESIAN_POINT ( 'NONE',  ( 0.8031577666839507801, -0.04413801566226371181, 0.9271452465197009829 ) ) ;
#2116 = CARTESIAN_POINT ( 'NONE',  ( -0.8031577666839488927, -0.04413801566226461387, -0.9271452465197023152 ) ) ;
#2117 = CARTESIAN_POINT ( 'NONE',  ( 7.224177880883756231, 0.6366659819404816290, -0.5394413844698495719 ) ) ;
#2118 = CARTESIAN_POINT ( 'NONE',  ( -11.07047944922596727, 0.4064510816848663777, 0.2921768101140665430 ) ) ;
#2119 = CARTESIAN_POINT ( 'NONE',  ( -7.386161658691488441, -0.7115190107149180765, -2.257393063034827563 ) ) ;
#2120 = CARTESIAN_POINT ( 'NONE',  ( -11.07417952674707884, 0.5378914383674939792, 0.4967191095273477131 ) ) ;
#2121 = CARTESIAN_POINT ( 'NONE',  ( 3.301877013442943820, 0.8079355971939623515, -0.8840289683569911849 ) ) ;
#2122 = CARTESIAN_POINT ( 'NONE',  ( 0.9140464189358308289, -0.07796409365467166230, 0.8171882215369155045 ) ) ;
#2123 = CARTESIAN_POINT ( 'NONE',  ( 7.385828999076337276, -0.6878641335562110104, 2.231888520826865285 ) ) ;
#2124 = CARTESIAN_POINT ( 'NONE',  ( 2.076184845095179199, 0.6392661104772248137, -0.6238533053510185722 ) ) ;
#2125 = CARTESIAN_POINT ( 'NONE',  ( -1.720895146695054612, -0.004519257118140927211, -0.7025303333009660367 ) ) ;
#2126 = CARTESIAN_POINT ( 'NONE',  ( -3.302544649012236544, 0.7983281133333883783, 0.9150762793014265428 ) ) ;
#2127 = CARTESIAN_POINT ( 'NONE',  ( -2.566391064299995417, 0.5093839167332008255, 0.1449312979587929207 ) ) ;
#2128 = CARTESIAN_POINT ( 'NONE',  ( -2.566391064299998970, -0.06606707205605831523, -0.7788869154141762063 ) ) ;
#2129 = CARTESIAN_POINT ( 'NONE',  ( 7.385917891833303273, -0.6967145907460585708, 2.237089768797157596 ) ) ;
#2130 = CARTESIAN_POINT ( 'NONE',  ( 0.7376361199289190873, -0.1382729668552165336, 0.9792483099170832261 ) ) ;
#2131 = CARTESIAN_POINT ( 'NONE',  ( 1.679774324006509501, 0.2818471270888193714, -0.02337951982009680088 ) ) ;
#2132 = CARTESIAN_POINT ( 'NONE',  ( 1.258675872299999776, 0.3140612653832015044, -0.7982993305989405375 ) ) ;
#2133 = CARTESIAN_POINT ( 'NONE',  ( -2.070188339761848795, 0.5832721110801540876, 0.7235188991034650074 ) ) ;
#2134 = CARTESIAN_POINT ( 'NONE',  ( 2.566391064299999858, 0.6174570415925533240, -0.8331329886902907322 ) ) ;
#2135 = CARTESIAN_POINT ( 'NONE',  ( 14.33582779230000703, 0.3064766369093352982, -0.06613099216724364904 ) ) ;
#2136 = CARTESIAN_POINT ( 'NONE',  ( 1.258675872300000442, 0.003883887409954217204, 0.7603685114597152905 ) ) ;
#2137 = CARTESIAN_POINT ( 'NONE',  ( 13.83241655963225192, 0.2763995499446237347, -0.03563609021559673018 ) ) ;
#2138 = CARTESIAN_POINT ( 'NONE',  ( -2.256391362103084663, 0.05279371477478912722, -0.5830760847044899053 ) ) ;
#2139 = CARTESIAN_POINT ( 'NONE',  ( -0.7634801697248638774, -0.09443721001044373675, -0.9595268311031845965 ) ) ;
#2140 = CARTESIAN_POINT ( 'NONE',  ( 14.33582779229999637, 0.2835713825887986039, -0.03205759708185607765 ) ) ;
#2141 = CARTESIAN_POINT ( 'NONE',  ( 14.33582779229999637, 0.3406344758467942380, -0.1120552799881373851 ) ) ;
#2142 = CARTESIAN_POINT ( 'NONE',  ( -2.262864310994609607, -0.04402538093933496682, -0.7388358190757707833 ) ) ;
#2143 = CARTESIAN_POINT ( 'NONE',  ( -1.258675872299999554, 0.08385624371550898237, -0.6926416108594900534 ) ) ;
#2144 = CARTESIAN_POINT ( 'NONE',  ( 3.293040172460543591, 0.6317048203277351170, -0.5941464510684194567 ) ) ;
#2145 = CARTESIAN_POINT ( 'NONE',  ( -2.566391064299997637, -0.08437522390495014180, -0.8027231163277351866 ) ) ;
#2146 = CARTESIAN_POINT ( 'NONE',  ( -3.213526465454007219, -0.1272763324753215519, -0.9074943539071569365 ) ) ;
#2147 = CARTESIAN_POINT ( 'NONE',  ( -11.07279531476495293, 0.5008041225500445837, 0.4388555222243474829 ) ) ;
#2148 = CARTESIAN_POINT ( 'NONE',  ( 11.10113938602596306, 1.014593160886593237, -1.529801464086646856 ) ) ;
#2149 = CARTESIAN_POINT ( 'NONE',  ( 2.262871084584682446, -0.04707593439142069430, 0.7439713798184693916 ) ) ;
#2150 = CARTESIAN_POINT ( 'NONE',  ( 14.33582779229998927, 0.2891738714763150697, -0.03756055461992897915 ) ) ;
#2151 = CARTESIAN_POINT ( 'NONE',  ( 2.566391064300002522, 0.7372814190166450121, -0.2109173110640117921 ) ) ;
#2152 = CARTESIAN_POINT ( 'NONE',  ( -1.258675872299998666, -0.01604501500338044451, -0.7706247265695839177 ) ) ;
#2153 = CARTESIAN_POINT ( 'NONE',  ( -2.566391064300002522, 0.5282371156294568548, -0.1488664627500904114 ) ) ;
#2154 = CARTESIAN_POINT ( 'NONE',  ( -11.07759774141379516, 0.6128171320275179745, 0.6200197961162980942 ) ) ;
#2155 = CARTESIAN_POINT ( 'NONE',  ( -11.07035880134547412, 0.3806480469921966203, 0.2681366834387297060 ) ) ;
#2156 = CARTESIAN_POINT ( 'NONE',  ( 3.213633299334432536, -0.1121850984701845827, 0.8879759112077189043 ) ) ;
#2157 = CARTESIAN_POINT ( 'NONE',  ( 11.10147844624075297, 0.9967068102927231221, -1.567991413246081933 ) ) ;
#2158 = CARTESIAN_POINT ( 'NONE',  ( 1.690273755855739246, 0.2463206924221927330, 0.1052947985333982373 ) ) ;
#2159 = CARTESIAN_POINT ( 'NONE',  ( 1.183745904150338868, 0.7227127685126583101, -0.3310247496589551197 ) ) ;
#2160 = CARTESIAN_POINT ( 'NONE',  ( -2.566391064300003855, 0.4762579099001829075, -0.2136645282452032668 ) ) ;
#2161 = ORIENTED_EDGE ( 'NONE', *, *, #1343, .T. ) ;
#2162 = CARTESIAN_POINT ( 'NONE',  ( -1.258675872299999776, 0.3945265392960334849, 0.7707677667321045645 ) ) ;
#2163 = CARTESIAN_POINT ( 'NONE',  ( 7.378774580385844217, -0.5795510926013343056, 2.045011965075561822 ) ) ;
#2164 = CARTESIAN_POINT ( 'NONE',  ( 14.33582779229998927, 0.2721034007584537950, -0.02149557257027873494 ) ) ;
#2165 = CARTESIAN_POINT ( 'NONE',  ( 2.566391064299994529, -0.04261889482227583514, 0.7605444075830550821 ) ) ;
#2166 = CARTESIAN_POINT ( 'NONE',  ( 13.94844215486905803, 0.3017016994122040940, -0.06044580114828067979 ) ) ;
#2167 = CARTESIAN_POINT ( 'NONE',  ( -1.258675872300001553, 0.1205242947252384428, -0.3658725501240772116 ) ) ;
#2168 = CARTESIAN_POINT ( 'NONE',  ( -0.7371909244550536311, -0.1367866873732009048, -0.9795835021206161786 ) ) ;
#2169 = CARTESIAN_POINT ( 'NONE',  ( 14.33582779230000703, 0.2734122955926004961, -0.02185709819379478419 ) ) ;
#2170 = CARTESIAN_POINT ( 'NONE',  ( 2.566391064300002967, 0.02603109007957076990, 0.6579222552347018249 ) ) ;
#2171 = CARTESIAN_POINT ( 'NONE',  ( -2.566391064299999858, -0.08745398196775532040, -0.8055160133749110773 ) ) ;
#2172 = CARTESIAN_POINT ( 'NONE',  ( -0.7376361199289190873, -0.1382729668552167557, -0.9792483099170830041 ) ) ;
#2173 = CARTESIAN_POINT ( 'NONE',  ( 11.09964185513539370, 0.9119973558241344369, -1.401949008052324475 ) ) ;
#2174 = CARTESIAN_POINT ( 'NONE',  ( -3.213509985887135656, -0.1362876198016519935, -0.9183214324288432318 ) ) ;
#2175 = CARTESIAN_POINT ( 'NONE',  ( -7.386100959950991474, -0.7059114850436161159, -2.249877287636487644 ) ) ;
#2176 = ADVANCED_FACE ( 'NONE', ( #1186 ), #1923, .T. ) ;
#2177 = CARTESIAN_POINT ( 'NONE',  ( -7.305776072860613368, 0.04880085127267751177, -0.7900307338902735621 ) ) ;
#2178 = CARTESIAN_POINT ( 'NONE',  ( 14.33582779229998039, 0.6838005134926349315, -0.7565211054655411882 ) ) ;
#2179 = CARTESIAN_POINT ( 'NONE',  ( 1.258675872299999776, 0.2975441699243579485, -0.02664111107290822317 ) ) ;
#2180 = CARTESIAN_POINT ( 'NONE',  ( 11.07034317591712735, 0.3747780805099719670, -0.2597072591361466731 ) ) ;
#2181 = CARTESIAN_POINT ( 'NONE',  ( 2.566391064300000302, 0.7714915662815011732, -0.5209596597497412329 ) ) ;
#2182 = CARTESIAN_POINT ( 'NONE',  ( -1.258675872300000664, -0.01633519403976031389, -0.7714214342961428494 ) ) ;
#2183 = DIMENSIONAL_EXPONENTS ( 1.000000000000000000, 0.000000000000000000, 0.000000000000000000, 0.000000000000000000, 0.000000000000000000, 0.000000000000000000, 0.000000000000000000 ) ;
#2184 = CARTESIAN_POINT ( 'NONE',  ( -11.09999759044278811, 1.031158226182767201, 1.442006497290672984 ) ) ;
#2185 = CARTESIAN_POINT ( 'NONE',  ( -3.213764668813929859, -0.09277631029734353940, -0.8741262160538344483 ) ) ;
#2186 = CARTESIAN_POINT ( 'NONE',  ( -2.566391064300004743, -0.05399413604152392826, -0.7633499486789759869 ) ) ;
#2187 = CARTESIAN_POINT ( 'NONE',  ( 11.07038416138202308, 0.3863363835853703687, -0.2755426874076483679 ) ) ;
#2188 = CARTESIAN_POINT ( 'NONE',  ( 3.297811762492014243, 0.8291064834792847282, -0.7398160145848809988 ) ) ;
#2189 = CARTESIAN_POINT ( 'NONE',  ( 2.249689188617261859, 0.09566935789047517624, 0.5108732993183954241 ) ) ;
#2190 = CARTESIAN_POINT ( 'NONE',  ( 1.215889019752888656, 0.7207197982964678173, -0.1801475112482807672 ) ) ;
#2191 = CARTESIAN_POINT ( 'NONE',  ( -1.258675872299999554, 0.5961899146815871076, 0.2168276770820155575 ) ) ;
#2192 = CARTESIAN_POINT ( 'NONE',  ( -11.09964185513539370, 0.9119973558241344369, 1.401949008052324475 ) ) ;
#2193 = CARTESIAN_POINT ( 'NONE',  ( -11.07185146866730996, 0.4703059911959275308, 0.3929785119872546972 ) ) ;
#2194 = ORIENTED_EDGE ( 'NONE', *, *, #2535, .T. ) ;
#2195 = CARTESIAN_POINT ( 'NONE',  ( -14.14459936504109017, 0.4610666900398924795, 0.2188918885249218904 ) ) ;
#2196 = CARTESIAN_POINT ( 'NONE',  ( 7.384254249594209618, -0.6567137285538965363, 2.176241960996398550 ) ) ;
#2197 = CARTESIAN_POINT ( 'NONE',  ( 11.07034420100901784, 0.3746418646560437660, -0.2603927485671216902 ) ) ;
#2198 = CARTESIAN_POINT ( 'NONE',  ( 2.566391064300002078, 0.1150191330285433855, 0.6058905960406598679 ) ) ;
#2199 = CYLINDRICAL_SURFACE ( 'NONE', #549, 1.225982992500000091 ) ;
#2200 = CARTESIAN_POINT ( 'NONE',  ( -2.566391064300002078, 0.1667136171147343693, -0.4614150711959375539 ) ) ;
#2201 = CARTESIAN_POINT ( 'NONE',  ( 1.079654371959908543, 0.006215731867660272136, -0.5880858279589619153 ) ) ;
#2202 = CARTESIAN_POINT ( 'NONE',  ( 14.33582779230001591, 0.3022915394296518676, -0.05035883818326016698 ) ) ;
#2203 = CARTESIAN_POINT ( 'NONE',  ( 2.566391064300006519, 0.08800275005419101737, 0.5732498842151784180 ) ) ;
#2204 = CARTESIAN_POINT ( 'NONE',  ( -1.258675872300002663, -0.01828197967662992945, -0.7769223522678041505 ) ) ;
#2205 = CARTESIAN_POINT ( 'NONE',  ( 13.70448002924510611, 0.6880765399120759573, -0.9791881204299588415 ) ) ;
#2206 = CARTESIAN_POINT ( 'NONE',  ( 2.566391064299994085, 0.5776245813667905127, -0.6142983291993108219 ) ) ;
#2207 = CARTESIAN_POINT ( 'NONE',  ( -11.07034292943518317, 0.3736159212862066314, 0.2590470712417119459 ) ) ;
#2208 = CARTESIAN_POINT ( 'NONE',  ( -2.566391064299999858, -0.06057376778143847007, -0.7718289774829568684 ) ) ;
#2209 = CARTESIAN_POINT ( 'NONE',  ( -7.237015996421455100, 0.5493263468432189045, 0.3243501573320035636 ) ) ;
#2210 = CARTESIAN_POINT ( 'NONE',  ( -2.566391064299999858, -0.08690578296312279072, -0.8057248026979634270 ) ) ;
#2211 = CARTESIAN_POINT ( 'NONE',  ( 7.386177305473072607, -0.7153244911296964270, 2.262584201630299496 ) ) ;
#2212 = CARTESIAN_POINT ( 'NONE',  ( 1.258675872300001553, 0.4473352927707816007, 0.3073904558912816665 ) ) ;
#2213 = CARTESIAN_POINT ( 'NONE',  ( -2.566391064300002522, -0.07989421605094289280, -0.7965879130351858350 ) ) ;
#2214 =( CONVERSION_BASED_UNIT ( 'INCH', #5238 ) LENGTH_UNIT ( ) NAMED_UNIT ( #902 ) );
#2215 = CARTESIAN_POINT ( 'NONE',  ( -2.566391064299997637, 0.7548896488314887909, 0.2724738925326049555 ) ) ;
#2216 = CARTESIAN_POINT ( 'NONE',  ( -14.33582779229999993, 0.3676651677412505204, 0.1145582534465348634 ) ) ;
#2217 = CARTESIAN_POINT ( 'NONE',  ( -11.07044273712708637, 0.3949263883696438326, 0.2868704267997563284 ) ) ;
#2218 = CARTESIAN_POINT ( 'NONE',  ( 7.385874180887774365, -0.6950163920213040525, 2.234669617458218571 ) ) ;
#2219 = CARTESIAN_POINT ( 'NONE',  ( 11.09999759044278811, 1.031158226182767201, -1.442006497290672984 ) ) ;
#2220 = CARTESIAN_POINT ( 'NONE',  ( 1.258675872299999776, 0.1635333554611950180, -0.7473610422882445148 ) ) ;
#2221 = CARTESIAN_POINT ( 'NONE',  ( 1.258675872299999776, 0.1350170979461610965, -0.7133212061560931794 ) ) ;
#2222 = CARTESIAN_POINT ( 'NONE',  ( -1.258675872299999776, 0.5726449997617705234, 0.5199646906098622789 ) ) ;
#2223 = EDGE_LOOP ( 'NONE', ( #3230, #4878, #534, #5249 ) ) ;
#2224 = CARTESIAN_POINT ( 'NONE',  ( -7.163948215430758992, 1.006245529243340098, 1.730992972585864820 ) ) ;
#2225 = EDGE_CURVE ( 'NONE', #2620, #4454, #5641, .T. ) ;
#2226 = CARTESIAN_POINT ( 'NONE',  ( -3.223191392776040054, 0.09499394909899559758, -0.5924771244454392072 ) ) ;
#2227 = VERTEX_POINT ( 'NONE', #3630 ) ;
#2228 = CARTESIAN_POINT ( 'NONE',  ( 3.304098318535813483, 0.6993873528796313854, -1.016975075516608484 ) ) ;
#2229 = CARTESIAN_POINT ( 'NONE',  ( 11.07061197586862455, 0.4108399669613256311, -0.3083023963068225459 ) ) ;
#2230 = CARTESIAN_POINT ( 'NONE',  ( 11.07034471361332351, 0.3749991530197138712, -0.2608469379870228533 ) ) ;
#2231 = CARTESIAN_POINT ( 'NONE',  ( 1.258675872300000442, 0.03660560797794234350, 0.7326453788621256624 ) ) ;
#2232 = CARTESIAN_POINT ( 'NONE',  ( 14.11146014126308934, 0.3762546487841235132, -0.1674347508823493813 ) ) ;
#2233 = CARTESIAN_POINT ( 'NONE',  ( -1.258675872300002663, 0.1473788568083738149, -0.2713484099752354606 ) ) ;
#2234 = CARTESIAN_POINT ( 'NONE',  ( 1.144513272756321864, 0.7052178821978855039, -0.4437463628818935080 ) ) ;
#2235 = CARTESIAN_POINT ( 'NONE',  ( 7.386177491354573910, -0.7158940042271014770, 2.263307923043521797 ) ) ;
#2236 = CARTESIAN_POINT ( 'NONE',  ( 2.566391064300002078, 0.06842418213653242431, 0.6002924803399537490 ) ) ;
#2237 = CARTESIAN_POINT ( 'NONE',  ( -1.258675872299999776, -0.02000367995141186586, -0.7825746857335993401 ) ) ;
#2238 = CARTESIAN_POINT ( 'NONE',  ( -1.258675872299999776, 0.3337664168049107594, 0.7961644903032615295 ) ) ;
#2239 = CARTESIAN_POINT ( 'NONE',  ( 2.566391064300004743, 0.5813153068161089898, -0.6618547416386370008 ) ) ;
#2240 = CARTESIAN_POINT ( 'NONE',  ( -7.386177172611645858, -0.7144428378780595112, -2.262029740003955069 ) ) ;
#2241 = CARTESIAN_POINT ( 'NONE',  ( -3.213538343478194115, -0.1245906118254177797, -0.9040388528586235095 ) ) ;
#2242 = CARTESIAN_POINT ( 'NONE',  ( 11.09312386627868996, 0.9887662196647960533, -1.119550041320744427 ) ) ;
#2243 = CARTESIAN_POINT ( 'NONE',  ( -7.274768759909416183, 0.2800486778710002955, -0.2906356889508295294 ) ) ;
#2244 = CARTESIAN_POINT ( 'NONE',  ( -2.566391064300000302, 0.7031777748311255349, 0.7804091085095147262 ) ) ;
#2245 = CARTESIAN_POINT ( 'NONE',  ( 2.566391064299992308, -0.07446025683226902003, 0.7922812202756155386 ) ) ;
#2246 = CARTESIAN_POINT ( 'NONE',  ( 2.566391064299994973, 0.2252570677413921751, 0.4937769402634692439 ) ) ;
#2247 = CARTESIAN_POINT ( 'NONE',  ( -2.566391064299997637, -0.07661484941311179353, -0.7923951102100358357 ) ) ;
#2248 = CARTESIAN_POINT ( 'NONE',  ( 1.258675872299999776, 0.2023765066103478671, -0.7707190202723344097 ) ) ;
#2249 = CARTESIAN_POINT ( 'NONE',  ( -7.243761446957938333, 0.6579415606165559538, 0.2019127540123824283 ) ) ;
#2250 = CARTESIAN_POINT ( 'NONE',  ( -7.386165618180150716, -0.7109372433340743758, -2.257729240114604963 ) ) ;
#2251 = CARTESIAN_POINT ( 'NONE',  ( -3.213996112355613999, -0.08828112927674462707, -0.8564559669432701972 ) ) ;
#2252 = CARTESIAN_POINT ( 'NONE',  ( 2.566391064300000302, 0.7744045673380924866, -0.4596974028143747670 ) ) ;
#2253 = CARTESIAN_POINT ( 'NONE',  ( 2.566391064300002522, 0.5595533076883975054, -0.3302544879305213676 ) ) ;
#2254 = CARTESIAN_POINT ( 'NONE',  ( 13.98803102589248937, 0.7229141082455312617, -0.8169567023919903637 ) ) ;
#2255 = CARTESIAN_POINT ( 'NONE',  ( -1.258675872299999110, 0.5634930104412790852, -0.02559780753905596673 ) ) ;
#2256 = ORIENTED_EDGE ( 'NONE', *, *, #2535, .F. ) ;
#2257 = CARTESIAN_POINT ( 'NONE',  ( -11.10167298898695165, 0.9440069804248001351, 1.591573324556935232 ) ) ;
#2258 = CARTESIAN_POINT ( 'NONE',  ( -3.221856121637455939, 0.07684129210880215333, -0.6202321614908551384 ) ) ;
#2259 = ORIENTED_EDGE ( 'NONE', *, *, #3784, .F. ) ;
#2260 = CARTESIAN_POINT ( 'NONE',  ( -13.95607195791371957, 0.7209489762981066141, 0.8463066966899990273 ) ) ;
#2261 = CARTESIAN_POINT ( 'NONE',  ( 14.33582779229995907, 0.2677009659349459114, -0.01611069186904587683 ) ) ;
#2262 = CARTESIAN_POINT ( 'NONE',  ( 11.07034953979818859, 0.3774640727502495130, -0.2640227915337822195 ) ) ;
#2263 = CARTESIAN_POINT ( 'NONE',  ( 2.566391064299999858, -0.05643401702780365126, 0.7664974162150486325 ) ) ;
#2264 = CARTESIAN_POINT ( 'NONE',  ( -1.258675872299999998, 0.1979291922254022007, 0.7685086100014798527 ) ) ;
#2265 = CARTESIAN_POINT ( 'NONE',  ( -1.258675872299999110, 0.1609602600339161138, -0.2195471838584281687 ) ) ;
#2266 = CARTESIAN_POINT ( 'NONE',  ( 0.9202531498582472436, 0.5740327904365808420, -0.8116371815121069533 ) ) ;
#2267 = CARTESIAN_POINT ( 'NONE',  ( 11.07034161070110478, 0.3718435212801170509, -0.2564380939518893787 ) ) ;
#2268 = CARTESIAN_POINT ( 'NONE',  ( 14.33582779230002302, 0.3546397292407563184, -0.1313587287272871829 ) ) ;
#2269 = CARTESIAN_POINT ( 'NONE',  ( -13.81261822783274873, 0.7284478141877915869, 0.03351881907184074000 ) ) ;
#2270 = CARTESIAN_POINT ( 'NONE',  ( 0.000000000000000000, -0.1697095371458367807, 0.000000000000000000 ) ) ;
#2271 = CARTESIAN_POINT ( 'NONE',  ( -2.566391064299998082, -0.08672499887308578181, -0.8055217504095636416 ) ) ;
#2272 = CARTESIAN_POINT ( 'NONE',  ( -3.213633299334432536, -0.1121850984701845827, -0.8879759112077189043 ) ) ;
#2273 = CARTESIAN_POINT ( 'NONE',  ( 7.233806467536788354, 0.7318623045261507531, -0.3693627190628174795 ) ) ;
#2274 = CARTESIAN_POINT ( 'NONE',  ( -7.190559425789259329, 0.8434800761315862649, 1.131529985597312216 ) ) ;
#2275 = CARTESIAN_POINT ( 'NONE',  ( -0.8162275360800780311, -0.1108924261850485343, -0.9170075284037112473 ) ) ;
#2276 = CARTESIAN_POINT ( 'NONE',  ( 14.33582779229994664, 0.2690425371063445703, -0.01760805840332673594 ) ) ;
#2277 = CARTESIAN_POINT ( 'NONE',  ( 1.258675872300000442, 0.2598816574792277567, 0.5343349847059785107 ) ) ;
#2278 = CARTESIAN_POINT ( 'NONE',  ( -1.720623645649709266, 0.01237057281940264278, -0.6684360808614940863 ) ) ;
#2279 = CARTESIAN_POINT ( 'NONE',  ( 3.304021602647416067, 0.6824678454031239960, -0.9894673399257897239 ) ) ;
#2280 = CARTESIAN_POINT ( 'NONE',  ( -3.271410438737288651, 0.7107443250068208318, 0.1758090811018144239 ) ) ;
#2281 = CARTESIAN_POINT ( 'NONE',  ( -11.07034317591712735, 0.3747780805099719670, 0.2597072591361466731 ) ) ;
#2282 = CARTESIAN_POINT ( 'NONE',  ( -3.214291896165190732, -0.07515718441279953255, -0.8388307074689158593 ) ) ;
#2283 = CARTESIAN_POINT ( 'NONE',  ( 3.289988124143756743, 0.8230611264626391810, -0.5378155163821146667 ) ) ;
#2284 = CARTESIAN_POINT ( 'NONE',  ( 2.072622653093208811, 0.4058898557112196603, -0.6560370525098446759 ) ) ;
#2285 = CARTESIAN_POINT ( 'NONE',  ( 14.17329714731037527, 0.6601640323293846979, -0.4761879343438948364 ) ) ;
#2286 = CARTESIAN_POINT ( 'NONE',  ( -1.694070981208408266, 0.4767488459618163810, -0.2147765891000855687 ) ) ;
#2287 = CARTESIAN_POINT ( 'NONE',  ( -3.300272199993759870, 0.6507518126022706628, 0.7878251049004524331 ) ) ;
#2288 = AXIS2_PLACEMENT_3D ( 'NONE', #2538, #5080, #4651 ) ;
#2289 = CARTESIAN_POINT ( 'NONE',  ( -3.228173087582955958, 0.1556297225075068680, -0.4974116631902433250 ) ) ;
#2290 = ORIENTED_EDGE ( 'NONE', *, *, #3071, .T. ) ;
#2291 =( NAMED_UNIT ( * ) PLANE_ANGLE_UNIT ( ) SI_UNIT ( $, .RADIAN. ) );
#2292 = CARTESIAN_POINT ( 'NONE',  ( 11.07034420100901784, 0.3746418646560437660, -0.2603927485671216902 ) ) ;
#2293 = CARTESIAN_POINT ( 'NONE',  ( 3.213530834861009211, -0.1262027458809555636, 0.9061136560667840678 ) ) ;
#2294 = CARTESIAN_POINT ( 'NONE',  ( 1.258675872300001775, -0.004105151236046163110, 0.7380745175865635055 ) ) ;
#2295 = CARTESIAN_POINT ( 'NONE',  ( -14.17541626722800707, 0.4706639288151164280, 0.3089301601288502730 ) ) ;
#2296 = CARTESIAN_POINT ( 'NONE',  ( -1.710532108735804746, 0.1401554362494332462, -0.3899644549960014084 ) ) ;
#2297 = CARTESIAN_POINT ( 'NONE',  ( 0.9737211400023397800, 0.6062517808110060580, -0.7458492458201001485 ) ) ;
#2298 = CARTESIAN_POINT ( 'NONE',  ( 2.566391064300002078, 0.1891136037465094566, 0.4286353803628195624 ) ) ;
#2299 = CARTESIAN_POINT ( 'NONE',  ( 13.67893012467797753, 0.6862403956701900176, -0.9835182380597822238 ) ) ;
#2300 = CARTESIAN_POINT ( 'NONE',  ( 2.262810032545591543, -0.03758536488798434189, 0.7287127619233040310 ) ) ;
#2301 = CARTESIAN_POINT ( 'NONE',  ( 13.69959855006813143, 0.6827332750969600239, -0.9781930249136979727 ) ) ;
#2302 = CARTESIAN_POINT ( 'NONE',  ( -3.213520868381201101, -0.1288874195384940857, -0.9095627769929605089 ) ) ;
#2303 = CARTESIAN_POINT ( 'NONE',  ( -14.33582779229999637, 0.2792553111014287048, 0.03066007528130207035 ) ) ;
#2304 = CARTESIAN_POINT ( 'NONE',  ( 7.274768759909084892, 0.4158831620880453217, 0.3066911187095764935 ) ) ;
#2305 = CARTESIAN_POINT ( 'NONE',  ( 2.566391064300004743, -0.05399413604152392826, 0.7633499486789759869 ) ) ;
#2306 = CARTESIAN_POINT ( 'NONE',  ( -11.08164853378428738, 0.6871082714720273543, 0.7514986618123725703 ) ) ;
#2307 = CARTESIAN_POINT ( 'NONE',  ( -13.69946462558301903, 0.6869826343619065412, 0.9800381153002248880 ) ) ;
#2308 = CARTESIAN_POINT ( 'NONE',  ( 2.566391064300002967, -0.08446060911739952659, 0.8022300293064732468 ) ) ;
#2309 = CARTESIAN_POINT ( 'NONE',  ( -2.262379404626560842, -0.01976487291544774469, -0.7005938694645557074 ) ) ;
#2310 = PRESENTATION_STYLE_ASSIGNMENT (( #1784 ) ) ;
#2311 = CARTESIAN_POINT ( 'NONE',  ( -7.358978094029017036, -0.3229494295795875547, -1.681437191489378646 ) ) ;
#2312 = CARTESIAN_POINT ( 'NONE',  ( -14.33582779229999815, 0.3453571389648049661, 0.09244052986636962232 ) ) ;
#2313 = CARTESIAN_POINT ( 'NONE',  ( -14.33582779229997151, 0.2872895322974885479, 0.04102666929185287692 ) ) ;
#2314 = CARTESIAN_POINT ( 'NONE',  ( 7.334580234627988915, -0.09102654897979797766, 1.272477756476535049 ) ) ;
#2315 = CARTESIAN_POINT ( 'NONE',  ( 2.129501663731407923, 0.3980751496497938469, -0.1863738717336292927 ) ) ;
#2316 = CARTESIAN_POINT ( 'NONE',  ( 1.258675872299999776, 0.09369475215555363168, 0.6842537844022759108 ) ) ;
#2317 = CARTESIAN_POINT ( 'NONE',  ( -2.566391064299994973, 0.2252570677413921751, -0.4937769402634692439 ) ) ;
#2318 = EDGE_LOOP ( 'NONE', ( #4027, #2653 ) ) ;
#2319 = CARTESIAN_POINT ( 'NONE',  ( -11.10167681409778595, 0.9502235356649126885, 1.598172811134100924 ) ) ;
#2320 = B_SPLINE_CURVE_WITH_KNOTS ( 'NONE', 3,
 ( #1878, #3923, #3164, #1446 ),
 .UNSPECIFIED., .F., .F.,
 ( 4, 4 ),
 ( 0.000000000000000000, 0.0006892361649281883744 ),
 .UNSPECIFIED. ) ;
#2321 = EDGE_LOOP ( 'NONE', ( #5373, #4087 ) ) ;
#2322 = CARTESIAN_POINT ( 'NONE',  ( 2.566391064299999858, -0.08254261233167758949, 0.8000199310078754955 ) ) ;
#2323 = CARTESIAN_POINT ( 'NONE',  ( -1.258675872299998222, -0.01876033525949701020, -0.7808709451495248199 ) ) ;
#2324 = CARTESIAN_POINT ( 'NONE',  ( 1.258675872299998444, -0.008572472880884382182, 0.7502428487487583508 ) ) ;
#2325 = CARTESIAN_POINT ( 'NONE',  ( -14.10608884010457231, 0.6152446361047273493, 0.6642558332981269853 ) ) ;
#2326 = CARTESIAN_POINT ( 'NONE',  ( -2.071185277373113198, 0.4139365765154975341, 0.6805838658541907282 ) ) ;
#2327 = CARTESIAN_POINT ( 'NONE',  ( 2.566391064299997637, 0.3378088358503230082, 0.1954470371749100210 ) ) ;
#2328 = CARTESIAN_POINT ( 'NONE',  ( 0.000000000000000000, 0.8110768568541631973, 0.000000000000000000 ) ) ;
#2329 = CARTESIAN_POINT ( 'NONE',  ( 2.566391064299990976, -0.08151875487765498918, 0.7986801278477581034 ) ) ;
#2330 = FACE_OUTER_BOUND ( 'NONE', #2827, .T. ) ;
#2331 = CARTESIAN_POINT ( 'NONE',  ( -7.386141860210495125, -0.7092179075553122214, -2.254330253870311385 ) ) ;
#2332 = CARTESIAN_POINT ( 'NONE',  ( -14.33582779229999637, 0.2858316501390165132, 0.03913958128797365849 ) ) ;
#2333 = CARTESIAN_POINT ( 'NONE',  ( 2.566391064300002078, 0.6483975956242091776, -0.02272092043646191037 ) ) ;
#2334 = CARTESIAN_POINT ( 'NONE',  ( 2.566391064300002078, -0.07432193104645570814, 0.7894623221720229456 ) ) ;
#2335 = CARTESIAN_POINT ( 'NONE',  ( -7.163360028463587881, 1.025192986608661094, 1.776867858193895477 ) ) ;
#2336 = CARTESIAN_POINT ( 'NONE',  ( -13.70352160107418449, 0.6876955166597900071, 0.9793505518280464228 ) ) ;
#2337 = CARTESIAN_POINT ( 'NONE',  ( 11.07034230402291541, 0.3729752081712620626, -0.2581651750621936636 ) ) ;
#2338 = CARTESIAN_POINT ( 'NONE',  ( -1.258675872300001775, -0.004105151236046163110, -0.7380745175865635055 ) ) ;
#2339 = CARTESIAN_POINT ( 'NONE',  ( 11.07245942222009916, 0.4905925179641302258, -0.4233280114615416423 ) ) ;
#2340 = CARTESIAN_POINT ( 'NONE',  ( -11.07636988083695506, 0.6480747758181537588, 0.5684391891153282028 ) ) ;
#2341 = CARTESIAN_POINT ( 'NONE',  ( -3.213510004782701213, -0.1353511786822618190, -0.9181711899273033994 ) ) ;
#2342 = CARTESIAN_POINT ( 'NONE',  ( -14.33582779229997684, 0.2999868519474653272, 0.05758453579838368475 ) ) ;
#2343 = CARTESIAN_POINT ( 'NONE',  ( 7.292176374197435251, 0.2736092799474017512, 0.5868743914152206864 ) ) ;
#2344 = CARTESIAN_POINT ( 'NONE',  ( 2.566391064300001190, 0.5853565936338432918, -0.7007931380785186182 ) ) ;
#2345 = CARTESIAN_POINT ( 'NONE',  ( 13.74346702114774565, 0.6990916591363157684, -0.9652755612890289161 ) ) ;
#2346 = CARTESIAN_POINT ( 'NONE',  ( -1.704591162922969527, 0.3731262422010434010, -0.3529088415185897554 ) ) ;
#2347 = VERTEX_POINT ( 'NONE', #3198 ) ;
#2348 = DIRECTION ( 'NONE',  ( -1.000000000000000000, 0.000000000000000000, 0.000000000000000000 ) ) ;
#2349 = ORIENTED_EDGE ( 'NONE', *, *, #2225, .T. ) ;
#2350 = CARTESIAN_POINT ( 'NONE',  ( 7.386150724003353929, -0.7101485001918858009, 2.255568408387930379 ) ) ;
#2351 = CARTESIAN_POINT ( 'NONE',  ( -1.720005719118641085, 0.07543027694414314310, -0.6413079414332669703 ) ) ;
#2352 = CARTESIAN_POINT ( 'NONE',  ( 1.258675872300000442, 0.005169344298739762290, 0.7126783115645398681 ) ) ;
#2353 = LINE ( 'NONE', #5435, #2007 ) ;
#2354 = CARTESIAN_POINT ( 'NONE',  ( -1.258675872300002219, 0.1752226890847566609, 0.4674444371306771817 ) ) ;
#2355 = CARTESIAN_POINT ( 'NONE',  ( 2.566391064300002967, 0.3762190141939036336, 0.1295184816354462698 ) ) ;
#2356 = CARTESIAN_POINT ( 'NONE',  ( -11.10158871701396777, 0.9844575219204397820, 1.584448108012061818 ) ) ;
#2357 = CARTESIAN_POINT ( 'NONE',  ( 1.258675872299997112, -0.01808933656753640082, 0.7762388454263690063 ) ) ;
#2358 = DIRECTION ( 'NONE',  ( 0.000000000000000000, -1.000000000000000000, 0.000000000000000000 ) ) ;
#2359 = CARTESIAN_POINT ( 'NONE',  ( -7.386154684010826976, -0.7106064258956835689, -2.256180166595694647 ) ) ;
#2360 = CARTESIAN_POINT ( 'NONE',  ( -14.33582779229999993, 0.2825468512182990888, 0.03489719236044171169 ) ) ;
#2361 = CARTESIAN_POINT ( 'NONE',  ( 2.566391064300000302, 0.7744045673380924866, -0.4596974028143747670 ) ) ;
#2362 = CARTESIAN_POINT ( 'NONE',  ( 7.386016818352246993, -0.7010554776885496997, 2.243199402205115600 ) ) ;
#2363 = CARTESIAN_POINT ( 'NONE',  ( -3.303100320852521143, 0.6661778452089306413, 0.9088836235522343987 ) ) ;
#2364 = CARTESIAN_POINT ( 'NONE',  ( -0.7916154058921583969, 0.4650189944046835833, 0.9364328692231275175 ) ) ;
#2365 = CARTESIAN_POINT ( 'NONE',  ( -2.262442300276581442, -0.02158375670314488168, -0.7034737657438900893 ) ) ;
#2366 = CARTESIAN_POINT ( 'NONE',  ( 2.566391064299997637, 0.2471349405917736275, 0.3412206610928471551 ) ) ;
#2367 = EDGE_CURVE ( 'NONE', #5216, #4847, #872, .T. ) ;
#2368 = CARTESIAN_POINT ( 'NONE',  ( -11.07759774141386089, 0.6800481143565858533, 0.6096639323018996359 ) ) ;
#2369 = CARTESIAN_POINT ( 'NONE',  ( -11.07034153230753581, 0.3713381459630512027, 0.2559964002065368005 ) ) ;
#2370 = CARTESIAN_POINT ( 'NONE',  ( -7.383975190152503032, -0.6517638639228394704, -2.168267152397125752 ) ) ;
#2371 = CARTESIAN_POINT ( 'NONE',  ( 14.33582779230000703, 0.5283868550154183774, -0.2867215373024558089 ) ) ;
#2372 = CARTESIAN_POINT ( 'NONE',  ( 2.566391064300005187, 0.6040421992058405687, -0.8081247328245628747 ) ) ;
#2373 = CARTESIAN_POINT ( 'NONE',  ( 14.17886262067055902, 0.6388893312504744237, -0.4393577491539306101 ) ) ;
#2374 = CARTESIAN_POINT ( 'NONE',  ( -0.7916154058921602843, 0.4650189944046825841, 0.9364328692231268514 ) ) ;
#2375 = ORIENTED_EDGE ( 'NONE', *, *, #4669, .F. ) ;
#2376 = CARTESIAN_POINT ( 'NONE',  ( 2.566391064300002967, -0.08446060911739952659, 0.8022300293064732468 ) ) ;
#2377 = CARTESIAN_POINT ( 'NONE',  ( -2.262860692068072055, -0.04091106366497819502, -0.7372316229113915487 ) ) ;
#2378 = B_SPLINE_SURFACE_WITH_KNOTS ( 'NONE', 3, 3, ( 
 ( #2075, #2478, #4245, #3815, #1669 ),
 ( #5102, #3842, #5506, #324, #4620 ),
 ( #701, #1643, #4698, #4271, #4218 ),
 ( #5129, #2048, #3789, #1587, #1613 ),
 ( #3362, #1212, #3336, #4298, #378 ),
 ( #4672, #755, #1562, #2960, #2504 ),
 ( #782, #2103, #3310, #3018, #1269 ),
 ( #898, #3991, #3077, #2157, #1756 ),
 ( #1789, #2646, #1329, #1697, #75 ),
 ( #2614, #5272, #3534, #3046, #3138 ),
 ( #4812, #1359, #5303, #1391, #4417 ),
 ( #2708, #3504, #1725, #4448, #4388 ),
 ( #5243, #4843, #5643, #1297, #3446 ),
 ( #5212, #4752, #4781, #867, #4874 ),
 ( #930, #3106, #468, #2219, #436 ),
 ( #3959, #2188, #44, #4354, #4325 ),
 ( #2677, #530, #499, #962, #836 ),
 ( #2252, #3928, #12, #5184, #1821 ),
 ( #3566, #2283, #3474, #5615, #2585 ),
 ( #406, #3897, #2850, #2821, #3252 ),
 ( #4992, #619, #4590, #1505, #1450 ),
 ( #1910, #646, #992, #1050, #1422 ),
 ( #1850, #2795, #1076, #4565, #3628 ),
 ( #4537, #5366, #3196, #4479, #1882 ),
 ( #591, #4936, #3655, #1480, #1940 ),
 ( #2737, #5425, #1020, #133, #5396 ),
 ( #3597, #189, #2343, #2398, #4136 ),
 ( #3225, #4965, #5335, #1103, #4023 ),
 ( #104, #3168, #563, #216, #2371 ),
 ( #1967, #4110, #3682, #3708, #5453 ),
 ( #4083, #1532, #2314, #3279, #5018 ),
 ( #672, #4906, #2765, #4052, #4509 ),
 ( #162, #1636, #2448, #3757, #4163 ),
 ( #2016, #3732, #5502, #3331, #2096 ),
 ( #3383, #4238, #5528, #4665, #2901 ),
 ( #1607, #4640, #749, #1582, #1127 ),
 ( #2498, #5149, #3782, #1663, #5477 ),
 ( #3412, #5044, #317, #722, #2472 ),
 ( #2874, #4615, #3809, #5070, #4187 ),
 ( #1153, #1991, #2069, #4212, #5123 ),
 ( #697, #291, #2041, #1557, #1233 ),
 ( #1205, #5554, #3356, #5095, #240 ),
 ( #267, #1178, #2953, #4692, #2926 ),
 ( #775, #2525, #4265, #3836, #5581 ),
 ( #344, #2981, #4718, #2423, #3305 ),
 ( #4835, #2607, #36, #829, #2150 ),
 ( #1290, #399, #2123, #3890, #1717 ),
 ( #371, #1781, #2637, #3920, #3068 ),
 ( #2245, #4, #3039, #4804, #5635 ),
 ( #4318, #890, #3559, #2180, #68 ),
 ( #4411, #1814, #3439, #4380, #4774 ),
 ( #1321, #1747, #3497, #2578, #5608 ),
 ( #3130, #3467, #2211, #5205, #461 ),
 ( #5177, #923, #5296, #1383, #5266 ),
 ( #3862, #3527, #3952, #801, #1352 ),
 ( #3984, #1261, #858, #4290, #3099 ),
 ( #2670, #493, #2551, #1690, #4347 ),
 ( #5235, #3011, #4745, #428, #3190 ),
 ( #2759, #1844, #3591, #1876, #2701 ),
 ( #557, #4016, #4899, #4442, #523 ),
 ( #2308, #4046, #1015, #4472, #98 ),
 ( #4867, #955, #5328, #2337, #127 ),
 ( #4077, #3622, #5360, #155, #2276 ),
 ( #1444, #1416, #4930, #3162, #986 ),
 ( #2731, #4502, #585, #876, #1860 ),
 ( #3147, #908, #4001, #4789, #446 ),
 ( #5252, #4363, #413, #2197, #21 ),
 ( #4332, #84, #940, #2230, #1369 ),
 ( #541, #3970, #1338, #3116, #3938 ),
 ( #2623, #4853, #3607, #478, #4032 ),
 ( #2717, #113, #1732, #2687, #3086 ),
 ( #5282, #54, #1799, #1766, #3905 ),
 ( #3054, #5346, #4428, #4821, #3513 ),
 ( #3481, #2293, #1830, #2656, #2164 ),
 ( #4397, #509, #3544, #2262, #3576 ),
 ( #5312, #1401, #4883, #5219, #971 ),
 ( #4457, #2592, #1430, #4759, #843 ),
 ( #5650, #1305, #4529, #3673, #4581 ),
 ( #2334, #1902, #638, #1873, #231 ),
 ( #2756, #4499, #180, #2840, #4127 ),
 ( #611, #5443, #2390, #5416, #1931 ),
 ( #3619, #5008, #2362, #1497, #663 ),
 ( #4555, #1040, #1094, #1441, #2813 ),
 ( #5387, #2414, #1547, #4102, #582 ),
 ( #3243, #4154, #4984, #3699, #4074 ),
 ( #554, #4956, #152, #124, #3647 ),
 ( #1522, #1982, #3217, #1118, #1472 ),
 ( #3723, #207, #1957, #1067, #5468 ),
 ( #3270, #3296, #2787, #5035, #4469 ),
 ( #2305, #4043, #5357, #3187, #4927 ),
 ( #1012, #3374, #3800, #4229, #4631 ),
 ( #5572, #1144, #2114, #5114, #2916 ),
 ( #1681, #5493, #4281, #3827, #2463 ),
 ( #4605, #2489, #1195, #4203, #5545 ),
 ( #1224, #2891, #739, #5140, #1573 ),
 ( #258, #282, #688, #1626, #335 ),
 ( #2032, #766, #2006, #3430, #2438 ),
 ( #712, #3772, #5085, #5519, #308 ),
 ( #2516, #3321, #5061, #4256, #1598 ),
 ( #2060, #3347, #4178, #4683, #1169 ),
 ( #3748, #2943, #2086, #2972, #1654 ),
 ( #3402, #4656, #4709, #793, #2542 ),
 ( #362, #3853, #5598, #5168, #2865 ),
 ( #3550, #3881, #3944, #4309, #849 ),
 ( #28, #4403, #3976, #2598, #4827 ),
 ( #90, #820, #390, #4765, #1281 ),
 ( #2170, #4796, #4369, #914, #1708 ),
 ( #2662, #419, #3030, #882, #3911 ),
 ( #3092, #3488, #60, #484, #3458 ),
 ( #2629, #2569, #4007, #1251, #5225 ),
 ( #3001, #5196, #1805, #453, #2141 ),
 ( #2236, #5288, #4338, #4434, #1375 ),
 ( #3122, #946, #2693, #4859, #515 ),
 ( #2203, #5656, #1836, #1773, #2268 ),
 ( #3582, #1738, #1312, #4736, #3060 ),
 ( #5626, #3519, #5258, #1345, #4890 ),
 ( #1491, #2778, #1924, #145, #1088 ),
 ( #1895, #3666, #4492, #4036, #3180 ),
 ( #2408, #1033, #4575, #977, #3263 ),
 ( #2298, #3237, #3640, #5379, #4919 ),
 ( #4067, #1004, #1407, #4096, #2383 ),
 ( #1061, #2749, #4977, #3153, #117 ),
 ( #2723, #4462, #575, #5350, #1463 ),
 ( #3210, #4522, #2807, #1864, #3612 ),
 ( #2327, #1434, #4949, #604, #546 ),
 ( #2355, #4121, #4549, #174, #5410 ),
 ( #632, #4145, #5318, #201, #1951 ),
 ( #3692, #5437, #1516, #5002, #2834 ),
 ( #657, #225, #1976, #5538, #5078 ),
 ( #3394, #5133, #2509, #5107, #2936 ),
 ( #328, #705, #1188, #4624, #275 ),
 ( #3742, #5053, #5462, #4196, #3314 ),
 ( #1137, #2456, #1216, #3290, #4676 ),
 ( #1162, #301, #2024, #2964, #2909 ),
 ( #2052, #2884, #2432, #1566, #3793 ),
 ( #4649, #4702, #5029, #1647, #786 ),
 ( #1617, #3765, #5510, #1591, #4249 ),
 ( #3340, #1541, #2482, #759, #2000 ),
 ( #3367, #732, #5487, #2536, #682 ),
 ( #2079, #4222, #1112, #2859, #3819 ),
 ( #5565, #4275, #354, #3717, #4599 ),
 ( #4172, #251, #5160, #1701, #5591 ),
 ( #5250, #4819, #3451, #19, #1244 ),
 ( #382, #3479, #476, #1764, #4302 ),
 ( #2134, #4330, #2994, #4729, #3423 ),
 ( #3052, #2228, #5217, #3873, #3903 ) ),
 .UNSPECIFIED., .T., .F., .F.,
 ( 4, 1, 1, 1, 1, 1, 1, 1, 1, 1, 1, 1, 1, 1, 1, 1, 1, 1, 1, 1, 1, 1, 1, 1, 1, 1, 1, 1, 1, 1, 1, 1, 1, 1, 1, 1, 1, 1, 1, 1, 1, 1, 1, 1, 1, 1, 1, 1, 1, 1, 1, 1, 1, 1, 2, 1, 1, 1, 1, 1, 1, 1, 1, 1, 1, 1, 1, 1, 1, 1, 1, 1, 1, 1, 1, 1, 1, 1, 1, 1, 1, 1, 1, 1, 1, 1, 1, 1, 1, 1, 1, 1, 1, 1, 1, 1, 1, 1, 1, 1, 1, 1, 1, 1, 1, 1, 1, 1, 1, 1, 1, 1, 1, 1, 1, 1, 1, 1, 1, 1, 1, 1, 1, 1, 1, 1, 1, 1, 1, 1, 1, 1, 1, 1, 1, 1, 1, 1, 1, 1, 1, 1, 4 ),
 ( 4, 1, 4 ),
 ( 0.000000000000000000, 0.004088153337238700259, 0.008176306674477400518, 0.01226446001171610338, 0.01635261334895480104, 0.02044076668619350043, 0.02452892002343220676, 0.02861707336067090268, 0.03270522669790960207, 0.04088153337238700086, 0.04905784004686441352, 0.05723414672134180536, 0.06541045339581920415, 0.07358676007029660293, 0.08176306674477400172, 0.09811568009372882704, 0.1144682934426836107, 0.1308209067916384083, 0.1471735201405932059, 0.1635261334895480034, 0.1798787468385028288, 0.1962313601874576541, 0.2125839735364123961, 0.2289365868853672215, 0.2616418135832768166, 0.2943470402811864117, 0.3106996536301412370, 0.3270522669790960069, 0.3434048803280508322, 0.3597574936770056575, 0.3761101070259604273, 0.3924627203749153082, 0.4088153337238700225, 0.4251679470728247923, 0.4333442537473022327, 0.4415205604217796176, 0.4496968670962570025, 0.4578731737707344429, 0.4660494804452118278, 0.4742257871196892127, 0.4824020937941666531, 0.4905784004686440380, 0.4987547071431214785, 0.5028428604803601987, 0.5069310138175989744, 0.5110191671548375281, 0.5151073204920763038, 0.5191954738293149685, 0.5212395504979342453, 0.5222615888322439393, 0.5227726079993989527, 0.5230281175829762930, 0.5231558723747650186, 0.5232197497706592149, 0.5232836271665536332, 0.5237491704993988417, 0.5239819421658213905, 0.5242147138322439393, 0.5244474854986664880, 0.5246802571650890368, 0.5249130288315116966, 0.5251458004979342453, 0.5253785721643567941, 0.5256113438307793428, 0.5258441154972020026, 0.5260768871636245514, 0.5263096588300471002, 0.5265424304964697599, 0.5267752021628923087, 0.5270079738293148575, 0.5272407454957374062, 0.5274735171621600660, 0.5277062888285827258, 0.5279390604950051635, 0.5281718321614279343, 0.5284046038278504831, 0.5286373754942731429, 0.5288701471606954696, 0.5298012338263857757, 0.5307323204920763038, 0.5316634071577666099, 0.5321289504906117074, 0.5325944938234569159, 0.5335255804891472220, 0.5344566671548376391, 0.5353877538205279452, 0.5363188404862182512, 0.5372499271519085573, 0.5381810138175988634, 0.5391121004832891694, 0.5400431871489794755, 0.5419053604803601987, 0.5437675338117409218, 0.5456297071431215340, 0.5474918804745021461, 0.5493540538058827583, 0.5512162271372633704, 0.5530784004686440936, 0.5549405738000248167, 0.5568027471314054289, 0.5586649204627859300, 0.5605270937941665421, 0.5642514404569278774, 0.5679757871196892127, 0.5717001337824505480, 0.5754244804452118833, 0.5791488271079732186, 0.5828731737707344429, 0.5865975204334956672, 0.5903218670962571135, 0.5940462137590183378, 0.5977705604217796731, 0.6052192537473022327, 0.6126679470728247923, 0.6201166403983474629, 0.6275653337238700225, 0.6350140270493926931, 0.6424627203749152526, 0.6573601070259603718, 0.6722574936770056020, 0.6871548803280508322, 0.7020522669790960624, 0.7169496536301411815, 0.7318470402811863007, 0.7616418135832767611, 0.7914365868853672215, 0.8212313601874576818, 0.8361287468385028010, 0.8510261334895479202, 0.8659235201405932614, 0.8808209067916383805, 0.8957182934426833887, 0.9106156800937288409, 0.9255130667447739601, 0.9404104533958190792, 0.9553078400468644205, 0.9627565333723870911, 0.9702052266979095396, 0.9776539200234319882, 0.9851026133489546588, 0.9925513066744773294, 0.9962756533372388867, 1.000000000000000000 ),
 ( 0.000000000000000000, 0.1919068383482318008, 1.000000000000000000 ),
 .UNSPECIFIED. ) ;
#2379 = CARTESIAN_POINT ( 'NONE',  ( 2.262140423243479415, -0.01371793520925627431, 0.6909995817351626268 ) ) ;
#2380 = CARTESIAN_POINT ( 'NONE',  ( -14.12845079114949165, 0.6082574751701139704, 0.6200492915985755804 ) ) ;
#2381 = CARTESIAN_POINT ( 'NONE',  ( -2.566391064299996749, 0.5824041390861597334, 0.6724580304205488579 ) ) ;
#2382 = B_SPLINE_CURVE_WITH_KNOTS ( 'NONE', 3,
 ( #794, #4658, #1171, #1628, #1710, #1253 ),
 .UNSPECIFIED., .F., .F.,
 ( 4, 1, 1, 4 ),
 ( 0.5115619354531574237, 0.5732423483049127189, 0.7095139779054974172, 0.9364767817554829898 ),
 .UNSPECIFIED. ) ;
#2383 = CARTESIAN_POINT ( 'NONE',  ( 14.33582779230001591, 0.4185095153491783515, -0.2234723757900182461 ) ) ;
#2384 = CARTESIAN_POINT ( 'NONE',  ( -7.183786775855090845, 1.040884418160560099, 1.277481143211891768 ) ) ;
#2385 = CARTESIAN_POINT ( 'NONE',  ( 2.262857226351946860, -0.04262494384758527127, 0.7366709650018373745 ) ) ;
#2386 = MECHANICAL_DESIGN_GEOMETRIC_PRESENTATION_REPRESENTATION (  '', ( #3741 ), #808 ) ;
#2387 = CARTESIAN_POINT ( 'NONE',  ( -1.079654371959908543, 0.006215731867660272136, 0.5880858279589619153 ) ) ;
#2388 = CARTESIAN_POINT ( 'NONE',  ( -14.33582779230000526, 0.2934698613072418971, 0.04905896745350089849 ) ) ;
#2389 = CARTESIAN_POINT ( 'NONE',  ( 7.305776072860220793, 0.1597487055855941751, 0.8056378367807326413 ) ) ;
#2390 = CARTESIAN_POINT ( 'NONE',  ( 7.386054509704601756, -0.7030185401998576555, 2.245920445980187363 ) ) ;
#2391 = CARTESIAN_POINT ( 'NONE',  ( -7.163387227860913420, 1.020359083069594552, 1.770369998838519088 ) ) ;
#2392 = CARTESIAN_POINT ( 'NONE',  ( -1.258675872299999776, 0.2151684547253857882, 0.2450681791727584435 ) ) ;
#2393 = CARTESIAN_POINT ( 'NONE',  ( 14.33582779229998039, 0.4342215435294905501, -0.2473961685198904636 ) ) ;
#2394 = CARTESIAN_POINT ( 'NONE',  ( -11.07889445398571127, 0.7119263600865545216, 0.6518923899779195397 ) ) ;
#2395 = CARTESIAN_POINT ( 'NONE',  ( -2.566391064299995417, -0.08380790895726064615, -0.8023543562541242125 ) ) ;
#2396 = CARTESIAN_POINT ( 'NONE',  ( -11.07083330186155123, 0.4254835865613705859, 0.3285127843921087365 ) ) ;
#2397 = CARTESIAN_POINT ( 'NONE',  ( -3.238236000511458546, 0.3711184067723679592, -0.3442432785423382713 ) ) ;
#2398 = CARTESIAN_POINT ( 'NONE',  ( 11.08356108920006378, 0.8161857084590580236, -0.7988845939330180279 ) ) ;
#2399 = CARTESIAN_POINT ( 'NONE',  ( 2.566391064299998970, 0.6961269038571848977, -0.7913112299195858013 ) ) ;
#2400 = CARTESIAN_POINT ( 'NONE',  ( 2.566391064299999858, -0.08745398196775532040, 0.8055160133749110773 ) ) ;
#2401 = CARTESIAN_POINT ( 'NONE',  ( 1.258675872299999776, -0.02000367995141186586, 0.7825746857335993401 ) ) ;
#2402 = CARTESIAN_POINT ( 'NONE',  ( 7.386131740122245048, -0.7082812822299865418, 2.253077080944475341 ) ) ;
#2403 = CARTESIAN_POINT ( 'NONE',  ( -2.262838488816704352, -0.03634701701561740550, -0.7325819407994379473 ) ) ;
#2404 = CARTESIAN_POINT ( 'NONE',  ( 1.719471247978423101, 0.04384346178392817261, 0.6035730294131198548 ) ) ;
#2405 = CARTESIAN_POINT ( 'NONE',  ( -13.84034045214443154, 0.2773553060877395615, 0.03662141153045633812 ) ) ;
#2406 = CARTESIAN_POINT ( 'NONE',  ( -2.076184845095196518, 0.3982203489849978628, 0.6028633069081987816 ) ) ;
#2407 = ADVANCED_FACE ( 'NONE', ( #674 ), #1049, .T. ) ;
#2408 = CARTESIAN_POINT ( 'NONE',  ( 2.566391064299998970, 0.1675908800069880744, 0.4601380894964779422 ) ) ;
#2409 = CARTESIAN_POINT ( 'NONE',  ( -2.566391064300000302, 0.7371724097763783234, 0.7074852882727921122 ) ) ;
#2410 = CARTESIAN_POINT ( 'NONE',  ( 2.262851121456821435, -0.04171198757903119697, 0.7352212739139111219 ) ) ;
#2411 = CARTESIAN_POINT ( 'NONE',  ( -1.228756478188811618, 0.6896867435051637907, 0.02806607775172225566 ) ) ;
#2412 = CARTESIAN_POINT ( 'NONE',  ( -11.07045890046160608, 0.3968437741065614643, 0.2894214485829111339 ) ) ;
#2413 = CARTESIAN_POINT ( 'NONE',  ( 7.351471060367160248, -0.2485512509900815459, 1.553142409531652390 ) ) ;
#2414 = CARTESIAN_POINT ( 'NONE',  ( 3.213602307638175226, -0.1154278706066500793, 0.8921929001781432333 ) ) ;
#2415 = CARTESIAN_POINT ( 'NONE',  ( 0.9737211400023410013, 0.6062517808110053918, -0.7458492458201001485 ) ) ;
#2416 = CARTESIAN_POINT ( 'NONE',  ( -1.258675872299999776, 0.01991067574578704591, -0.6729159131458579690 ) ) ;
#2417 = CARTESIAN_POINT ( 'NONE',  ( 2.566391064299997637, 0.1349652781638814025, 0.5071579139888887644 ) ) ;
#2418 = CARTESIAN_POINT ( 'NONE',  ( -14.33582779229999460, 0.5078693569752390502, 0.2629382766060407994 ) ) ;
#2419 = CARTESIAN_POINT ( 'NONE',  ( -3.213511194021988704, -0.1327516703068737092, -0.9152567545495746693 ) ) ;
#2420 = CARTESIAN_POINT ( 'NONE',  ( -2.566391064300000302, 0.001738377028536539385, -0.6903803747369339217 ) ) ;
#2421 = CARTESIAN_POINT ( 'NONE',  ( -0.8336028239803009443, 0.04518060286459866376, 0.8998176550808477669 ) ) ;
#2422 = CARTESIAN_POINT ( 'NONE',  ( -14.33582779230000703, 0.5283868550154183774, 0.2867215373024558089 ) ) ;
#2423 = CARTESIAN_POINT ( 'NONE',  ( 11.07047944922596727, 0.4064510816848663777, -0.2921768101140665430 ) ) ;
#2424 = CARTESIAN_POINT ( 'NONE',  ( 1.258675872299999776, 0.4106093349370653067, -0.7629427290537736939 ) ) ;
#2425 = CARTESIAN_POINT ( 'NONE',  ( 2.566391064299999858, -0.08690273035916852573, 0.8057291524243924696 ) ) ;
#2426 = CARTESIAN_POINT ( 'NONE',  ( -1.224807099046314907, 0.6492237216765115448, -0.07307682243511189057 ) ) ;
#2427 = CARTESIAN_POINT ( 'NONE',  ( 11.07035880134547412, 0.3806480469921966203, -0.2681366834387297060 ) ) ;
#2428 = CARTESIAN_POINT ( 'NONE',  ( -1.258675872300000664, 0.1403642514921470130, -0.6439760613527609756 ) ) ;
#2429 = CARTESIAN_POINT ( 'NONE',  ( 2.252393939875261708, 0.08004113248360245070, 0.5374491058284309730 ) ) ;
#2430 = CARTESIAN_POINT ( 'NONE',  ( 1.258675872299999776, -0.02150121441190814414, 0.7855185813269786044 ) ) ;
#2431 = CARTESIAN_POINT ( 'NONE',  ( -1.638762215212064000, 0.2623605328284445704, 0.6738578511812122196 ) ) ;
#2432 = CARTESIAN_POINT ( 'NONE',  ( 7.183786775855154794, 0.8811721723066641143, -1.260212072865999122 ) ) ;
#2433 = CARTESIAN_POINT ( 'NONE',  ( -14.33582779230002302, 0.6681595513967184541, 0.7981295149369365127 ) ) ;
#2434 = CARTESIAN_POINT ( 'NONE',  ( 1.123515501194430444, 0.3818387909788286683, 0.5147393975179838099 ) ) ;
#2435 = CARTESIAN_POINT ( 'NONE',  ( -1.214279827580706295, 0.5990231184924631469, -0.1780575463022798510 ) ) ;
#2436 = CARTESIAN_POINT ( 'NONE',  ( -14.33582779230001236, 0.2847374761850978153, 0.03772485932503830824 ) ) ;
#2437 = CARTESIAN_POINT ( 'NONE',  ( 7.364621968974071287, -0.3819972330521036463, 1.780589516671979844 ) ) ;
#2438 = CARTESIAN_POINT ( 'NONE',  ( 14.33582779229999637, 0.2956452284763917970, -0.05189848312604499608 ) ) ;
#2439 = CARTESIAN_POINT ( 'NONE',  ( -14.33582779230002124, 0.6013154139639713680, 0.7490731764362210665 ) ) ;
#2440 = CARTESIAN_POINT ( 'NONE',  ( -1.258675872299999776, 0.1262508251284965299, 0.6776297736236377434 ) ) ;
#2441 = CARTESIAN_POINT ( 'NONE',  ( 3.224605453205419359, 0.1131718882214966526, 0.5643477272340823303 ) ) ;
#2442 = B_SPLINE_CURVE_WITH_KNOTS ( 'NONE', 3,
 ( #713, #4737, #2944, #4282, #821 ),
 .UNSPECIFIED., .F., .F.,
 ( 4, 1, 4 ),
 ( 0.000000000000000000, 0.1919068383482318008, 0.9691602303531087204 ),
 .UNSPECIFIED. ) ;
#2443 = CARTESIAN_POINT ( 'NONE',  ( -7.386029169641035175, -0.6978490327653936731, -2.243212382405213479 ) ) ;
#2444 = CARTESIAN_POINT ( 'NONE',  ( -11.07034192407119022, 0.3728087815348278822, 0.2575724483303800660 ) ) ;
#2445 = CARTESIAN_POINT ( 'NONE',  ( -14.33582779229999993, 0.3086338872172894598, 0.06898440223458973675 ) ) ;
#2446 = CARTESIAN_POINT ( 'NONE',  ( 2.566391064299999858, 0.6212848363331429091, -0.8359788181397669327 ) ) ;
#2447 = CARTESIAN_POINT ( 'NONE',  ( -11.07239224371111419, 0.5209980591826095520, 0.4153679837000630592 ) ) ;
#2448 = CARTESIAN_POINT ( 'NONE',  ( 7.351471060367160248, -0.2485512509900815459, 1.553142409531652390 ) ) ;
#2449 = CARTESIAN_POINT ( 'NONE',  ( 2.566391064299997637, 0.6515200306076862624, -0.8355605603423676975 ) ) ;
#2450 = CARTESIAN_POINT ( 'NONE',  ( -1.228756478188811840, 0.6896867435051633466, 0.02806607775172302588 ) ) ;
#2451 = CARTESIAN_POINT ( 'NONE',  ( 7.385950410253391496, -0.6980607723086891259, 2.238995463255593510 ) ) ;
#2452 = CARTESIAN_POINT ( 'NONE',  ( -1.720942039062842044, -0.01445677907281581707, -0.7233068113332907778 ) ) ;
#2453 = CARTESIAN_POINT ( 'NONE',  ( 2.566391064299998970, -0.01746954881647331051, 0.7157622957389564444 ) ) ;
#2454 = CARTESIAN_POINT ( 'NONE',  ( -13.83616734231845058, 0.2769641683722536274, 0.03608580395927070417 ) ) ;
#2455 = CARTESIAN_POINT ( 'NONE',  ( -1.258675872299999776, 0.4770232283005703677, 0.7086714246752203739 ) ) ;
#2456 = CARTESIAN_POINT ( 'NONE',  ( 3.289988124143751413, 0.6227703495628940100, -0.5272084256164872862 ) ) ;
#2457 = CARTESIAN_POINT ( 'NONE',  ( -3.302544649012236544, 0.7983281133333883783, 0.9150762793014265428 ) ) ;
#2458 = CARTESIAN_POINT ( 'NONE',  ( 13.90820765797185210, 0.6469049113635588766, -0.8831529172164918062 ) ) ;
#2459 = CARTESIAN_POINT ( 'NONE',  ( -2.566391064300002967, -0.06478618287377196916, -0.7772428842206139388 ) ) ;
#2460 = CARTESIAN_POINT ( 'NONE',  ( -1.258675872299999776, 0.1350170979461610965, 0.7133212061560931794 ) ) ;
#2461 = CARTESIAN_POINT ( 'NONE',  ( -11.07124399325339326, 0.4462425609246408187, 0.3578966516271154252 ) ) ;
#2462 = CARTESIAN_POINT ( 'NONE',  ( 2.566391064300002522, 0.5282371156294568548, 0.1488664627500904114 ) ) ;
#2463 = CARTESIAN_POINT ( 'NONE',  ( 14.33582779229997151, 0.2872895322974885479, -0.04102666929185287692 ) ) ;
#2464 = CARTESIAN_POINT ( 'NONE',  ( 1.258675872299999998, 0.1979291922254022007, -0.7685086100014798527 ) ) ;
#2465 = CARTESIAN_POINT ( 'NONE',  ( -0.7444503870787636535, 0.2441809847860766935, 0.9740787610724760404 ) ) ;
#2466 = CARTESIAN_POINT ( 'NONE',  ( 7.237015996421455100, 0.5493263468432189045, -0.3243501573320035636 ) ) ;
#2467 = CARTESIAN_POINT ( 'NONE',  ( -2.566391064300003855, -0.06528756778078187439, -0.7829449177312741703 ) ) ;
#2468 = CARTESIAN_POINT ( 'NONE',  ( -7.386164672742117965, -0.7120017937148299669, -2.258003804601496523 ) ) ;
#2469 = CARTESIAN_POINT ( 'NONE',  ( -14.33582779229997684, 0.3448496399749636510, 0.1178363831224438496 ) ) ;
#2470 = CARTESIAN_POINT ( 'NONE',  ( -0.7444503870787658739, 0.2441809847860762217, 0.9740787610724748191 ) ) ;
#2471 = CARTESIAN_POINT ( 'NONE',  ( -2.566391064300000302, 0.4758016603557794766, -0.2142240213463990905 ) ) ;
#2472 = CARTESIAN_POINT ( 'NONE',  ( 14.33582779229999993, 0.3676651677412505204, -0.1145582534465348634 ) ) ;
#2473 = CARTESIAN_POINT ( 'NONE',  ( 1.635950608461919087, 0.3757017724186503260, -0.7916453234217510904 ) ) ;
#2474 = CARTESIAN_POINT ( 'NONE',  ( -14.33582779229999637, 0.6235403889254867993, 0.8376068082928783687 ) ) ;
#2475 = EDGE_CURVE ( 'NONE', #3967, #3083, #5392, .T. ) ;
#2476 = CARTESIAN_POINT ( 'NONE',  ( -14.33582779229998927, 0.2721034007584537950, 0.02149557257027873494 ) ) ;
#2477 = CARTESIAN_POINT ( 'NONE',  ( 7.385981291795688186, -0.6993986750484376680, 2.240880839983709016 ) ) ;
#2478 = CARTESIAN_POINT ( 'NONE',  ( 3.304098318535813483, 0.6993873528796313854, -1.016975075516608484 ) ) ;
#2479 = CARTESIAN_POINT ( 'NONE',  ( 2.566391064299992752, 0.04230083738326208265, 0.6359548812959412434 ) ) ;
#2480 = CARTESIAN_POINT ( 'NONE',  ( -13.82678623518132888, 0.2759669584392218655, 0.03498053794101582681 ) ) ;
#2481 = CARTESIAN_POINT ( 'NONE',  ( -2.067864135957727001, 0.4683411513191428899, 0.7760285529361518053 ) ) ;
#2482 = CARTESIAN_POINT ( 'NONE',  ( 7.169371095272571992, 0.9643012440218569070, -1.566265087449182358 ) ) ;
#2483 = CARTESIAN_POINT ( 'NONE',  ( -3.289988124143756743, 0.8230611264626391810, 0.5378155163821146667 ) ) ;
#2484 = CARTESIAN_POINT ( 'NONE',  ( 14.10608884010457231, 0.6152446361047273493, -0.6642558332981269853 ) ) ;
#2485 = CARTESIAN_POINT ( 'NONE',  ( -1.258675872299997556, 0.02193981916842169602, -0.6660898634226981585 ) ) ;
#2486 = CARTESIAN_POINT ( 'NONE',  ( -1.258675872299999776, 0.5640774072364628244, -0.02335993811569538059 ) ) ;
#2487 = CARTESIAN_POINT ( 'NONE',  ( -7.380680663151522936, -0.6032975769638169172, -2.086746502385829594 ) ) ;
#2488 = CARTESIAN_POINT ( 'NONE',  ( 2.566391064300000302, 0.4758016603557794766, 0.2142240213463990905 ) ) ;
#2489 = CARTESIAN_POINT ( 'NONE',  ( 3.213912593115638039, -0.09264278942670055306, 0.8622643372292144726 ) ) ;
#2490 = CARTESIAN_POINT ( 'NONE',  ( -6.958643439132329078, 1.010827515693944134, 1.738701607537536775 ) ) ;
#2491 = CARTESIAN_POINT ( 'NONE',  ( -14.30049090487748487, 0.7284478141877915869, 0.5048035854872530148 ) ) ;
#2492 = CARTESIAN_POINT ( 'NONE',  ( 11.09312386627857805, 0.8589530985915940775, -1.123741983756468388 ) ) ;
#2493 = CARTESIAN_POINT ( 'NONE',  ( -11.07034161070110478, 0.3718435212801170509, 0.2564380939518893787 ) ) ;
#2494 = CARTESIAN_POINT ( 'NONE',  ( -2.566391064300000302, -0.08205449580431789514, -0.7993354927903130180 ) ) ;
#2495 = CARTESIAN_POINT ( 'NONE',  ( -3.218901523232960304, 0.03163983991847334892, -0.6878323500849991001 ) ) ;
#2496 = VERTEX_POINT ( 'NONE', #5634 ) ;
#2497 = CARTESIAN_POINT ( 'NONE',  ( -3.234487288991935827, 0.3245179231315603596, -0.4040374584105553835 ) ) ;
#2498 = CARTESIAN_POINT ( 'NONE',  ( 2.566391064300000302, 0.1362311717679059730, 0.5846418570434158690 ) ) ;
#2499 = CARTESIAN_POINT ( 'NONE',  ( 1.258675872299999776, 0.5726449997617705234, -0.5199646906098622789 ) ) ;
#2500 = CARTESIAN_POINT ( 'NONE',  ( -11.10153887103843573, 0.9909018061908596575, 1.576523671868898191 ) ) ;
#2501 = CARTESIAN_POINT ( 'NONE',  ( -7.334580234628383266, -0.1759182235700526842, -1.259434842323860382 ) ) ;
#2502 = CARTESIAN_POINT ( 'NONE',  ( -7.386079057891119959, -0.7044718239181894104, -2.247915192451936051 ) ) ;
#2503 = CARTESIAN_POINT ( 'NONE',  ( 3.213528586439363011, -0.1267400081197260775, 0.9068043663614717698 ) ) ;
#2504 = CARTESIAN_POINT ( 'NONE',  ( 14.33582779230002302, 0.6486247302640406609, -0.8258933660296913226 ) ) ;
#2505 = CARTESIAN_POINT ( 'NONE',  ( 1.258675872300000886, 0.009774487504992473291, 0.6999767665693541474 ) ) ;
#2506 = CARTESIAN_POINT ( 'NONE',  ( 1.258675872299999554, 0.08385624371550898237, 0.6926416108594900534 ) ) ;
#2507 = CARTESIAN_POINT ( 'NONE',  ( -2.072622653093195932, 0.6138350480402620102, 0.6780651556486098075 ) ) ;
#2508 = B_SPLINE_CURVE_WITH_KNOTS ( 'NONE', 3,
 ( #253, #2002, #2886, #4626, #707, #2938, #2911, #2458, #1164, #277, #2054, #2026, #5109, #3767, #5513, #734, #2484, #4224, #303, #5540, #1619, #3369, #1190, #3515, #3088, #5622, #3940, #878, #1704, #3454, #816, #5192, #1277, #2232, #1734, #3849, #3907, #480, #910, #5254, #3026, #1340, #448, #2565, #5221, #4305, #2594, #1768, #4732, #385, #4791, #1307, #4399, #3483, #2137, #357, #5594, #56, #942, #3056, #2110, #3426, #1676, #3876, #4761, #845, #2625, #4334, #5163, #3972, #1247, #4365, #2997, #415, #1801, #4855, #2166, #5652 ),
 .UNSPECIFIED., .F., .F.,
 ( 4, 2, 2, 2, 2, 2, 2, 2, 2, 2, 2, 2, 2, 2, 2, 2, 2, 2, 2, 2, 2, 2, 2, 2, 2, 2, 2, 2, 2, 2, 2, 2, 2, 2, 2, 2, 2, 2, 4 ),
 ( 0.0006892361649281883744, 0.001967168217355199852, 0.003245100269782211222, 0.005800964374636240033, 0.008356828479490267109, 0.009634760531917219498, 0.01091269258434417015, 0.01346855668919795523, 0.01474648874162489548, 0.01602442079405183573, 0.01858028489890572663, 0.02113614900375961753, 0.02241408105618655430, 0.02369201310861349108, 0.02624787721346737157, 0.02752580926589431182, 0.02880374131832124859, 0.03008167337074818537, 0.03135960542317512562, 0.03263753747560206586, 0.03391546952802899917, 0.03647133363288302538, 0.03711029965909656836, 0.03742978267220334332, 0.03750965342548003706, 0.03758952417875673080, 0.03766939493203342454, 0.03774926568531011134, 0.03782913643858680508, 0.03786907181522507215, 0.03788903950354420569, 0.03789902334770384879, 0.03790900719186349882, 0.03798887794514134442, 0.03806874869841918307, 0.03838823171153071118, 0.03902719773775376044, 0.04030512979020001857, 0.04158306184264627670 ),
 .UNSPECIFIED. ) ;
#2509 = CARTESIAN_POINT ( 'NONE',  ( 7.224177880883756231, 0.6366659819404816290, -0.5394413844698495719 ) ) ;
#2510 = CARTESIAN_POINT ( 'NONE',  ( -2.566391064300002522, 0.7666982610052333058, 0.3342586906425947246 ) ) ;
#2511 = CARTESIAN_POINT ( 'NONE',  ( 0.8031577666839488927, -0.04413801566226461387, 0.9271452465197023152 ) ) ;
#2512 = CARTESIAN_POINT ( 'NONE',  ( -2.566391064299997637, 0.07598492251869966296, -0.5898785893397634483 ) ) ;
#2513 = CARTESIAN_POINT ( 'NONE',  ( -0.7376361199289190873, -0.1382729668552167557, -0.9792483099170830041 ) ) ;
#2514 = CARTESIAN_POINT ( 'NONE',  ( -2.566391064300002967, 0.02603109007957076990, -0.6579222552347018249 ) ) ;
#2515 = CARTESIAN_POINT ( 'NONE',  ( 3.215063655410704158, -0.02529249362723735503, 0.8054972759231889823 ) ) ;
#2516 = CARTESIAN_POINT ( 'NONE',  ( 2.566391064299999414, -0.02130179475090902136, 0.7207973256346339452 ) ) ;
#2517 = CARTESIAN_POINT ( 'NONE',  ( 1.258675872299999776, 0.08385624553148883498, 0.6926416129916971309 ) ) ;
#2518 = CARTESIAN_POINT ( 'NONE',  ( -0.7371432520549816569, -0.1376419139370736178, -0.9796193809700968202 ) ) ;
#2519 = CARTESIAN_POINT ( 'NONE',  ( 14.33582779230001591, 0.4987806165016757109, -0.3532845186840471996 ) ) ;
#2520 = CARTESIAN_POINT ( 'NONE',  ( -14.33582779229999815, 0.2947908442694675002, 0.04305028799781215887 ) ) ;
#2521 = CARTESIAN_POINT ( 'NONE',  ( -7.386154684010826976, -0.7106064258956835689, -2.256180166595694647 ) ) ;
#2522 = CARTESIAN_POINT ( 'NONE',  ( -14.33582779229998394, 0.3698844668354545617, 0.1527091603648646490 ) ) ;
#2523 = CARTESIAN_POINT ( 'NONE',  ( 3.303524849991688495, 0.7705430606014315176, -0.9720133870238437668 ) ) ;
#2524 = CARTESIAN_POINT ( 'NONE',  ( 0.9934327786794753257, -0.007412953907883629290, -0.7246778445896884246 ) ) ;
#2525 = CARTESIAN_POINT ( 'NONE',  ( 3.214141682481680640, -0.06675921013156738137, 0.8479121887645275635 ) ) ;
#2526 = CARTESIAN_POINT ( 'NONE',  ( 2.129501663731470984, 0.6604384585813019015, -0.1645755000916714339 ) ) ;
#2527 = CARTESIAN_POINT ( 'NONE',  ( -2.566391064299998970, 0.6957495076645362486, 0.7918421656782637097 ) ) ;
#2528 = CARTESIAN_POINT ( 'NONE',  ( -14.33582779229999815, 0.5653885306861676785, 0.4905546278825559936 ) ) ;
#2529 = CARTESIAN_POINT ( 'NONE',  ( -14.33582779229998749, 0.2740310107649542304, 0.02396128660550602210 ) ) ;
#2530 = CARTESIAN_POINT ( 'NONE',  ( 7.385539102374846898, -0.6844605624373631958, 2.219243692258659362 ) ) ;
#2531 = CARTESIAN_POINT ( 'NONE',  ( -1.258675872299999776, -0.01993778982317610457, -0.7824730746394925607 ) ) ;
#2532 = CARTESIAN_POINT ( 'NONE',  ( 1.258675872300000664, 0.07085459763117694931, 0.5238460133990653356 ) ) ;
#2533 = CARTESIAN_POINT ( 'NONE',  ( 0.7442530548558675685, 0.3529661447465344826, -0.9742263735590543927 ) ) ;
#2534 = CARTESIAN_POINT ( 'NONE',  ( -2.566391064299995417, 0.5979045905212576617, 0.7851613477180062750 ) ) ;
#2535 = EDGE_CURVE ( 'NONE', #5279, #1454, #4902, .T. ) ;
#2536 = CARTESIAN_POINT ( 'NONE',  ( 11.10113938602592576, 0.9249378871625361098, -1.506793257467181402 ) ) ;
#2537 = CARTESIAN_POINT ( 'NONE',  ( 1.258675872299999776, 0.09441984927797994476, 0.6836572863765044694 ) ) ;
#2538 = CARTESIAN_POINT ( 'NONE',  ( -14.36236317983895816, 1.097021471348827548, 0.8676921490353862731 ) ) ;
#2539 = CARTESIAN_POINT ( 'NONE',  ( -2.249689188617261859, 0.09566935789047517624, -0.5108732993183954241 ) ) ;
#2540 = CARTESIAN_POINT ( 'NONE',  ( 0.8662225730892142428, -0.09489809195733570069, 0.8693191167303084832 ) ) ;
#2541 = CARTESIAN_POINT ( 'NONE',  ( 14.33582779230001236, 0.3565288761344734825, -0.1034816178810320508 ) ) ;
#2542 = CARTESIAN_POINT ( 'NONE',  ( 14.33582779230000703, 0.3064766369093352982, -0.06613099216724364904 ) ) ;
#2543 = FACE_OUTER_BOUND ( 'NONE', #2589, .T. ) ;
#2544 = CARTESIAN_POINT ( 'NONE',  ( -2.566391064299999858, -0.08694497503564364849, -0.8057091551671229368 ) ) ;
#2545 = CARTESIAN_POINT ( 'NONE',  ( 3.295793650833274135, 0.6385609624964008191, -0.6600194700553472238 ) ) ;
#2546 = CARTESIAN_POINT ( 'NONE',  ( -7.385196613088521822, -0.6665433131216458307, -2.206533514546255237 ) ) ;
#2547 = CARTESIAN_POINT ( 'NONE',  ( -2.566391064300000302, -0.07597446161203728898, -0.7915761697283881793 ) ) ;
#2548 = CARTESIAN_POINT ( 'NONE',  ( -3.220603786594417706, 0.05872358992832178021, -0.6475982489706546552 ) ) ;
#2549 = CARTESIAN_POINT ( 'NONE',  ( 2.566391064300002522, 0.6641799401265697789, -0.8268135171164625596 ) ) ;
#2550 = CARTESIAN_POINT ( 'NONE',  ( 1.258675872299999776, -0.02011741026275666588, 0.7826106424217695867 ) ) ;
#2551 = CARTESIAN_POINT ( 'NONE',  ( 7.386177491354573910, -0.7164007908634324462, 2.263111976183185270 ) ) ;
#2552 = CARTESIAN_POINT ( 'NONE',  ( 1.690273755855817184, 0.5059568901000952579, 0.1658491331079731679 ) ) ;
#2553 = CARTESIAN_POINT ( 'NONE',  ( -2.262821083313042880, -0.03850297462521705405, -0.7301579119520869021 ) ) ;
#2554 = CARTESIAN_POINT ( 'NONE',  ( -14.33582779229998039, 0.6838005134926349315, 0.7565211054655411882 ) ) ;
#2555 = CARTESIAN_POINT ( 'NONE',  ( -14.33582779229999815, 0.5849969879800447359, 0.5543989332592609287 ) ) ;
#2556 = CARTESIAN_POINT ( 'NONE',  ( -11.07035131530893501, 0.3781706112584551360, 0.2649341473290375837 ) ) ;
#2557 = CARTESIAN_POINT ( 'NONE',  ( 2.566391064300001190, -0.05837905690373564049, 0.7690037892999338487 ) ) ;
#2558 = DIRECTION ( 'NONE',  ( -0.000000000000000000, 1.000000000000000000, -0.000000000000000000 ) ) ;
#2559 = CARTESIAN_POINT ( 'NONE',  ( 1.685086289527069070, 0.2654498947210039428, 0.04126784057567671471 ) ) ;
#2560 = CARTESIAN_POINT ( 'NONE',  ( 1.258675872299999776, 0.4430490530218027523, -0.7425673861385798658 ) ) ;
#2561 = CARTESIAN_POINT ( 'NONE',  ( -1.258675872299999776, 0.3924804753692331949, 0.7717721584039893834 ) ) ;
#2562 = CARTESIAN_POINT ( 'NONE',  ( 0.000000000000000000, -0.1697095371458367807, 0.000000000000000000 ) ) ;
#2563 = CARTESIAN_POINT ( 'NONE',  ( 7.379760133548299628, -0.5915863047132186026, 2.066284359497688516 ) ) ;
#2564 = CARTESIAN_POINT ( 'NONE',  ( 1.258675872299999998, 0.05204001363605127717, 0.7196214388075912183 ) ) ;
#2565 = CARTESIAN_POINT ( 'NONE',  ( 13.87277435445328244, 0.2810512527720580023, -0.04162577818652846845 ) ) ;
#2566 = CARTESIAN_POINT ( 'NONE',  ( -2.566391064299994529, 0.008273590089008976342, -0.6816903744238571594 ) ) ;
#2567 = CARTESIAN_POINT ( 'NONE',  ( 1.258675872299999776, 0.2139901190029833145, -0.07182176658979620709 ) ) ;
#2568 = CARTESIAN_POINT ( 'NONE',  ( 7.386174519740737132, -0.7134608260130705926, 2.260535117939108218 ) ) ;
#2569 = CARTESIAN_POINT ( 'NONE',  ( 3.217398306500855565, 0.004679531406345253247, 0.7271574672533520634 ) ) ;
#2570 = CARTESIAN_POINT ( 'NONE',  ( -2.566391064299997637, -0.08358849393040908293, -0.8014409243613038747 ) ) ;
#2571 = CARTESIAN_POINT ( 'NONE',  ( -2.566391064299999858, -0.08618181965891211216, -0.8027442777002139485 ) ) ;
#2572 = CARTESIAN_POINT ( 'NONE',  ( 2.566391064300008740, 0.5593307585968139151, -0.3288267500949073052 ) ) ;
#2573 = CARTESIAN_POINT ( 'NONE',  ( -11.07034150616660817, 0.3708938321700823715, 0.2553923157620615614 ) ) ;
#2574 = CARTESIAN_POINT ( 'NONE',  ( -2.566391064300002522, -0.08147033100208965484, -0.7986188447308353311 ) ) ;
#2575 = CARTESIAN_POINT ( 'NONE',  ( -2.566391064300002078, 0.1891136037465094566, -0.4286353803628195624 ) ) ;
#2576 = CARTESIAN_POINT ( 'NONE',  ( 14.33582779230001591, 0.6364368721025990272, -0.8357336610318519821 ) ) ;
#2577 = CARTESIAN_POINT ( 'NONE',  ( 0.7411826345420172713, 0.3000887178040486103, -0.9765721530799802430 ) ) ;
#2578 = CARTESIAN_POINT ( 'NONE',  ( 11.07034161070110478, 0.3718435212801170509, -0.2564380939518893787 ) ) ;
#2579 = CARTESIAN_POINT ( 'NONE',  ( 2.566391064299997637, 0.7729565996566992725, -0.3953272545515272851 ) ) ;
#2580 = CARTESIAN_POINT ( 'NONE',  ( -2.566391064300002522, -0.07880059180115094042, -0.7951900372222864277 ) ) ;
#2581 = CARTESIAN_POINT ( 'NONE',  ( -7.170731065138808979, 1.089618891384139809, 1.561492431981556850 ) ) ;
#2582 = CARTESIAN_POINT ( 'NONE',  ( -14.33582779229999815, 0.5775603421917633318, 0.5267542238134662602 ) ) ;
#2583 = CARTESIAN_POINT ( 'NONE',  ( -2.566391064300002078, -0.07432193104645570814, -0.7894623221720229456 ) ) ;
#2584 = CARTESIAN_POINT ( 'NONE',  ( 7.384515140688463042, -0.6615725760252996190, 2.183990652391348153 ) ) ;
#2585 = CARTESIAN_POINT ( 'NONE',  ( 14.33582779230001236, 0.6971583113594660430, -0.6162501986496842221 ) ) ;
#2586 = CARTESIAN_POINT ( 'NONE',  ( 1.701260809539872243, 0.1969455798031348182, 0.2480745699012041894 ) ) ;
#2587 = CARTESIAN_POINT ( 'NONE',  ( 1.193668140350566897, 0.5314182671567125871, 0.2966704511235819797 ) ) ;
#2588 = CARTESIAN_POINT ( 'NONE',  ( -2.081374872540007637, 0.6610251869308637618, 0.5577390576882846895 ) ) ;
#2589 = EDGE_LOOP ( 'NONE', ( #3256, #3145, #1395, #3964 ) ) ;
#2590 = CARTESIAN_POINT ( 'NONE',  ( -14.05487640619239720, 0.3577323247652825500, 0.1139993765804870884 ) ) ;
#2591 = CARTESIAN_POINT ( 'NONE',  ( 14.33582779229999460, 0.3236523383765705364, -0.08902063099486436093 ) ) ;
#2592 = CARTESIAN_POINT ( 'NONE',  ( 3.213538343478194115, -0.1245906118254177797, 0.9040388528586235095 ) ) ;
#2593 = CARTESIAN_POINT ( 'NONE',  ( 2.566391064299998970, 0.04780129613736397443, 0.6723536665735231344 ) ) ;
#2594 = CARTESIAN_POINT ( 'NONE',  ( 13.84801477069111186, 0.2778529782982722129, -0.03767221638664687566 ) ) ;
#2595 = CARTESIAN_POINT ( 'NONE',  ( -2.566391064299999858, -0.02177789968340538770, -0.7214221463798377032 ) ) ;
#2596 = CARTESIAN_POINT ( 'NONE',  ( 0.9934327786794742154, -0.007412953907884477570, -0.7246778445896900900 ) ) ;
#2597 = CARTESIAN_POINT ( 'NONE',  ( 3.214141682481680640, -0.06675921013156738137, 0.8479121887645275635 ) ) ;
#2598 = CARTESIAN_POINT ( 'NONE',  ( 11.07099440477164443, 0.4343426689303173660, -0.3409445430524833953 ) ) ;
#2599 = CARTESIAN_POINT ( 'NONE',  ( -2.262869876701649297, -0.04632251265352720776, -0.7420291013170765559 ) ) ;
#2600 = CARTESIAN_POINT ( 'NONE',  ( -1.258675872299999776, 0.4236098497879670632, -0.3599711740977548646 ) ) ;
#2601 = CARTESIAN_POINT ( 'NONE',  ( 14.33582779230001591, 0.5980261428415347691, -0.6967181126209598396 ) ) ;
#2602 = CARTESIAN_POINT ( 'NONE',  ( -14.33582779230000703, 0.2675730968111448838, 0.01561897754379871009 ) ) ;
#2603 = CARTESIAN_POINT ( 'NONE',  ( -11.07035326644464135, 0.3788778057575792335, 0.2658472562748557810 ) ) ;
#2604 = CARTESIAN_POINT ( 'NONE',  ( -3.300272199993759870, 0.6507518126022706628, 0.7878251049004524331 ) ) ;
#2605 = CARTESIAN_POINT ( 'NONE',  ( 14.33582779230001236, 0.6538576352875453690, -0.8200293234528589492 ) ) ;
#2606 = CARTESIAN_POINT ( 'NONE',  ( 13.96320036115661978, 0.3074701578104513389, -0.06591264872922351914 ) ) ;
#2607 = CARTESIAN_POINT ( 'NONE',  ( 3.213764668813929859, -0.09277631029734353940, 0.8741262160538344483 ) ) ;
#2608 = CARTESIAN_POINT ( 'NONE',  ( 2.085719734965157279, 0.6727198049918803324, -0.5095110046064675879 ) ) ;
#2609 = CARTESIAN_POINT ( 'NONE',  ( -1.258675872299998666, -0.01662124729832657397, -0.7722137129706959646 ) ) ;
#2610 = CARTESIAN_POINT ( 'NONE',  ( -11.09950223859009810, 1.033149851337789471, 1.410946183837928247 ) ) ;
#2611 = CARTESIAN_POINT ( 'NONE',  ( -14.33582779230001591, 0.3229238634280748310, 0.07044876791144173700 ) ) ;
#2612 = CARTESIAN_POINT ( 'NONE',  ( -14.33582779229999637, 0.2792553111014287048, 0.03066007528130207035 ) ) ;
#2613 = CARTESIAN_POINT ( 'NONE',  ( 3.213849365141725922, -0.09627196106766701400, 0.8670764777856675432 ) ) ;
#2614 = CARTESIAN_POINT ( 'NONE',  ( 2.566391064299997637, 0.7148742663221566707, -0.7605851156453840023 ) ) ;
#2615 = CARTESIAN_POINT ( 'NONE',  ( 2.566391064300002522, 0.1340693660790011343, 0.5084358978537034668 ) ) ;
#2616 = CARTESIAN_POINT ( 'NONE',  ( 1.258675872299999776, 0.1421696552121062551, -0.5987852984419129720 ) ) ;
#2617 = CARTESIAN_POINT ( 'NONE',  ( -1.258675872299999776, 0.5946838906015895487, 0.3999883762846229707 ) ) ;
#2618 = CARTESIAN_POINT ( 'NONE',  ( -2.566391064300002522, 0.5887151921186805081, 0.7282151568225502247 ) ) ;
#2619 = CARTESIAN_POINT ( 'NONE',  ( -11.07111453715869942, 0.4402809798485501913, 0.3493700738672048667 ) ) ;
#2620 = VERTEX_POINT ( 'NONE', #2606 ) ;
#2621 = CARTESIAN_POINT ( 'NONE',  ( -14.15391499363386707, 0.4797132410139584580, 0.2389986622943166550 ) ) ;
#2622 = CARTESIAN_POINT ( 'NONE',  ( 2.566391064299998970, 0.05154002468850326507, 0.6233977467133846595 ) ) ;
#2623 = CARTESIAN_POINT ( 'NONE',  ( 2.566391064299999858, -0.07927883805696653297, 0.7958033141430932433 ) ) ;
#2624 = CARTESIAN_POINT ( 'NONE',  ( 2.262868483549347332, -0.04404233314714431358, 0.7405555688506383349 ) ) ;
#2625 = CARTESIAN_POINT ( 'NONE',  ( 13.82783979626290360, 0.2759732025246531273, -0.03509990906362901730 ) ) ;
#2626 = CARTESIAN_POINT ( 'NONE',  ( -2.566391064299999858, 0.3374324073568418791, -0.1960836232861907502 ) ) ;
#2627 = CARTESIAN_POINT ( 'NONE',  ( 1.258675872299999776, 0.2092219918565692005, -0.02709910741786038940 ) ) ;
#2628 = CARTESIAN_POINT ( 'NONE',  ( 7.384623725782351933, -0.6514961270351756761, 2.187813050644402679 ) ) ;
#2629 = CARTESIAN_POINT ( 'NONE',  ( 2.566391064299998970, 0.05154002468850326507, 0.6233977467133846595 ) ) ;
#2630 = CARTESIAN_POINT ( 'NONE',  ( -1.258675872299998444, -0.01869581228067493037, -0.7778855243375557560 ) ) ;
#2631 = CARTESIAN_POINT ( 'NONE',  ( 13.69490692406871091, 0.6933118432338949422, -0.9808105402471171130 ) ) ;
#2632 = CARTESIAN_POINT ( 'NONE',  ( 3.303100320852521143, 0.6661778452089306413, -0.9088836235522343987 ) ) ;
#2633 = CARTESIAN_POINT ( 'NONE',  ( -14.33582779229999815, 0.2672972826440234151, 0.01511997923488003770 ) ) ;
#2634 = CARTESIAN_POINT ( 'NONE',  ( -2.566391064299994529, -0.07322037986087749639, -0.7880529610063583545 ) ) ;
#2635 = CARTESIAN_POINT ( 'NONE',  ( -14.33582779229998039, 0.5217340706311784926, 0.3951141221265145886 ) ) ;
#2636 = CARTESIAN_POINT ( 'NONE',  ( 0.7585626797280815570, -0.1327911289726518562, 0.9632620328663553666 ) ) ;
#2637 = CARTESIAN_POINT ( 'NONE',  ( 7.386029169641035175, -0.6978490327653936731, 2.243212382405213479 ) ) ;
#2638 = CARTESIAN_POINT ( 'NONE',  ( 2.566391064299999858, 0.3536136774162182417, 0.3560711815744221354 ) ) ;
#2639 = CARTESIAN_POINT ( 'NONE',  ( -2.262835605154889684, -0.03987909198485389134, -0.7323266279447216975 ) ) ;
#2640 = CARTESIAN_POINT ( 'NONE',  ( 3.304098318535813483, 0.6956794388409844876, -1.014223726816295468 ) ) ;
#2641 = CARTESIAN_POINT ( 'NONE',  ( -7.206226278648663275, 0.9186701738225161451, 0.8519828710019665685 ) ) ;
#2642 = CARTESIAN_POINT ( 'NONE',  ( -2.566391064299999858, -0.05414713999943469164, -0.7718729508005762741 ) ) ;
#2643 = CARTESIAN_POINT ( 'NONE',  ( -14.33582779230000703, 0.2814504096408577682, 0.03348424185543179971 ) ) ;
#2644 = CARTESIAN_POINT ( 'NONE',  ( 2.566391064299993197, -0.04669914495352178729, 0.7539167340934194161 ) ) ;
#2645 = VECTOR ( 'NONE', #4711, 39.37007874015748143 ) ;
#2646 = CARTESIAN_POINT ( 'NONE',  ( 3.303320101505768491, 0.7785861288146066483, -0.9585444354215797436 ) ) ;
#2647 = CARTESIAN_POINT ( 'NONE',  ( 2.566391064299997637, 0.07598492251869966296, 0.5898785893397634483 ) ) ;
#2648 = CARTESIAN_POINT ( 'NONE',  ( 1.258675872299999776, 0.2181947196588319426, -0.1518102932182696929 ) ) ;
#2649 = CARTESIAN_POINT ( 'NONE',  ( -1.258675872300000442, 0.5327235043350603272, 0.6243263211749632280 ) ) ;
#2650 = EDGE_CURVE ( 'NONE', #475, #4569, #2031, .T. ) ;
#2651 = CARTESIAN_POINT ( 'NONE',  ( -14.33582779229999815, 0.6070191811925962355, 0.7963922913042894569 ) ) ;
#2652 = CARTESIAN_POINT ( 'NONE',  ( -11.07245942222009916, 0.4905925179641302258, 0.4233280114615416423 ) ) ;
#2653 = ORIENTED_EDGE ( 'NONE', *, *, #4148, .F. ) ;
#2654 = CARTESIAN_POINT ( 'NONE',  ( -1.258675872299999776, 0.6147179120828216714, 0.5114254315620330171 ) ) ;
#2655 = CARTESIAN_POINT ( 'NONE',  ( 3.214405350152166552, -0.07076984950914652628, 0.8328898056345475087 ) ) ;
#2656 = CARTESIAN_POINT ( 'NONE',  ( 11.07034871801162978, 0.3771110930548068341, -0.2635677718762159394 ) ) ;
#2657 = CARTESIAN_POINT ( 'NONE',  ( 1.720872755482981020, 0.009022567136095173759, 0.7004962547661272021 ) ) ;
#2658 = DIRECTION ( 'NONE',  ( -0.000000000000000000, -1.000000000000000000, -0.000000000000000000 ) ) ;
#2659 = CARTESIAN_POINT ( 'NONE',  ( -1.713111576367744471, 0.1198737099551645535, -0.4372674393376277391 ) ) ;
#2660 = CARTESIAN_POINT ( 'NONE',  ( 1.258675872299999776, 0.5733481183677442417, -0.5199713544341112437 ) ) ;
#2661 = CARTESIAN_POINT ( 'NONE',  ( 3.213509988586876975, -0.1355761240523706557, 0.9183357527312923096 ) ) ;
#2662 = CARTESIAN_POINT ( 'NONE',  ( 2.566391064299997637, 0.03455826391489102978, 0.6464318519656679918 ) ) ;
#2663 = CARTESIAN_POINT ( 'NONE',  ( -1.258675872299999776, 0.08385624553148883498, -0.6926416129916971309 ) ) ;
#2664 = CARTESIAN_POINT ( 'NONE',  ( 7.163948215430758992, 1.006245529243340098, -1.730992972585864820 ) ) ;
#2665 = CARTESIAN_POINT ( 'NONE',  ( -7.386169752707673730, -0.7129496373007785381, -2.259210219947851428 ) ) ;
#2666 = CARTESIAN_POINT ( 'NONE',  ( -11.07035880134547412, 0.3806480469921966203, 0.2681366834387297060 ) ) ;
#2667 = CARTESIAN_POINT ( 'NONE',  ( 11.09564843942741774, 1.017676243681971293, -1.221370683605729424 ) ) ;
#2668 = CARTESIAN_POINT ( 'NONE',  ( -2.566391064300008740, 0.5593307585968139151, 0.3288267500949073052 ) ) ;
#2669 = CARTESIAN_POINT ( 'NONE',  ( -2.566391064299998970, -0.02388846694797146578, -0.7422646928822130841 ) ) ;
#2670 = CARTESIAN_POINT ( 'NONE',  ( 2.566391064299999858, -0.08745886463145738365, 0.8055141255141157197 ) ) ;
#2671 = CARTESIAN_POINT ( 'NONE',  ( 1.694070981208408266, 0.4767488459618163810, 0.2147765891000855687 ) ) ;
#2672 = CARTESIAN_POINT ( 'NONE',  ( -1.720915451237412519, -0.007144228462525944491, -0.7078101065091568778 ) ) ;
#2673 = CARTESIAN_POINT ( 'NONE',  ( 7.163360028463587881, 1.025192986608661094, -1.776867858193895477 ) ) ;
#2674 = CARTESIAN_POINT ( 'NONE',  ( -11.09785170326633441, 1.031691827695897956, 1.322144967480585631 ) ) ;
#2675 = CARTESIAN_POINT ( 'NONE',  ( -2.566391064300004299, -0.08072056156929546811, -0.7989730405522128542 ) ) ;
#2676 = CARTESIAN_POINT ( 'NONE',  ( -3.214185828674219536, -0.07953823552457879587, -0.8447388823525698864 ) ) ;
#2677 = CARTESIAN_POINT ( 'NONE',  ( 2.566391064300002078, 0.7713698616263573449, -0.5224859428081213286 ) ) ;
#2678 = CARTESIAN_POINT ( 'NONE',  ( 2.138215196047041911, 0.3875875162890404790, -0.1368447704686382438 ) ) ;
#2679 = CARTESIAN_POINT ( 'NONE',  ( 14.07394568310556338, 0.3731737989640730446, -0.1290910264892785042 ) ) ;
#2680 = CARTESIAN_POINT ( 'NONE',  ( -2.150118928718768530, 0.6158470029120906020, 0.04079869943145592037 ) ) ;
#2681 = ORIENTED_EDGE ( 'NONE', *, *, #1161, .T. ) ;
#2682 = CARTESIAN_POINT ( 'NONE',  ( -14.33582779230000526, 0.6032839344735975162, 0.7680729175490913496 ) ) ;
#2683 = CARTESIAN_POINT ( 'NONE',  ( -14.33582779230001236, 0.3781240591071504120, 0.1644088834714222402 ) ) ;
#2684 = EDGE_LOOP ( 'NONE', ( #1026, #3541, #3110, #1888 ) ) ;
#2685 = CARTESIAN_POINT ( 'NONE',  ( -14.11730032985026106, 0.7177805355676748489, 0.6441291480553849036 ) ) ;
#2686 = CARTESIAN_POINT ( 'NONE',  ( 7.382680456340787956, -0.6310707909706334551, 2.134146131596983853 ) ) ;
#2687 = CARTESIAN_POINT ( 'NONE',  ( 11.07034651705244599, 0.3760528142230576409, -0.2622050837883320162 ) ) ;
#2688 = CARTESIAN_POINT ( 'NONE',  ( 1.258675872299999998, -0.001779545688043328473, 0.7317259882033347873 ) ) ;
#2689 = DIRECTION ( 'NONE',  ( 0.000000000000000000, -1.000000000000000000, 0.000000000000000000 ) ) ;
#2690 = CARTESIAN_POINT ( 'NONE',  ( -2.168403062102301604, 0.3382531816057488538, -0.02420483843251900261 ) ) ;
#2691 = CARTESIAN_POINT ( 'NONE',  ( 0.7583302592817280363, 0.3990316716869976021, -0.9634815497531435957 ) ) ;
#2692 = CARTESIAN_POINT ( 'NONE',  ( 7.386177491354573910, -0.7164007908634324462, 2.263111976183185270 ) ) ;
#2693 = CARTESIAN_POINT ( 'NONE',  ( 7.372916085196322022, -0.5147542391003205875, 1.927042644570209573 ) ) ;
#2694 = CARTESIAN_POINT ( 'NONE',  ( -7.163360028463587881, 1.028273453781503255, 1.779130549906453362 ) ) ;
#2695 = CARTESIAN_POINT ( 'NONE',  ( -1.258675872299999776, -0.02150121441190814414, -0.7855185813269786044 ) ) ;
#2696 = CARTESIAN_POINT ( 'NONE',  ( -11.07034330887613649, 0.3739309848295874761, 0.2594863298553146680 ) ) ;
#2697 = CARTESIAN_POINT ( 'NONE',  ( -7.385874180887774365, -0.6950163920213040525, -2.234669617458218571 ) ) ;
#2698 = CARTESIAN_POINT ( 'NONE',  ( 14.33582779230001236, 0.6971583113594660430, -0.6162501986496842221 ) ) ;
#2699 = CARTESIAN_POINT ( 'NONE',  ( -3.286670680321183369, 0.6105591953353011192, 0.4595185511914448573 ) ) ;
#2700 = CARTESIAN_POINT ( 'NONE',  ( -1.258675872299999776, 0.08280979214071074179, -0.6935328579970361229 ) ) ;
#2701 = CARTESIAN_POINT ( 'NONE',  ( 14.33582779229995907, 0.2677009659349459114, -0.01611069186904587683 ) ) ;
#2702 = CARTESIAN_POINT ( 'NONE',  ( 2.232492758806619015, 0.3018551362768727708, 0.4089335232505448836 ) ) ;
#2703 = CARTESIAN_POINT ( 'NONE',  ( -2.262699352316345447, -0.03101582464964271202, -0.7183668663238269581 ) ) ;
#2704 = SURFACE_STYLE_FILL_AREA ( #4932 ) ;
#2705 = CARTESIAN_POINT ( 'NONE',  ( -7.257361145620720322, 0.5538045059544616233, -0.02339955823691901304 ) ) ;
#2706 = CARTESIAN_POINT ( 'NONE',  ( -11.07042960325043879, 0.3991138580734756580, 0.2847317133894963215 ) ) ;
#2707 = CARTESIAN_POINT ( 'NONE',  ( -3.213709148605423227, -0.1056864904013704587, -0.8794813276513998579 ) ) ;
#2708 = CARTESIAN_POINT ( 'NONE',  ( 2.566391064300000302, 0.7371724097763783234, -0.7074852882727921122 ) ) ;
#2709 = CARTESIAN_POINT ( 'NONE',  ( 2.566391064300002522, 0.5723468524768169363, -0.4919624229350554323 ) ) ;
#2710 = CARTESIAN_POINT ( 'NONE',  ( 14.14073117768419507, 0.7075018432696067450, -0.5924551702089478900 ) ) ;
#2711 = CARTESIAN_POINT ( 'NONE',  ( -1.690273755855817184, 0.5059568901000952579, -0.1658491331079731679 ) ) ;
#2712 = ORIENTED_EDGE ( 'NONE', *, *, #920, .F. ) ;
#2713 = CARTESIAN_POINT ( 'NONE',  ( -11.10159409607604175, 0.9348423946044074340, 1.565028117463134860 ) ) ;
#2714 = CARTESIAN_POINT ( 'NONE',  ( -3.220603786594417706, 0.05872358992832178021, -0.6475982489706546552 ) ) ;
#2715 = ORIENTED_EDGE ( 'NONE', *, *, #2988, .T. ) ;
#2716 = CARTESIAN_POINT ( 'NONE',  ( 2.566391064300002522, -0.08147033100208965484, 0.7986188447308353311 ) ) ;
#2717 = CARTESIAN_POINT ( 'NONE',  ( 2.566391064300002078, -0.07872964003956271772, 0.7950992470544103741 ) ) ;
#2718 = CARTESIAN_POINT ( 'NONE',  ( 2.566391064300002967, -0.07351902195333381851, 0.7884351533470541629 ) ) ;
#2719 = CARTESIAN_POINT ( 'NONE',  ( -14.16941556441642192, 0.4534125063246121634, 0.2814538793168915309 ) ) ;
#2720 = CARTESIAN_POINT ( 'NONE',  ( -2.247598595566796753, 0.1067126376309416036, -0.4919043722648040462 ) ) ;
#2721 = CARTESIAN_POINT ( 'NONE',  ( 0.7442530548558675685, 0.3529661447465344826, -0.9742263735590543927 ) ) ;
#2722 = EDGE_CURVE ( 'NONE', #5429, #4970, #5166, .T. ) ;
#2723 = CARTESIAN_POINT ( 'NONE',  ( 2.566391064300002967, 0.2779933088318996548, 0.2930249154348122387 ) ) ;
#2724 = CARTESIAN_POINT ( 'NONE',  ( -7.163708520741811192, 1.060852397611697029, 1.767382100584342197 ) ) ;
#2725 = CARTESIAN_POINT ( 'NONE',  ( 1.258675872299999776, -0.01719267569842770210, 0.7738001437931103510 ) ) ;
#2726 = CARTESIAN_POINT ( 'NONE',  ( -3.213522606298378381, -0.1283484693563677892, -0.9088730069157231473 ) ) ;
#2727 = CARTESIAN_POINT ( 'NONE',  ( -2.566391064299998082, -0.06276994959378651151, -0.7746530319857762859 ) ) ;
#2728 = CARTESIAN_POINT ( 'NONE',  ( 11.08845723106431258, 0.9127684340187012246, -0.9546888786281373385 ) ) ;
#2729 = CARTESIAN_POINT ( 'NONE',  ( -11.09880415586327729, 0.9071946494991909304, 1.357636687669415476 ) ) ;
#2730 = LINE ( 'NONE', #4076, #451 ) ;
#2731 = CARTESIAN_POINT ( 'NONE',  ( 2.566391064300000302, -0.08205449580431789514, 0.7993354927903130180 ) ) ;
#2732 = CARTESIAN_POINT ( 'NONE',  ( -1.258675872299999776, -0.009350251414504540462, -0.7523593191719417650 ) ) ;
#2733 = SURFACE_SIDE_STYLE ('',( #2704 ) ) ;
#2734 = CARTESIAN_POINT ( 'NONE',  ( -11.08600916013221038, 0.8661992636573300208, 0.8755583586500464977 ) ) ;
#2735 = CARTESIAN_POINT ( 'NONE',  ( -7.385551055234916618, -0.6774181702442796382, -2.219666810165882076 ) ) ;
#2736 = CARTESIAN_POINT ( 'NONE',  ( -7.385687616662236721, -0.6887557274284843434, -2.225594143680896142 ) ) ;
#2737 = CARTESIAN_POINT ( 'NONE',  ( 2.566391064299997637, 0.5910307241580871063, 0.06500965011412562777 ) ) ;
#2738 = CARTESIAN_POINT ( 'NONE',  ( 2.083112817510078152, 0.4019150696875861684, -0.5227508815429665612 ) ) ;
#2739 = CARTESIAN_POINT ( 'NONE',  ( 14.17361319139430975, 0.5353358456245868036, -0.3016716891977512249 ) ) ;
#2740 = CARTESIAN_POINT ( 'NONE',  ( -2.247598595566947743, 0.1972204350136159412, -0.5134956426529132534 ) ) ;
#2741 = ORIENTED_EDGE ( 'NONE', *, *, #3071, .F. ) ;
#2742 = CARTESIAN_POINT ( 'NONE',  ( -2.566391064299998082, 0.5978024667232277878, 0.7847109644940198914 ) ) ;
#2743 = ORIENTED_EDGE ( 'NONE', *, *, #1894, .T. ) ;
#2744 = CARTESIAN_POINT ( 'NONE',  ( 14.33582779229999815, 0.2704526532233019198, -0.01938259105669673868 ) ) ;
#2745 = CARTESIAN_POINT ( 'NONE',  ( -2.566391064299994529, -0.04261889482227583514, -0.7605444075830550821 ) ) ;
#2746 = CARTESIAN_POINT ( 'NONE',  ( 2.566391064300004299, -0.04991059043314755028, 0.7580734055890067102 ) ) ;
#2747 = CARTESIAN_POINT ( 'NONE',  ( -14.09777077724123551, 0.6169779735667556553, 0.6787434014187487819 ) ) ;
#2748 = CARTESIAN_POINT ( 'NONE',  ( -1.701260809539872243, 0.1969455798031348182, -0.2480745699012041894 ) ) ;
#2749 = CARTESIAN_POINT ( 'NONE',  ( 3.234487288991934495, 0.2222137397541779635, 0.3886423683733717382 ) ) ;
#2750 = CARTESIAN_POINT ( 'NONE',  ( -14.33582779229999637, 0.6289676046732018966, 0.8388073672880873577 ) ) ;
#2751 = CARTESIAN_POINT ( 'NONE',  ( 2.566391064300006963, -0.08099043847173238719, 0.7979870410380116574 ) ) ;
#2752 = DIRECTION ( 'NONE',  ( 0.000000000000000000, -0.000000000000000000, 1.000000000000000000 ) ) ;
#2753 = CARTESIAN_POINT ( 'NONE',  ( -14.33582779229999637, 0.2707256833639803406, 0.01973412840305474591 ) ) ;
#2754 = CARTESIAN_POINT ( 'NONE',  ( -7.384757704063827255, -0.6663395800318744344, -2.191511255973082939 ) ) ;
#2755 = CARTESIAN_POINT ( 'NONE',  ( 14.33582779230001591, 0.6963428584758006856, -0.6790688298951825796 ) ) ;
#2756 = CARTESIAN_POINT ( 'NONE',  ( 2.566391064299994529, -0.07322037986087749639, 0.7880529610063583545 ) ) ;
#2757 = CARTESIAN_POINT ( 'NONE',  ( -2.566391064299995861, 0.5852448346457180817, 0.6998153733583961644 ) ) ;
#2758 = FACE_OUTER_BOUND ( 'NONE', #670, .T. ) ;
#2759 = CARTESIAN_POINT ( 'NONE',  ( 2.566391064300002967, -0.08596027567774865152, 0.8037832091593354322 ) ) ;
#2760 = CARTESIAN_POINT ( 'NONE',  ( -2.566391064300004299, -0.04991059043314755028, -0.7580734055890067102 ) ) ;
#2761 = CARTESIAN_POINT ( 'NONE',  ( 7.163387227860913420, 1.020359083069594552, -1.770369998838519088 ) ) ;
#2762 = CARTESIAN_POINT ( 'NONE',  ( -11.07168220751303700, 0.4898211195868463763, 0.3803997461810256220 ) ) ;
#2763 = CARTESIAN_POINT ( 'NONE',  ( -7.386176748036077377, -0.7146959245460879906, -2.261957077364296076 ) ) ;
#2764 = CARTESIAN_POINT ( 'NONE',  ( -14.33582779230000526, 0.3193767319509610569, 0.08328439289441946780 ) ) ;
#2765 = CARTESIAN_POINT ( 'NONE',  ( 7.343311241169489634, -0.1710837889464003891, 1.416502125670223267 ) ) ;
#2766 = CARTESIAN_POINT ( 'NONE',  ( 1.640505203898496411, 0.2613854967180910815, -0.6206654753475427944 ) ) ;
#2767 = CARTESIAN_POINT ( 'NONE',  ( 2.566391064299999858, -0.07711078396479340014, 0.7943055899875717252 ) ) ;
#2768 = CARTESIAN_POINT ( 'NONE',  ( -2.250107307227498854, 0.1756347580114971663, -0.5341732513596418874 ) ) ;
#2769 = EDGE_LOOP ( 'NONE', ( #873, #1456 ) ) ;
#2770 = CARTESIAN_POINT ( 'NONE',  ( -2.566391064299999858, 0.6254865429034448532, 0.8391026377555442783 ) ) ;
#2771 = ORIENTED_EDGE ( 'NONE', *, *, #1946, .F. ) ;
#2772 = CARTESIAN_POINT ( 'NONE',  ( -13.78438488708295218, 0.7024993329822090127, 0.9504830737824382370 ) ) ;
#2773 = CARTESIAN_POINT ( 'NONE',  ( 3.213522606298378381, -0.1283484693563677892, 0.9088730069157231473 ) ) ;
#2774 = CARTESIAN_POINT ( 'NONE',  ( -1.258675872299999776, 0.1174402408658685448, -0.6638862532771677705 ) ) ;
#2775 = CARTESIAN_POINT ( 'NONE',  ( 2.262379404626560842, -0.01976487291544774469, 0.7005938694645557074 ) ) ;
#2776 = CARTESIAN_POINT ( 'NONE',  ( -14.00481345324369364, 0.3140578830160841717, 0.08353221822251631623 ) ) ;
#2777 = CARTESIAN_POINT ( 'NONE',  ( -1.646325541119260993, 0.2839754394722811548, 0.4916054819942197729 ) ) ;
#2778 = CARTESIAN_POINT ( 'NONE',  ( 3.223191392776040054, 0.09499394909899559758, 0.5924771244454392072 ) ) ;
#2779 = CARTESIAN_POINT ( 'NONE',  ( -14.33582779230000526, 0.6904734085880617211, 0.7258232460400871888 ) ) ;
#2780 = CARTESIAN_POINT ( 'NONE',  ( 2.262821083313042880, -0.03850297462521705405, 0.7301579119520869021 ) ) ;
#2781 = CARTESIAN_POINT ( 'NONE',  ( -1.258675872299999776, 0.2023765066103478671, 0.7707190202723344097 ) ) ;
#2782 = EDGE_CURVE ( 'NONE', #1825, #4912, #5381, .T. ) ;
#2783 = CIRCLE ( 'NONE', #3414, 0.06538575959999996801 ) ;
#2784 = CARTESIAN_POINT ( 'NONE',  ( -2.566391064300002078, -0.08037778763685374250, -0.7972118829136807250 ) ) ;
#2785 = CARTESIAN_POINT ( 'NONE',  ( -11.07065122060922491, 0.4137556430914575700, 0.3122903471935525310 ) ) ;
#2786 = CARTESIAN_POINT ( 'NONE',  ( 3.295793650833282129, 0.8310155856067948932, -0.6816581468908247121 ) ) ;
#2787 = CARTESIAN_POINT ( 'NONE',  ( 7.385687616662236721, -0.6887557274284843434, 2.225594143680896142 ) ) ;
#2788 = CARTESIAN_POINT ( 'NONE',  ( 1.214279827580706517, 0.5990231184924630359, 0.1780575463022788518 ) ) ;
#2789 = CARTESIAN_POINT ( 'NONE',  ( -1.064194388456919826, 0.6596375939953080803, 0.6111709203707419436 ) ) ;
#2790 = CARTESIAN_POINT ( 'NONE',  ( -1.258675872300000442, -0.007600464717011585873, -0.7475974100462396965 ) ) ;
#2791 = CARTESIAN_POINT ( 'NONE',  ( 14.33582779229999815, 0.4052034457502691200, -0.2036777105423799028 ) ) ;
#2792 = CARTESIAN_POINT ( 'NONE',  ( -7.334580234627988915, -0.09102654897979797766, -1.272477756476535049 ) ) ;
#2793 = CARTESIAN_POINT ( 'NONE',  ( -2.566391064299998082, -0.08499481954710089160, -0.8041606444785430741 ) ) ;
#2794 = CARTESIAN_POINT ( 'NONE',  ( -3.214405350152166552, -0.07076984950914652628, -0.8328898056345475087 ) ) ;
#2795 = CARTESIAN_POINT ( 'NONE',  ( 3.275457720200844136, 0.7432056705833807175, -0.2464118143328991872 ) ) ;
#2796 = CARTESIAN_POINT ( 'NONE',  ( 2.091647793835632374, 0.4083336183382384466, -0.4435922475707870238 ) ) ;
#2797 = CARTESIAN_POINT ( 'NONE',  ( 14.13934354810015925, 0.4517356346140125600, -0.2089948704745757946 ) ) ;
#2798 = CARTESIAN_POINT ( 'NONE',  ( -1.258675872299999554, 0.3370078171565169534, -0.4534679175941894735 ) ) ;
#2799 = CARTESIAN_POINT ( 'NONE',  ( 1.258675872299999776, 0.5938102356368049062, 0.005507533701502377241 ) ) ;
#2800 = ORIENTED_EDGE ( 'NONE', *, *, #2722, .T. ) ;
#2801 = APPLICATION_PROTOCOL_DEFINITION ( 'draft international standard', 'automotive_design', 1998, #4370 ) ;
#2802 = CARTESIAN_POINT ( 'NONE',  ( 2.566391064299997637, -0.08437522390495014180, 0.8027231163277351866 ) ) ;
#2803 = CARTESIAN_POINT ( 'NONE',  ( -2.260722460837450765, 0.04269347094368998452, -0.6583362166735587939 ) ) ;
#2804 = CARTESIAN_POINT ( 'NONE',  ( 2.566391064299995861, -0.06624058040995965679, 0.7791095601863226028 ) ) ;
#2805 = CARTESIAN_POINT ( 'NONE',  ( -13.84801477069111186, 0.2778529782982722129, 0.03767221638664687566 ) ) ;
#2806 = CARTESIAN_POINT ( 'NONE',  ( -2.566391064299997637, 0.5158176761640985708, 0.1639120818645230793 ) ) ;
#2807 = CARTESIAN_POINT ( 'NONE',  ( 7.315731052281774893, -0.02744844990823190611, 0.9511505847596519736 ) ) ;
#2808 = CARTESIAN_POINT ( 'NONE',  ( -7.170731065138808979, 1.089618891384139809, 1.561492431981556850 ) ) ;
#2809 = CARTESIAN_POINT ( 'NONE',  ( 2.262835605154889684, -0.03987909198485389134, 0.7323266279447216975 ) ) ;
#2810 = FACE_OUTER_BOUND ( 'NONE', #2769, .T. ) ;
#2811 = CARTESIAN_POINT ( 'NONE',  ( -2.566391064299999858, -0.03433701248552972762, -0.7378501586674132140 ) ) ;
#2812 = CARTESIAN_POINT ( 'NONE',  ( 11.07636988083695506, 0.6480747758181537588, -0.5684391891153282028 ) ) ;
#2813 = CARTESIAN_POINT ( 'NONE',  ( 14.33582779229999460, 0.2768740373735862348, -0.02760311232101905765 ) ) ;
#2814 = CARTESIAN_POINT ( 'NONE',  ( -2.566391064299998082, 0.5978024667232277878, 0.7847109644940198914 ) ) ;
#2815 = CARTESIAN_POINT ( 'NONE',  ( -1.258675872299999776, 0.2139901190029833145, 0.07182176658979620709 ) ) ;
#2816 = CARTESIAN_POINT ( 'NONE',  ( 7.355224577198460345, -0.3486373479473595105, 1.607440693633111595 ) ) ;
#2817 = CARTESIAN_POINT ( 'NONE',  ( -14.33582779229999815, 0.3898188547346174149, 0.1368295640911756372 ) ) ;
#2818 = CARTESIAN_POINT ( 'NONE',  ( -11.07034230402291541, 0.3729752081712620626, 0.2581651750621936636 ) ) ;
#2819 = CARTESIAN_POINT ( 'NONE',  ( -3.214654158438863263, -0.06197668869894110838, -0.8209109023488480039 ) ) ;
#2820 = CARTESIAN_POINT ( 'NONE',  ( -3.246197865685658712, 0.4629851819445303107, -0.2210561488527467422 ) ) ;
#2821 = CARTESIAN_POINT ( 'NONE',  ( 11.09564843942741774, 1.017676243681971293, -1.221370683605729424 ) ) ;
#2822 = CARTESIAN_POINT ( 'NONE',  ( 2.067864135957726557, 0.4944492784656934203, -0.7870327899454369058 ) ) ;
#2823 = CARTESIAN_POINT ( 'NONE',  ( 2.566391064299999858, -0.08694497503564364849, 0.8057091551671229368 ) ) ;
#2824 = EDGE_CURVE ( 'NONE', #194, #3967, #2730, .T. ) ;
#2825 = CARTESIAN_POINT ( 'NONE',  ( -0.8532829707856143253, 0.5287438043322435499, 0.8833535772798937202 ) ) ;
#2826 = UNCERTAINTY_MEASURE_WITH_UNIT (LENGTH_MEASURE( 1.000000000000000082E-05 ), #2214, 'distance_accuracy_value', 'NONE');
#2827 = EDGE_LOOP ( 'NONE', ( #1763, #3998, #139, #51, #4942 ) ) ;
#2828 = CARTESIAN_POINT ( 'NONE',  ( 2.566391064300000302, -0.07542361607356125319, 0.7908715900412356392 ) ) ;
#2829 = CARTESIAN_POINT ( 'NONE',  ( -1.258675872300000442, 0.03660560797794234350, -0.7326453788621256624 ) ) ;
#2830 = PRODUCT ( 'Propellor 28in', 'Propellor 28in', '', ( #1081 ) ) ;
#2831 = CARTESIAN_POINT ( 'NONE',  ( 1.258675872299999554, 0.06091530012730778793, 0.5536204043458275992 ) ) ;
#2832 = CARTESIAN_POINT ( 'NONE',  ( -13.86103953521894816, 0.2802055523936266002, 0.03961501731416103289 ) ) ;
#2833 = CARTESIAN_POINT ( 'NONE',  ( -1.659148957883727293, 0.3083964553501866157, 0.2882026243198573257 ) ) ;
#2834 = CARTESIAN_POINT ( 'NONE',  ( 14.33582779229999637, 0.5469911081246038309, -0.4465090625369943500 ) ) ;
#2835 = CARTESIAN_POINT ( 'NONE',  ( -2.566391064299997637, 0.7148742663221566707, 0.7605851156453840023 ) ) ;
#2836 = CARTESIAN_POINT ( 'NONE',  ( 2.566391064299998970, -0.08258342911063670799, 0.8000697973306234445 ) ) ;
#2837 = CARTESIAN_POINT ( 'NONE',  ( -1.258675872299999776, 0.6004959455143787928, 0.3261146625232663188 ) ) ;
#2838 = CARTESIAN_POINT ( 'NONE',  ( -7.385687616662236721, -0.6887557274284843434, -2.225594143680896142 ) ) ;
#2839 = CARTESIAN_POINT ( 'NONE',  ( 2.566391064300002967, 0.3104097555896734861, 0.4034599599051704177 ) ) ;
#2840 = CARTESIAN_POINT ( 'NONE',  ( 11.07035534908020402, 0.3795854631468402185, -0.2667616916994368648 ) ) ;
#2841 = CARTESIAN_POINT ( 'NONE',  ( -7.163360028463587881, 1.028273453781503255, 1.779130549906453362 ) ) ;
#2842 = CARTESIAN_POINT ( 'NONE',  ( -1.228756478188811618, 0.6896867435051637907, 0.02806607775172225566 ) ) ;
#2843 = CARTESIAN_POINT ( 'NONE',  ( 2.566391064299999414, 0.05999438013027987016, 0.6118540259425592209 ) ) ;
#2844 = CARTESIAN_POINT ( 'NONE',  ( -3.217385866086526214, 0.04360713746229422788, -0.7326726688612804628 ) ) ;
#2845 = CARTESIAN_POINT ( 'NONE',  ( -3.213509988586876975, -0.1355761240523706557, -0.9183357527312923096 ) ) ;
#2846 = CARTESIAN_POINT ( 'NONE',  ( -7.383678121734852162, -0.6467238091279102763, -2.160068196610716473 ) ) ;
#2847 = CARTESIAN_POINT ( 'NONE',  ( 14.33582779229999637, 0.6289676046732018966, -0.8388073672880873577 ) ) ;
#2848 = CARTESIAN_POINT ( 'NONE',  ( -2.566391064300004743, 0.2241878980495738971, -0.4948884805799602660 ) ) ;
#2849 = B_SPLINE_CURVE_WITH_KNOTS ( 'NONE', 3,
 ( #336, #2008, #2490, #5115, #3749 ),
 .UNSPECIFIED., .F., .F.,
 ( 4, 1, 4 ),
 ( 0.000000000000000000, 0.1919068383482318008, 0.9469544683107044003 ),
 .UNSPECIFIED. ) ;
#2850 = CARTESIAN_POINT ( 'NONE',  ( 7.206226278648663275, 0.9186701738225161451, -0.8519828710019665685 ) ) ;
#2851 = CARTESIAN_POINT ( 'NONE',  ( 1.258675872299999776, 0.3924804753692331949, -0.7717721584039893834 ) ) ;
#2852 = CARTESIAN_POINT ( 'NONE',  ( 1.720939104963049582, -0.01235884233996034469, 0.7183552835687795346 ) ) ;
#2853 = CARTESIAN_POINT ( 'NONE',  ( 1.258675872299999776, 0.6147179120828216714, -0.5114254315620330171 ) ) ;
#2854 = CARTESIAN_POINT ( 'NONE',  ( 14.33582779229998749, 0.2740310107649542304, -0.02396128660550602210 ) ) ;
#2855 = CARTESIAN_POINT ( 'NONE',  ( -1.258675872300001553, -0.01726703269140893171, -0.7792532158822113031 ) ) ;
#2856 = CARTESIAN_POINT ( 'NONE',  ( 1.720102011462331326, 0.02945670581608117108, 0.6334647217162132637 ) ) ;
#2857 = CARTESIAN_POINT ( 'NONE',  ( -13.82578434511403032, 0.2756437156989026138, 0.03486910797092416386 ) ) ;
#2858 = CARTESIAN_POINT ( 'NONE',  ( -2.105360893873348793, 0.4127257791956098210, 0.3391000175556368457 ) ) ;
#2859 = CARTESIAN_POINT ( 'NONE',  ( 11.10133159784520984, 0.9279528525212867862, -1.526641285602304610 ) ) ;
#2860 = CARTESIAN_POINT ( 'NONE',  ( -3.301877013442943820, 0.8079355971939623515, 0.8840289683569911849 ) ) ;
#2861 = CARTESIAN_POINT ( 'NONE',  ( -1.258675872299999998, 0.1979291922254022007, 0.7685086100014798527 ) ) ;
#2862 = CARTESIAN_POINT ( 'NONE',  ( -0.9934327786794742154, -0.007412953907884477570, 0.7246778445896900900 ) ) ;
#2863 = CARTESIAN_POINT ( 'NONE',  ( -11.07044273712708637, 0.3949263883696438326, 0.2868704267997563284 ) ) ;
#2864 = CARTESIAN_POINT ( 'NONE',  ( 3.222273566651790322, 0.1445705410127551271, 0.6205177225765383664 ) ) ;
#2865 = CARTESIAN_POINT ( 'NONE',  ( 14.33582779229999993, 0.3086338872172894598, -0.06898440223458973675 ) ) ;
#2866 = CARTESIAN_POINT ( 'NONE',  ( -11.10133159784520984, 0.9279528525212867862, 1.526641285602304610 ) ) ;
#2867 = CARTESIAN_POINT ( 'NONE',  ( -1.258675872299999776, 0.2181947196588319426, 0.1518102932182696929 ) ) ;
#2868 = CARTESIAN_POINT ( 'NONE',  ( 7.365648746223445009, -0.4430102278434037699, 1.791474307114628184 ) ) ;
#2869 = CARTESIAN_POINT ( 'NONE',  ( -2.566391064300002967, 0.3104097555896734861, -0.4034599599051704177 ) ) ;
#2870 = CARTESIAN_POINT ( 'NONE',  ( -2.566391064299999858, -0.08682642287692476923, -0.8057586563822590753 ) ) ;
#2871 = CARTESIAN_POINT ( 'NONE',  ( -2.566391064299999414, -0.02130179475090902136, -0.7207973256346339452 ) ) ;
#2872 = CARTESIAN_POINT ( 'NONE',  ( -0.7545486363475482072, 0.1942265812274561188, 0.9663674644158181115 ) ) ;
#2873 = CARTESIAN_POINT ( 'NONE',  ( -2.566391064299995861, 0.2675353906679551752, -0.4493980452557100325 ) ) ;
#2874 = CARTESIAN_POINT ( 'NONE',  ( 2.566391064300004743, 0.09176024632099040457, 0.6290280174422913095 ) ) ;
#2875 = CARTESIAN_POINT ( 'NONE',  ( 1.638034673059458379, 0.5310565435069529716, -0.7099875987445467551 ) ) ;
#2876 = CARTESIAN_POINT ( 'NONE',  ( 1.720940559663614478, -0.01315459468166911214, 0.7199017822479084616 ) ) ;
#2877 = ADVANCED_FACE ( 'NONE', ( #67 ), #4562, .T. ) ;
#2878 = CARTESIAN_POINT ( 'NONE',  ( 0.000000000000000000, -0.1697095371458367807, -1.225982992500000091 ) ) ;
#2879 = CARTESIAN_POINT ( 'NONE',  ( 3.213589752484780515, -0.1168679018250990825, 0.8940618296909568219 ) ) ;
#2880 = DIRECTION ( 'NONE',  ( 1.000000000000000000, -0.000000000000000000, 1.224646799147353207E-16 ) ) ;
#2881 = CARTESIAN_POINT ( 'NONE',  ( 2.261416039261336053, 9.066285712018958215E-05, 0.6689629429572228059 ) ) ;
#2882 = CARTESIAN_POINT ( 'NONE',  ( 1.258675872299999776, 0.07919710109772995499, 0.6966080718303367947 ) ) ;
#2883 = CARTESIAN_POINT ( 'NONE',  ( -1.638762215212050011, 0.5487699190514768732, 0.6860183498402326885 ) ) ;
#2884 = CARTESIAN_POINT ( 'NONE',  ( 3.295793650833274135, 0.6385609624964008191, -0.6600194700553472238 ) ) ;
#2885 = CARTESIAN_POINT ( 'NONE',  ( -11.10129956254205297, 1.008118762794194545, 1.546386587056244544 ) ) ;
#2886 = CARTESIAN_POINT ( 'NONE',  ( 13.73140712826881860, 0.6771902249723464884, -0.9692551719939835886 ) ) ;
#2887 = CARTESIAN_POINT ( 'NONE',  ( -2.261416039261336053, 9.066285712018958215E-05, -0.6689629429572228059 ) ) ;
#2888 = CARTESIAN_POINT ( 'NONE',  ( -1.193668140350566897, 0.5314182671567125871, -0.2966704511235819797 ) ) ;
#2889 = CARTESIAN_POINT ( 'NONE',  ( -7.381534894223762855, -0.6146781488017984962, -2.106382746396608496 ) ) ;
#2890 = CARTESIAN_POINT ( 'NONE',  ( 11.07168220751303700, 0.4898211195868463763, -0.3803997461810256220 ) ) ;
#2891 = CARTESIAN_POINT ( 'NONE',  ( 3.213996112355613999, -0.08828112927674462707, 0.8564559669432701972 ) ) ;
#2892 = CARTESIAN_POINT ( 'NONE',  ( 0.7376361199289190873, -0.1382729668552165336, 0.9792483099170832261 ) ) ;
#2893 = CARTESIAN_POINT ( 'NONE',  ( -1.258675872299999776, 0.5208820195508625517, 0.6494261152893827660 ) ) ;
#2894 = CARTESIAN_POINT ( 'NONE',  ( 2.566391064299994973, 0.4221013212370045009, 0.04588317309555829671 ) ) ;
#2895 = EDGE_CURVE ( 'NONE', #506, #4786, #731, .T. ) ;
#2896 = CARTESIAN_POINT ( 'NONE',  ( -2.566391064300009628, 0.04700941754159277536, -0.6731297582540329838 ) ) ;
#2897 = CARTESIAN_POINT ( 'NONE',  ( -11.07034720659498817, 0.3764057560674028968, 0.2626590265354240561 ) ) ;
#2898 = CARTESIAN_POINT ( 'NONE',  ( -2.566391064299991864, 0.1019067046348751671, -0.5538758272015070760 ) ) ;
#2899 = CARTESIAN_POINT ( 'NONE',  ( -0.7434545231798547205, -0.1362288060422177371, -0.9748525489055733795 ) ) ;
#2900 = CARTESIAN_POINT ( 'NONE',  ( -7.364621968974071287, -0.3819972330521036463, -1.780589516671979844 ) ) ;
#2901 = CARTESIAN_POINT ( 'NONE',  ( 14.33582779230001591, 0.4045009171206292997, -0.1517627572924934720 ) ) ;
#2902 = CARTESIAN_POINT ( 'NONE',  ( 2.566391064299998970, 0.5888232265797993525, -0.7290386435735904946 ) ) ;
#2903 = CARTESIAN_POINT ( 'NONE',  ( -11.10090844495952922, 1.020667486810866498, 1.508877403995144029 ) ) ;
#2904 = CARTESIAN_POINT ( 'NONE',  ( 7.386136957047659379, -0.7087499142440691902, 2.253705404223715014 ) ) ;
#2905 = DIRECTION ( 'NONE',  ( 1.224646799147351975E-16, 0.000000000000000000, -1.000000000000000000 ) ) ;
#2906 = CARTESIAN_POINT ( 'NONE',  ( 2.566391064300006519, 0.03382574896244976148, 0.6474208337533541302 ) ) ;
#2907 = CARTESIAN_POINT ( 'NONE',  ( -13.90180344458535977, 0.2880470007766207097, 0.04741663974059128622 ) ) ;
#2908 = CARTESIAN_POINT ( 'NONE',  ( -1.258675872299999554, 0.2846679647882964237, 0.7912677135843135812 ) ) ;
#2909 = CARTESIAN_POINT ( 'NONE',  ( 14.33582779230000703, 0.5958004181323931503, -0.6395260424056491422 ) ) ;
#2910 = CARTESIAN_POINT ( 'NONE',  ( -14.33582779230000703, 0.6880568958994336404, 0.5540901755068459167 ) ) ;
#2911 = CARTESIAN_POINT ( 'NONE',  ( 13.85261156466810561, 0.6559469416109113826, -0.9177879731520919293 ) ) ;
#2912 = CARTESIAN_POINT ( 'NONE',  ( -1.720102011462331326, 0.02945670581608117108, -0.6334647217162132637 ) ) ;
#2913 = CARTESIAN_POINT ( 'NONE',  ( -1.258675872299999776, 0.5475040974479106204, 0.5930587806842245735 ) ) ;
#2914 = CARTESIAN_POINT ( 'NONE',  ( -3.216946304780028854, -0.004273707827704060526, -0.7400436602281175169 ) ) ;
#2915 = CARTESIAN_POINT ( 'NONE',  ( 11.08024854322005304, 0.7436020765895002826, -0.6950565195490493453 ) ) ;
#2916 = CARTESIAN_POINT ( 'NONE',  ( 14.33582779229999637, 0.2858316501390165132, -0.03913958128797365849 ) ) ;
#2917 = AXIS2_PLACEMENT_3D ( 'NONE', #2068, #3861, #4289 ) ;
#2918 = DIRECTION ( 'NONE',  ( 0.000000000000000000, 0.000000000000000000, 1.000000000000000000 ) ) ;
#2919 = CARTESIAN_POINT ( 'NONE',  ( -1.258675872299999776, 0.1755760944068340823, -0.6133632895623466474 ) ) ;
#2920 = CARTESIAN_POINT ( 'NONE',  ( 2.566391064300005187, 0.5337929746884551019, -0.2172616135982974594 ) ) ;
#2921 = CARTESIAN_POINT ( 'NONE',  ( -14.33582779229997684, 0.3116739415007228065, 0.05948598262155881111 ) ) ;
#2922 = CARTESIAN_POINT ( 'NONE',  ( -2.566391064299999858, -0.07927883805696653297, -0.7958033141430932433 ) ) ;
#2923 = CARTESIAN_POINT ( 'NONE',  ( -3.226094156120800527, 0.1313652911311343763, -0.5358584106946419068 ) ) ;
#2924 = CARTESIAN_POINT ( 'NONE',  ( -0.8662225730892159081, -0.09489809195733535374, -0.8693191167303081501 ) ) ;
#2925 = CARTESIAN_POINT ( 'NONE',  ( -14.33582779230001591, 0.4045009171206292997, 0.1517627572924934720 ) ) ;
#2926 = CARTESIAN_POINT ( 'NONE',  ( 14.33582779229997684, 0.3116739415007228065, -0.05948598262155881111 ) ) ;
#2927 = CARTESIAN_POINT ( 'NONE',  ( 2.078291805778053725, 0.6494029483402562475, -0.5957590656995134237 ) ) ;
#2928 = CARTESIAN_POINT ( 'NONE',  ( -14.33582779230002302, 0.6681595513967184541, 0.7981295149369365127 ) ) ;
#2929 = CARTESIAN_POINT ( 'NONE',  ( -7.305776072860613368, 0.04880085127267751177, -0.7900307338902735621 ) ) ;
#2930 = CARTESIAN_POINT ( 'NONE',  ( -7.386120366228747791, -0.7073382300710950865, -2.251808662590658816 ) ) ;
#2931 = CARTESIAN_POINT ( 'NONE',  ( 11.07034871801162978, 0.3771110930548068341, -0.2635677718762159394 ) ) ;
#2932 = CARTESIAN_POINT ( 'NONE',  ( 2.085272427186414520E-17, -0.7170990083023013328, -0.1702754156250000095 ) ) ;
#2933 = CARTESIAN_POINT ( 'NONE',  ( 1.258675872299998444, 0.04791604163142804129, 0.5918598234276463144 ) ) ;
#2934 = CARTESIAN_POINT ( 'NONE',  ( 1.258675872299999776, 0.1762500095929560862, 0.1689588619714898210 ) ) ;
#2935 = CARTESIAN_POINT ( 'NONE',  ( -1.258675872299999776, 0.3194362964300279106, 0.7907440282414447408 ) ) ;
#2936 = CARTESIAN_POINT ( 'NONE',  ( 14.33582779229999815, 0.5775603421917633318, -0.5267542238134662602 ) ) ;
#2937 = CARTESIAN_POINT ( 'NONE',  ( -3.275457720200844136, 0.7432056705833807175, 0.2464118143328991872 ) ) ;
#2938 = CARTESIAN_POINT ( 'NONE',  ( 13.82357608211527200, 0.6609448279919463154, -0.9329976060218334588 ) ) ;
#2939 = CARTESIAN_POINT ( 'NONE',  ( -1.715883628687142615, 0.09359351412005517679, -0.4964955877603433598 ) ) ;
#2940 = CARTESIAN_POINT ( 'NONE',  ( -1.258675872299999776, 0.5176384891878477168, -0.1893318323286347638 ) ) ;
#2941 = CARTESIAN_POINT ( 'NONE',  ( -2.566391064299999414, 0.05999438013027987016, -0.6118540259425592209 ) ) ;
#2942 = CARTESIAN_POINT ( 'NONE',  ( 11.07087893423843994, 0.4438227733416122422, -0.3307785643049006019 ) ) ;
#2943 = CARTESIAN_POINT ( 'NONE',  ( 3.214654158438863263, -0.06197668869894110838, 0.8209109023488480039 ) ) ;
#2944 = CARTESIAN_POINT ( 'NONE',  ( 7.256264928924107238, -0.6406368640514551460, 2.155340194510127816 ) ) ;
#2945 = CARTESIAN_POINT ( 'NONE',  ( -1.193668140350566897, 0.5314182671567125871, -0.2966704511235819797 ) ) ;
#2946 = ADVANCED_FACE ( 'NONE', ( #2758 ), #5014, .T. ) ;
#2947 = CARTESIAN_POINT ( 'NONE',  ( 7.214957285190354952, 0.6972520365087926386, -0.6965964149845575992 ) ) ;
#2948 = CARTESIAN_POINT ( 'NONE',  ( -2.566391064299997637, -0.08610970711696515345, -0.8048970249851739034 ) ) ;
#2949 = CARTESIAN_POINT ( 'NONE',  ( -14.33582779229999637, 0.2715526976610915244, 0.02079117861312559240 ) ) ;
#2950 = CARTESIAN_POINT ( 'NONE',  ( -2.566391064299999414, 0.3082385999512268770, -0.2444434716872919133 ) ) ;
#2951 = CARTESIAN_POINT ( 'NONE',  ( 3.304098318535813483, 0.7034574683989125443, -1.019995185186730602 ) ) ;
#2952 = CARTESIAN_POINT ( 'NONE',  ( 2.566391064300000302, -0.08672370335521194240, 0.8055199008373742364 ) ) ;
#2953 = CARTESIAN_POINT ( 'NONE',  ( 7.383722745745938454, -0.6316989699466398767, 2.162162872145545922 ) ) ;
#2954 = CARTESIAN_POINT ( 'NONE',  ( 1.638762215212050011, 0.5487699190514768732, -0.6860183498402326885 ) ) ;
#2955 =( GEOMETRIC_REPRESENTATION_CONTEXT ( 3 ) GLOBAL_UNCERTAINTY_ASSIGNED_CONTEXT ( ( #650 ) ) GLOBAL_UNIT_ASSIGNED_CONTEXT ( ( #4059, #2291, #507 ) ) REPRESENTATION_CONTEXT ( 'NONE', 'WORKASPACE' ) );
#2956 = CARTESIAN_POINT ( 'NONE',  ( -7.166042569024830833, 1.089202646654637174, 1.685625767823075272 ) ) ;
#2957 = CARTESIAN_POINT ( 'NONE',  ( -11.08600916013209670, 0.7586408235940973466, 0.8883504997324639385 ) ) ;
#2958 = CARTESIAN_POINT ( 'NONE',  ( -14.33582779230000526, 0.2783397887452312425, 0.02948404386641100342 ) ) ;
#2959 = CARTESIAN_POINT ( 'NONE',  ( 14.33582779230001236, 0.2847374761850978153, -0.03772485932503830824 ) ) ;
#2960 = CARTESIAN_POINT ( 'NONE',  ( 11.10158871701396777, 0.9844575219204397820, -1.584448108012061818 ) ) ;
#2961 = CARTESIAN_POINT ( 'NONE',  ( 1.697743707369028687, 0.2143290558918651278, 0.2006445300169828194 ) ) ;
#2962 = CARTESIAN_POINT ( 'NONE',  ( 1.258675872299999776, 0.5971867877268597358, -0.2166596400355197127 ) ) ;
#2963 = CARTESIAN_POINT ( 'NONE',  ( -1.636007184266563552, 0.4103047201624565044, 0.7919489884889178155 ) ) ;
#2964 = CARTESIAN_POINT ( 'NONE',  ( 11.09785170326625980, 0.9017222400703145402, -1.312220380203067638 ) ) ;
#2965 = CARTESIAN_POINT ( 'NONE',  ( -2.566391064300002078, 0.6483975956242091776, 0.02272092043646191037 ) ) ;
#2966 = CARTESIAN_POINT ( 'NONE',  ( 1.720349388762913989, 0.05648378041283468737, 0.6580957825351072543 ) ) ;
#2967 = CARTESIAN_POINT ( 'NONE',  ( 0.7371432520549816569, -0.1376419139370736178, 0.9796193809700968202 ) ) ;
#2968 = CARTESIAN_POINT ( 'NONE',  ( -1.258675872299997334, 0.03020115765766422100, -0.6427768351582187067 ) ) ;
#2969 = CARTESIAN_POINT ( 'NONE',  ( -1.258675872299999776, 0.08496340698033083561, -0.6916984905591712085 ) ) ;
#2970 = CARTESIAN_POINT ( 'NONE',  ( -11.07168651076271715, 0.4642591736579119721, 0.3840651726138317734 ) ) ;
#2971 = CARTESIAN_POINT ( 'NONE',  ( 7.385196613088521822, -0.6665433131216458307, 2.206533514546255237 ) ) ;
#2972 = CARTESIAN_POINT ( 'NONE',  ( 11.07073728560295045, 0.4196067331776577869, -0.3203478976752118235 ) ) ;
#2973 = CARTESIAN_POINT ( 'NONE',  ( 1.123515501194430888, 0.3818387909788292234, 0.5147393975179824777 ) ) ;
#2974 = CARTESIAN_POINT ( 'NONE',  ( 2.566391064299999858, 0.6384633714314211783, -0.8487504489073537384 ) ) ;
#2975 = CARTESIAN_POINT ( 'NONE',  ( 2.566391064299991864, 0.5486230975904432539, -0.2725674478823259528 ) ) ;
#2976 = CARTESIAN_POINT ( 'NONE',  ( -7.380713812416804132, -0.5797727885432789607, -2.090182249070404730 ) ) ;
#2977 = CARTESIAN_POINT ( 'NONE',  ( -2.566391064299999414, -0.07983265685873433548, -0.7965090186880672274 ) ) ;
#2978 = CARTESIAN_POINT ( 'NONE',  ( -7.315731052281774893, -0.02744844990823190611, -0.9511505847596519736 ) ) ;
#2979 = CARTESIAN_POINT ( 'NONE',  ( 3.303699534142975125, 0.7615868914100222264, -0.9848014421058282064 ) ) ;
#2980 = CARTESIAN_POINT ( 'NONE',  ( 2.262871078772314082, -0.04689646424020951776, 0.7437844081025025700 ) ) ;
#2981 = CARTESIAN_POINT ( 'NONE',  ( 3.213908770279978011, -0.08166390710332861735, 0.8629493004377506438 ) ) ;
#2982 = CARTESIAN_POINT ( 'NONE',  ( 2.180592484358199634, 0.5286189272926293814, 0.1244461567385425765 ) ) ;
#2983 = B_SPLINE_CURVE_WITH_KNOTS ( 'NONE', 3,
 ( #884, #4828, #485, #4920, #2631, #4463, #4008, #146, #547, #1775, #915, #5351, #3521, #1896, #2205, #91, #3946, #1837, #4068, #947, #4493, #5227, #2299, #5259 ),
 .UNSPECIFIED., .F., .F.,
 ( 4, 2, 2, 2, 2, 2, 2, 2, 2, 2, 2, 4 ),
 ( 0.000000000000000000, 0.0004236692881893570342, 0.0006355039322839563503, 0.0007414212543313351009, 0.0007943799153550262651, 0.0008473385763787172125, 0.0008738179068906141858, 0.0009002972374025111591, 0.0009532558984264573277, 0.001059173220474511319, 0.001271007864570456456, 0.001694677152762511093 ),
 .UNSPECIFIED. ) ;
#2984 = CARTESIAN_POINT ( 'NONE',  ( -1.720920266994421688, -0.007894024420544907411, -0.7093196570952222668 ) ) ;
#2985 = CARTESIAN_POINT ( 'NONE',  ( -7.163387227860913420, 1.040205650159049533, 1.783283855583146060 ) ) ;
#2986 = CARTESIAN_POINT ( 'NONE',  ( -7.224177880883756231, 0.6366659819404816290, 0.5394413844698495719 ) ) ;
#2987 = CARTESIAN_POINT ( 'NONE',  ( -14.33582779230000703, 0.2748568189133497319, 0.02501825339056507405 ) ) ;
#2988 = EDGE_CURVE ( 'NONE', #1854, #840, #3829, .T. ) ;
#2989 = CARTESIAN_POINT ( 'NONE',  ( 3.213656608912854651, -0.1100207200368180926, 0.8851530355903473035 ) ) ;
#2990 = CARTESIAN_POINT ( 'NONE',  ( 0.000000000000000000, 0.8110768568541631973, 0.000000000000000000 ) ) ;
#2991 = CARTESIAN_POINT ( 'NONE',  ( 2.192496217029698435, 0.2859170535725318874, 0.1490370375031890571 ) ) ;
#2992 = CARTESIAN_POINT ( 'NONE',  ( 1.258675872299999776, 0.5208820195508625517, -0.6494261152893827660 ) ) ;
#2993 = CARTESIAN_POINT ( 'NONE',  ( -2.566391064299998970, 0.6961269038571848977, 0.7913112299195858013 ) ) ;
#2994 = CARTESIAN_POINT ( 'NONE',  ( 7.163360028463587881, 1.025192986608661094, -1.776867858193895477 ) ) ;
#2995 = CARTESIAN_POINT ( 'NONE',  ( 2.566391064300002078, -0.02564076338652544751, 0.7264862312844073688 ) ) ;
#2996 = CARTESIAN_POINT ( 'NONE',  ( 2.262860692068072055, -0.04091106366497819502, 0.7372316229113915487 ) ) ;
#2997 = CARTESIAN_POINT ( 'NONE',  ( 13.86103953521894816, 0.2802055523936266002, -0.03961501731416103289 ) ) ;
#2998 = CARTESIAN_POINT ( 'NONE',  ( -1.719471247978423101, 0.04384346178392817261, -0.6035730294131198548 ) ) ;
#2999 = CARTESIAN_POINT ( 'NONE',  ( -1.258675872299999554, 0.08405757782056083594, -0.6924701376168294065 ) ) ;
#3000 = CARTESIAN_POINT ( 'NONE',  ( 3.213570287339955645, -0.1147255918927087698, 0.8962438412498742180 ) ) ;
#3001 = CARTESIAN_POINT ( 'NONE',  ( 2.566391064299999414, 0.05999438013027987016, 0.6118540259425592209 ) ) ;
#3002 = CARTESIAN_POINT ( 'NONE',  ( 2.566391064299999858, 0.5581548342536583052, -0.5627759116751749335 ) ) ;
#3003 = CARTESIAN_POINT ( 'NONE',  ( 1.258675872299999998, 0.3877643394081785599, -0.7736089910525834057 ) ) ;
#3004 = CARTESIAN_POINT ( 'NONE',  ( 14.33582779229999637, 0.5469911081246038309, -0.4465090625369943500 ) ) ;
#3005 = AXIS2_PLACEMENT_3D ( 'NONE', #1008, #3124, #2752 ) ;
#3006 = CARTESIAN_POINT ( 'NONE',  ( -14.33582779230004078, 0.2688660971331378047, 0.01728833504392715895 ) ) ;
#3007 = CARTESIAN_POINT ( 'NONE',  ( -14.33582779230003545, 0.2693676482534038685, 0.01797790243984773509 ) ) ;
#3008 = CARTESIAN_POINT ( 'NONE',  ( -11.07369039069951988, 0.5254823841729626688, 0.4771168669443424104 ) ) ;
#3009 = CARTESIAN_POINT ( 'NONE',  ( 7.170731065138808979, 1.089618891384139809, -1.561492431981556850 ) ) ;
#3010 = CARTESIAN_POINT ( 'NONE',  ( 0.7444503870787658739, 0.2441809847860762217, -0.9740787610724748191 ) ) ;
#3011 = CARTESIAN_POINT ( 'NONE',  ( 3.213510115474784268, -0.1339051168269554115, 0.9170117566069296844 ) ) ;
#3012 = CARTESIAN_POINT ( 'NONE',  ( 1.646325541119257885, 0.6261379858262179354, -0.4944705663909347293 ) ) ;
#3013 = CARTESIAN_POINT ( 'NONE',  ( -2.262763439502104568, -0.03437478728135241746, -0.7236578046484798410 ) ) ;
#3014 = CARTESIAN_POINT ( 'NONE',  ( -7.163986464583252278, 1.068660359876917321, 1.755317687070677479 ) ) ;
#3015 = CARTESIAN_POINT ( 'NONE',  ( -14.33582779230001591, 0.4987806165016757109, 0.3532845186840471996 ) ) ;
#3016 = CARTESIAN_POINT ( 'NONE',  ( -11.07034953979818859, 0.3774640727502495130, 0.2640227915337822195 ) ) ;
#3017 = CARTESIAN_POINT ( 'NONE',  ( 3.213681894702930641, -0.1078545052172662777, 0.8823215028978512731 ) ) ;
#3018 = CARTESIAN_POINT ( 'NONE',  ( 11.10153887103843573, 0.9909018061908596575, -1.576523671868898191 ) ) ;
#3019 = CARTESIAN_POINT ( 'NONE',  ( 2.566391064300002078, 0.3760130364067763575, 0.1298896656374670944 ) ) ;
#3020 = CARTESIAN_POINT ( 'NONE',  ( 1.224807099046314685, 0.6492237216765117669, 0.07307682243511276488 ) ) ;
#3021 = CARTESIAN_POINT ( 'NONE',  ( -1.258675872299999776, 0.4780716448793972395, -0.2545160436765284695 ) ) ;
#3022 = VERTEX_POINT ( 'NONE', #5142 ) ;
#3023 = DIRECTION ( 'NONE',  ( 0.000000000000000000, 0.000000000000000000, 1.000000000000000000 ) ) ;
#3024 = CARTESIAN_POINT ( 'NONE',  ( 14.33582779229999637, 0.3150891637325661243, -0.07755715547801710075 ) ) ;
#3025 = CARTESIAN_POINT ( 'NONE',  ( 2.254526567981851137, 0.1319226326841816399, 0.5754620613507795968 ) ) ;
#3026 = CARTESIAN_POINT ( 'NONE',  ( 13.99040413467993815, 0.3087759507378690649, -0.07671009371082899986 ) ) ;
#3027 = CARTESIAN_POINT ( 'NONE',  ( -2.258807447843795391, 0.03196771392439215487, -0.6173707475766808672 ) ) ;
#3028 = CARTESIAN_POINT ( 'NONE',  ( -0.8785273675272073923, 0.04999444246926538354, -0.8580399081539598072 ) ) ;
#3029 = CARTESIAN_POINT ( 'NONE',  ( 3.213529251250993646, -0.1236729276927652915, 0.9054376516632477445 ) ) ;
#3030 = CARTESIAN_POINT ( 'NONE',  ( 7.378774580385844217, -0.5795510926013343056, 2.045011965075561822 ) ) ;
#3031 = CARTESIAN_POINT ( 'NONE',  ( -2.566391064299999858, -0.08690273035916852573, -0.8057291524243924696 ) ) ;
#3032 = CARTESIAN_POINT ( 'NONE',  ( 2.566391064299999858, 0.6722270533746816934, -0.8245793810310619865 ) ) ;
#3033 = CARTESIAN_POINT ( 'NONE',  ( 14.33582779230002124, 0.6013154139639713680, -0.7490731764362210665 ) ) ;
#3034 = CARTESIAN_POINT ( 'NONE',  ( -11.07034155099214168, 0.3720229061789550040, 0.2563954205993694835 ) ) ;
#3035 = CARTESIAN_POINT ( 'NONE',  ( -11.07035226894555535, 0.3785241330556968209, 0.2653904825314231108 ) ) ;
#3036 = CARTESIAN_POINT ( 'NONE',  ( -14.33582779229999815, 0.5849969879800447359, 0.5543989332592609287 ) ) ;
#3037 = CARTESIAN_POINT ( 'NONE',  ( 3.301101560949412761, 0.8154292316748902314, -0.8519257145556906607 ) ) ;
#3038 = CARTESIAN_POINT ( 'NONE',  ( 1.258675872300000442, -0.01943587171449334683, 0.7817564098510444426 ) ) ;
#3039 = CARTESIAN_POINT ( 'NONE',  ( 7.386130104904544247, -0.7057340605209289075, 2.251924832870631388 ) ) ;
#3040 = CARTESIAN_POINT ( 'NONE',  ( 2.566391064299995861, 0.7149696076764351371, -0.1523199111451063736 ) ) ;
#3041 = CARTESIAN_POINT ( 'NONE',  ( -2.262787313809702994, -0.03590329507997228053, -0.7260642972382171934 ) ) ;
#3042 = CARTESIAN_POINT ( 'NONE',  ( -2.566391064300000302, 0.4758016603557794766, -0.2142240213463990905 ) ) ;
#3043 = CARTESIAN_POINT ( 'NONE',  ( -11.08024854321998198, 0.6625541294862579145, 0.7069376662773985132 ) ) ;
#3044 = CARTESIAN_POINT ( 'NONE',  ( -14.33582779229999637, 0.2732049710294978673, 0.02290447782720898481 ) ) ;
#3045 = CARTESIAN_POINT ( 'NONE',  ( 7.385816847001906993, -0.6929539414796153096, 2.231704797984756627 ) ) ;
#3046 = CARTESIAN_POINT ( 'NONE',  ( 11.10129956254205297, 1.008118762794194545, -1.546386587056244544 ) ) ;
#3047 = CARTESIAN_POINT ( 'NONE',  ( 1.670509509143509375, 0.3014096124171665170, -0.1381944321740869730 ) ) ;
#3048 = CARTESIAN_POINT ( 'NONE',  ( 1.258675872299999776, 0.2405340044216433826, -0.7878028887092277666 ) ) ;
#3049 = CARTESIAN_POINT ( 'NONE',  ( -1.639587022358312218, 0.5644610398163620868, 0.6606560479168988032 ) ) ;
#3050 = CARTESIAN_POINT ( 'NONE',  ( -2.566391064299994973, 0.5726848603930134729, 0.4999382373975047034 ) ) ;
#3051 = ORIENTED_EDGE ( 'NONE', *, *, #4981, .T. ) ;
#3052 = CARTESIAN_POINT ( 'NONE',  ( 2.566391064299999858, 0.6212848363331429091, -0.8359788181397669327 ) ) ;
#3053 = CARTESIAN_POINT ( 'NONE',  ( 7.377725278635904438, -0.5671987245398537603, 2.022944948886368000 ) ) ;
#3054 = CARTESIAN_POINT ( 'NONE',  ( 2.566391064299999414, -0.07762742065533111135, 0.7936899432210974270 ) ) ;
#3055 = CARTESIAN_POINT ( 'NONE',  ( 2.566391064299998970, -0.08067158996245335500, 0.7989197087461041846 ) ) ;
#3056 = CARTESIAN_POINT ( 'NONE',  ( 13.82643997901670296, 0.2756355293145754670, -0.03494230671041165248 ) ) ;
#3057 = CARTESIAN_POINT ( 'NONE',  ( -2.566391064299997637, 0.2464190534494634099, -0.3423249503564597118 ) ) ;
#3058 = CARTESIAN_POINT ( 'NONE',  ( 1.170083095194946576, 0.05183288169194982808, -0.3687725577475756689 ) ) ;
#3059 = CARTESIAN_POINT ( 'NONE',  ( 3.213510288089585387, -0.1342358601240564164, 0.9169182594824460963 ) ) ;
#3060 = CARTESIAN_POINT ( 'NONE',  ( 14.33582779229998927, 0.3615924499502418121, -0.1410467362111308132 ) ) ;
#3061 = CARTESIAN_POINT ( 'NONE',  ( -1.720942056790966346, -0.01534954628543047130, -0.7237918535545119214 ) ) ;
#3062 = CYLINDRICAL_SURFACE ( 'NONE', #388, 1.225982992500000091 ) ;
#3063 = CARTESIAN_POINT ( 'NONE',  ( 7.165814774072229554, 0.9890606608894415563, -1.662907980941417563 ) ) ;
#3064 = CARTESIAN_POINT ( 'NONE',  ( -11.07034170023539055, 0.3714725151961225103, 0.2566573031619865941 ) ) ;
#3065 = CARTESIAN_POINT ( 'NONE',  ( -3.213575308861357005, -0.1186666738178596414, -0.8963925929692235783 ) ) ;
#3066 = CARTESIAN_POINT ( 'NONE',  ( -11.08600916013209670, 0.7586408235940973466, 0.8883504997324639385 ) ) ;
#3067 = CARTESIAN_POINT ( 'NONE',  ( 1.258675872299999776, 0.1144274588858611719, -0.7088821512610129494 ) ) ;
#3068 = CARTESIAN_POINT ( 'NONE',  ( 14.33582779229999815, 0.2780015740545013769, -0.02651521433036654191 ) ) ;
#3069 = CARTESIAN_POINT ( 'NONE',  ( 1.258675872299999554, 0.2083066641405514619, 0.5831564443598616920 ) ) ;
#3070 = CARTESIAN_POINT ( 'NONE',  ( -2.262839896863197975, -0.04033818029232546370, -0.7330498765344999335 ) ) ;
#3071 = EDGE_CURVE ( 'NONE', #4912, #506, #1355, .T. ) ;
#3072 =( LENGTH_UNIT ( ) NAMED_UNIT ( * ) SI_UNIT ( $, .METRE. ) );
#3073 = CARTESIAN_POINT ( 'NONE',  ( -3.289988124143756743, 0.8230611264626391810, 0.5378155163821146667 ) ) ;
#3074 = CARTESIAN_POINT ( 'NONE',  ( -3.213514813027075423, -0.1297566836856030026, -0.9119717972486647284 ) ) ;
#3075 = CARTESIAN_POINT ( 'NONE',  ( -14.33582779230001236, 0.2847374761850978153, 0.03772485932503830824 ) ) ;
#3076 = CARTESIAN_POINT ( 'NONE',  ( 11.07040097095111086, 0.3891923122878427899, -0.2792895264356445861 ) ) ;
#3077 = CARTESIAN_POINT ( 'NONE',  ( 7.164770572209262944, 1.080569643824575321, -1.726289417795361159 ) ) ;
#3078 = CARTESIAN_POINT ( 'NONE',  ( 2.217708322828244150, 0.2190689248737767991, 0.2870107752773835008 ) ) ;
#3079 = CARTESIAN_POINT ( 'NONE',  ( 1.258675872299999776, 0.1222172552842987481, 0.6598393735156037332 ) ) ;
#3080 = CARTESIAN_POINT ( 'NONE',  ( -2.566391064299997637, 0.7598455327745462506, 0.6146281985565638095 ) ) ;
#3081 = CARTESIAN_POINT ( 'NONE',  ( -3.301654468253182539, 0.6566147840802608604, 0.8391334300910827659 ) ) ;
#3082 = CARTESIAN_POINT ( 'NONE',  ( -11.07202485376920009, 0.4763720597139937118, 0.4019842546137570860 ) ) ;
#3083 = VERTEX_POINT ( 'NONE', #3883 ) ;
#3084 = CARTESIAN_POINT ( 'NONE',  ( -14.16536215366895135, 0.6792262614526226594, 0.5140884302511717907 ) ) ;
#3085 = CARTESIAN_POINT ( 'NONE',  ( 2.566391064299997637, -0.01696890633307328311, 0.7151038234205485677 ) ) ;
#3086 = CARTESIAN_POINT ( 'NONE',  ( 14.33582779229998039, 0.2712769596784009862, -0.02043883388584239943 ) ) ;
#3087 = CARTESIAN_POINT ( 'NONE',  ( 1.258675872299999998, 0.07132568973297644110, 0.7033136470350138669 ) ) ;
#3088 = CARTESIAN_POINT ( 'NONE',  ( 14.18130216830403789, 0.5204583931601869384, -0.3953933319140469083 ) ) ;
#3089 = CARTESIAN_POINT ( 'NONE',  ( -2.566391064300002078, 0.1010255037393873734, -0.5551090035788107668 ) ) ;
#3090 = CARTESIAN_POINT ( 'NONE',  ( 0.7545486363475460978, 0.1942265812274563408, -0.9663674644158194438 ) ) ;
#3091 = CARTESIAN_POINT ( 'NONE',  ( 14.33582779230000703, 0.2675730968111448838, -0.01561897754379871009 ) ) ;
#3092 = CARTESIAN_POINT ( 'NONE',  ( 2.566391064300000302, 0.04306127636700908534, 0.6349236823779879080 ) ) ;
#3093 = CARTESIAN_POINT ( 'NONE',  ( 1.461358916972239278E-16, 0.8110768568541631973, -1.160597232900000053 ) ) ;
#3094 = CARTESIAN_POINT ( 'NONE',  ( 11.10148364600076931, 0.9311323429028446341, -1.546027728980794214 ) ) ;
#3095 = CARTESIAN_POINT ( 'NONE',  ( -14.33582779230005144, 0.2684138249486952565, 0.01661386799650158355 ) ) ;
#3096 = CARTESIAN_POINT ( 'NONE',  ( -14.33582779230000526, 0.2759573985691594067, 0.02642796223963408617 ) ) ;
#3097 = CARTESIAN_POINT ( 'NONE',  ( -3.283121015431002654, 0.5943330241638821176, 0.3914890901115514743 ) ) ;
#3098 = CARTESIAN_POINT ( 'NONE',  ( -13.70082539237151131, 0.6871397619393011524, 0.9798074968160446208 ) ) ;
#3099 = CARTESIAN_POINT ( 'NONE',  ( 14.33582779229999815, 0.2672293586657576991, -0.01511018575468521183 ) ) ;
#3100 = CARTESIAN_POINT ( 'NONE',  ( 2.209637592077039248, 0.4175194245278999183, 0.2785198775893347189 ) ) ;
#3101 = CARTESIAN_POINT ( 'NONE',  ( -1.258675872300000664, -0.01430496254571436178, -0.7658567942054844702 ) ) ;
#3102 = CARTESIAN_POINT ( 'NONE',  ( 11.10165027739138033, 0.9390504305467975987, -1.580030407621349831 ) ) ;
#3103 = CARTESIAN_POINT ( 'NONE',  ( -11.09312386627868996, 0.9887662196647960533, 1.119550041320744427 ) ) ;
#3104 = CARTESIAN_POINT ( 'NONE',  ( -7.383722745745938454, -0.6316989699466398767, -2.162162872145545922 ) ) ;
#3105 = CARTESIAN_POINT ( 'NONE',  ( -3.213633299334432536, -0.1121850984701845827, -0.8879759112077189043 ) ) ;
#3106 = CARTESIAN_POINT ( 'NONE',  ( 3.299243792408767639, 0.8253184467384202527, -0.7853844006150949575 ) ) ;
#3107 = CARTESIAN_POINT ( 'NONE',  ( 2.566391064299998082, 0.5749176158830205940, -0.5585977351300187577 ) ) ;
#3108 = CARTESIAN_POINT ( 'NONE',  ( 14.07267000445344074, 0.7239595681132727778, -0.7186262097291477025 ) ) ;
#3109 = CARTESIAN_POINT ( 'NONE',  ( -1.640505203898485087, 0.5781629910033495579, 0.6343166940195984482 ) ) ;
#3110 = ORIENTED_EDGE ( 'NONE', *, *, #2824, .T. ) ;
#3111 = CARTESIAN_POINT ( 'NONE',  ( -7.167181543787845222, 0.9790411258937056216, 1.623451510437202261 ) ) ;
#3112 = CARTESIAN_POINT ( 'NONE',  ( -14.33582779230002302, 0.3546397292407563184, 0.1313587287272871829 ) ) ;
#3113 = ORIENTED_EDGE ( 'NONE', *, *, #1807, .T. ) ;
#3114 = CARTESIAN_POINT ( 'NONE',  ( -14.15041514195330308, 0.7001228008465065766, 0.5663784595769865149 ) ) ;
#3115 = CARTESIAN_POINT ( 'NONE',  ( 14.33582779229999637, 0.2956452284763917970, -0.05189848312604499608 ) ) ;
#3116 = CARTESIAN_POINT ( 'NONE',  ( 11.07034527051784956, 0.3753477752583264659, -0.2612984674688605402 ) ) ;
#3117 = CARTESIAN_POINT ( 'NONE',  ( 2.262699352316345447, -0.03101582464964271202, 0.7183668663238269581 ) ) ;
#3118 = CARTESIAN_POINT ( 'NONE',  ( 13.67344817176398131, 1.097021471348827548, -0.9844473022328561473 ) ) ;
#3119 = CARTESIAN_POINT ( 'NONE',  ( -2.147142995550767264, 0.3748583100422634984, 0.08792253261403645825 ) ) ;
#3120 = CARTESIAN_POINT ( 'NONE',  ( 1.258675872299999776, 0.1554466679754843705, -0.7429275194805661231 ) ) ;
#3121 = CARTESIAN_POINT ( 'NONE',  ( 2.566391064300002522, -0.08649240556370924038, 0.8053546735816653479 ) ) ;
#3122 = CARTESIAN_POINT ( 'NONE',  ( 2.566391064299997637, 0.07682925332667388252, 0.5887130562777596055 ) ) ;
#3123 = CARTESIAN_POINT ( 'NONE',  ( -11.10165595529029403, 0.9692233407456181116, 1.597605906144723642 ) ) ;
#3124 = DIRECTION ( 'NONE',  ( 0.000000000000000000, 1.000000000000000000, 0.000000000000000000 ) ) ;
#3125 = CARTESIAN_POINT ( 'NONE',  ( -7.386177484714094632, -0.7158058547716379394, -2.263161168144958602 ) ) ;
#3126 = CARTESIAN_POINT ( 'NONE',  ( -7.385917891833303273, -0.6967145907460585708, -2.237089768797157596 ) ) ;
#3127 = CARTESIAN_POINT ( 'NONE',  ( 7.224177880883544844, 0.8005839797490488241, -0.5343142517184449325 ) ) ;
#3128 = CARTESIAN_POINT ( 'NONE',  ( -11.09131841396614071, 0.8360091263135647210, 1.060478456581021245 ) ) ;
#3129 = CARTESIAN_POINT ( 'NONE',  ( 13.81261822783274873, 0.2729269206961200123, -0.03351881907184074000 ) ) ;
#3130 = CARTESIAN_POINT ( 'NONE',  ( 2.566391064299997637, -0.08610970711696515345, 0.8048970249851739034 ) ) ;
#3131 = CARTESIAN_POINT ( 'NONE',  ( 2.566391064300002522, 0.2685659196734959120, 0.4483050925009383070 ) ) ;
#3132 = CARTESIAN_POINT ( 'NONE',  ( -1.720826362107343188, 0.001469502847068232965, -0.6904806814744163246 ) ) ;
#3133 = CARTESIAN_POINT ( 'NONE',  ( 7.163548724282536639, 1.013333407088931493, -1.754291236569369916 ) ) ;
#3134 = B_SPLINE_CURVE_WITH_KNOTS ( 'NONE', 3,
 ( #3585, #2781, #5322, #2238, #3978 ),
 .UNSPECIFIED., .F., .F.,
 ( 4, 1, 4 ),
 ( 0.4454000004099990528, 0.4492025262992754286, 0.4973458479553607425 ),
 .UNSPECIFIED. ) ;
#3135 = CARTESIAN_POINT ( 'NONE',  ( -7.233806467536788354, 0.7318623045261507531, 0.3693627190628174795 ) ) ;
#3136 = CARTESIAN_POINT ( 'NONE',  ( -2.566391064300004743, 0.09176024632099040457, -0.6290280174422913095 ) ) ;
#3137 = CARTESIAN_POINT ( 'NONE',  ( -11.07045890046160608, 0.3968437741065614643, 0.2894214485829111339 ) ) ;
#3138 = CARTESIAN_POINT ( 'NONE',  ( 14.33582779230002302, 0.6681595513967184541, -0.7981295149369365127 ) ) ;
#3139 = CARTESIAN_POINT ( 'NONE',  ( 2.121073820999897386, 0.4060732396652786402, -0.2365610832548476761 ) ) ;
#3140 = CARTESIAN_POINT ( 'NONE',  ( 14.12190099618530148, 0.4243039952065684184, -0.1802964043084415713 ) ) ;
#3141 = CARTESIAN_POINT ( 'NONE',  ( -2.566391064299992752, 0.5284872775687883273, -0.1485367977735623235 ) ) ;
#3142 = ORIENTED_EDGE ( 'NONE', *, *, #622, .T. ) ;
#3143 = CARTESIAN_POINT ( 'NONE',  ( -2.566391064299995861, 0.5852448346457180817, 0.6998153733583961644 ) ) ;
#3144 = CARTESIAN_POINT ( 'NONE',  ( -11.07369039069951988, 0.5254823841729626688, 0.4771168669443424104 ) ) ;
#3145 = ORIENTED_EDGE ( 'NONE', *, *, #5260, .T. ) ;
#3146 = CARTESIAN_POINT ( 'NONE',  ( 14.33582779229994841, 0.2684327213008794732, -0.01688112499493317487 ) ) ;
#3147 = CARTESIAN_POINT ( 'NONE',  ( 2.566391064300002522, -0.08147033100208965484, 0.7986188447308353311 ) ) ;
#3148 = CARTESIAN_POINT ( 'NONE',  ( 2.566391064299999414, -0.06951448071892182834, 0.7833078113775269191 ) ) ;
#3149 = CARTESIAN_POINT ( 'NONE',  ( -14.06950494441227306, 0.3455342555687093142, 0.1251888300024971978 ) ) ;
#3150 = CARTESIAN_POINT ( 'NONE',  ( -2.566391064299997637, 0.4128890619982679699, -0.06268758636005203333 ) ) ;
#3151 = CARTESIAN_POINT ( 'NONE',  ( 1.258675872299999776, 0.1421696552121062551, -0.5987852984419129720 ) ) ;
#3152 = CARTESIAN_POINT ( 'NONE',  ( 11.07034150616660817, 0.3708938321700823715, -0.2553923157620615614 ) ) ;
#3153 = CARTESIAN_POINT ( 'NONE',  ( 11.07759774141379516, 0.6128171320275179745, -0.6200197961162980942 ) ) ;
#3154 = CARTESIAN_POINT ( 'NONE',  ( -2.566391064299999858, 0.6254865429034448532, 0.8391026377555442783 ) ) ;
#3155 = CARTESIAN_POINT ( 'NONE',  ( 1.258675872300000664, -0.01633519403976031389, 0.7714214342961428494 ) ) ;
#3156 = CARTESIAN_POINT ( 'NONE',  ( -1.258675872299999776, 0.08280979214071074179, -0.6935328579970361229 ) ) ;
#3157 = CARTESIAN_POINT ( 'NONE',  ( -2.566391064299997637, -0.08093854921521413670, -0.7979201790678288608 ) ) ;
#3158 = CARTESIAN_POINT ( 'NONE',  ( -2.566391064300000302, -0.06460129882556930880, -0.7770054870912617151 ) ) ;
#3159 = CARTESIAN_POINT ( 'NONE',  ( 14.33582779229998039, 0.6936435108175201814, -0.7051170685292814655 ) ) ;
#3160 = CARTESIAN_POINT ( 'NONE',  ( -3.246197865685655604, 0.3293116537548371747, -0.2027428770244196210 ) ) ;
#3161 = CARTESIAN_POINT ( 'NONE',  ( -13.70466465384259536, 0.6899634907101654946, 0.9791568308326753511 ) ) ;
#3162 = CARTESIAN_POINT ( 'NONE',  ( 11.07034292943518317, 0.3736159212862066314, -0.2590470712417119459 ) ) ;
#3163 = CARTESIAN_POINT ( 'NONE',  ( -2.566391064299999414, -0.06951448071892182834, -0.7833078113775269191 ) ) ;
#3164 = CARTESIAN_POINT ( 'NONE',  ( 13.69094989598817769, 0.6841158381538379185, -0.9804484837419691345 ) ) ;
#3165 = CARTESIAN_POINT ( 'NONE',  ( -3.258804152211473681, 0.5953591385424407134, -0.02844413906839005426 ) ) ;
#3166 = CARTESIAN_POINT ( 'NONE',  ( -2.566391064299992752, -0.01671232471186683347, -0.7352717851263881332 ) ) ;
#3167 = CARTESIAN_POINT ( 'NONE',  ( -2.566391064299993197, -0.04669914495352178729, -0.7539167340934194161 ) ) ;
#3168 = CARTESIAN_POINT ( 'NONE',  ( 3.242150584222105003, 0.4173265541009812396, 0.2832293701751708026 ) ) ;
#3169 = CARTESIAN_POINT ( 'NONE',  ( 2.113003090248532612, 0.4110406309692629101, -0.2874882968203280598 ) ) ;
#3170 = CARTESIAN_POINT ( 'NONE',  ( 14.15041514195330308, 0.7001228008465065766, -0.5663784595769865149 ) ) ;
#3171 = CARTESIAN_POINT ( 'NONE',  ( -1.697743707369113064, 0.4446398731333695009, -0.2622338579112120649 ) ) ;
#3172 = ORIENTED_EDGE ( 'NONE', *, *, #862, .T. ) ;
#3173 = CARTESIAN_POINT ( 'NONE',  ( -14.33582779229999815, 0.6164948245571929553, 0.8310063016307118744 ) ) ;
#3174 = EDGE_LOOP ( 'NONE', ( #108, #3686, #569, #2349, #4425, #5402, #2712 ) ) ;
#3175 = CARTESIAN_POINT ( 'NONE',  ( 14.33582779230005144, 0.2684138249486952565, -0.01661386799650158355 ) ) ;
#3176 = CARTESIAN_POINT ( 'NONE',  ( -2.566391064299995417, -0.06324786419190417397, -0.7809164612262251559 ) ) ;
#3177 = CARTESIAN_POINT ( 'NONE',  ( 2.262241023734248735, -0.01613393987358246323, 0.6948363974190007175 ) ) ;
#3178 = DIRECTION ( 'NONE',  ( -0.000000000000000000, -1.000000000000000000, -0.000000000000000000 ) ) ;
#3179 = CARTESIAN_POINT ( 'NONE',  ( -1.711858803249369343, 0.1300961622410872209, -0.4136099675223964822 ) ) ;
#3180 = CARTESIAN_POINT ( 'NONE',  ( 14.33582779229999460, 0.3863096406821101003, -0.1761466419104591175 ) ) ;
#3181 = CARTESIAN_POINT ( 'NONE',  ( -14.33582779229999815, 0.6214170373370894174, 0.8360756231690340545 ) ) ;
#3182 = CARTESIAN_POINT ( 'NONE',  ( 2.566391064299997637, -0.07825348853755237366, 0.7944910689144238924 ) ) ;
#3183 = CARTESIAN_POINT ( 'NONE',  ( -13.68224000596371148, 0.6853898030794621787, 0.9825324494280712750 ) ) ;
#3184 = CARTESIAN_POINT ( 'NONE',  ( -14.33582779229998039, 0.2712769596784009862, 0.02043883388584239943 ) ) ;
#3185 = CARTESIAN_POINT ( 'NONE',  ( -7.385539102374846898, -0.6844605624373631958, -2.219243692258659362 ) ) ;
#3186 = CARTESIAN_POINT ( 'NONE',  ( 7.198066459451006871, 0.9668458968159656663, -1.001990559362440303 ) ) ;
#3187 = CARTESIAN_POINT ( 'NONE',  ( 11.07042050367036978, 0.3920557022436585437, -0.2830654947973318958 ) ) ;
#3188 = CARTESIAN_POINT ( 'NONE',  ( 0.8532829707856143253, 0.5287438043322435499, -0.8833535772798937202 ) ) ;
#3189 = CARTESIAN_POINT ( 'NONE',  ( 14.11890027165700623, 0.2729269206961200123, -0.06231167250834651616 ) ) ;
#3190 = CARTESIAN_POINT ( 'NONE',  ( 14.33582779230001591, 0.2680991771282686398, -0.01589337524678497565 ) ) ;
#3191 = CARTESIAN_POINT ( 'NONE',  ( -1.258675872299999776, -0.0006183955358616463876, -0.7285516405676875085 ) ) ;
#3192 = CARTESIAN_POINT ( 'NONE',  ( 2.085272427186414520E-17, -0.1697095371458367807, -0.1702754156250000095 ) ) ;
#3193 = CARTESIAN_POINT ( 'NONE',  ( -3.238236000511458546, 0.3711184067723679592, -0.3442432785423382713 ) ) ;
#3194 = CARTESIAN_POINT ( 'NONE',  ( -2.566391064299992308, 0.06941609025290267077, -0.6511109027512677061 ) ) ;
#3195 = CARTESIAN_POINT ( 'NONE',  ( -11.07040097095111086, 0.3891923122878427899, 0.2792895264356445861 ) ) ;
#3196 = CARTESIAN_POINT ( 'NONE',  ( 7.243761446957938333, 0.6579415606165559538, -0.2019127540123824283 ) ) ;
#3197 = CARTESIAN_POINT ( 'NONE',  ( 1.638762215212064000, 0.2623605328284445704, -0.6738578511812122196 ) ) ;
#3198 = CARTESIAN_POINT ( 'NONE',  ( -1.258675872299999998, 0.3877643394081785599, 0.7736089910525834057 ) ) ;
#3199 = CARTESIAN_POINT ( 'NONE',  ( -1.707703642720177273, 0.3343497460119029263, -0.3963270532612245267 ) ) ;
#3200 = ORIENTED_EDGE ( 'NONE', *, *, #4981, .F. ) ;
#3201 = CARTESIAN_POINT ( 'NONE',  ( -1.123515501194430888, 0.3818387909788292234, -0.5147393975179824777 ) ) ;
#3202 = VERTEX_POINT ( 'NONE', #5658 ) ;
#3203 = CARTESIAN_POINT ( 'NONE',  ( -13.68764248668499661, 0.6968424378246179662, 0.9813557944631271512 ) ) ;
#3204 = CARTESIAN_POINT ( 'NONE',  ( 3.213519258406521306, -0.1294178001239689457, 0.9102493255770146563 ) ) ;
#3205 = EDGE_CURVE ( 'NONE', #3935, #5276, #536, .T. ) ;
#3206 = CARTESIAN_POINT ( 'NONE',  ( -1.258675872300000664, -0.009430519291429784873, -0.7719508688632604754 ) ) ;
#3207 = CARTESIAN_POINT ( 'NONE',  ( 2.566391064299997637, -0.04701475687437355749, 0.7543255955115507616 ) ) ;
#3208 = CARTESIAN_POINT ( 'NONE',  ( -14.05175620380722989, 0.6242671577951248718, 0.7473314231181352740 ) ) ;
#3209 = CARTESIAN_POINT ( 'NONE',  ( -1.258675872300000442, 0.2101121956435350047, 0.7746858261076461361 ) ) ;
#3210 = CARTESIAN_POINT ( 'NONE',  ( 2.566391064299999414, 0.3082385999512268770, 0.2444434716872919133 ) ) ;
#3211 = CARTESIAN_POINT ( 'NONE',  ( -14.33582779230001236, 0.6792847505209185233, 0.7715697275389119536 ) ) ;
#3212 = CARTESIAN_POINT ( 'NONE',  ( 2.262802118641284110, -0.03697365593302275738, 0.7277495474487712945 ) ) ;
#3213 = DIRECTION ( 'NONE',  ( 0.000000000000000000, 1.000000000000000000, 0.000000000000000000 ) ) ;
#3214 = CARTESIAN_POINT ( 'NONE',  ( -7.386136957047659379, -0.7087499142440691902, -2.253705404223715014 ) ) ;
#3215 = CARTESIAN_POINT ( 'NONE',  ( -3.213996112355613999, -0.08828112927674462707, -0.8564559669432701972 ) ) ;
#3216 = CARTESIAN_POINT ( 'NONE',  ( 3.265881365699653482, 0.6625838567160606818, -0.08352545497836270927 ) ) ;
#3217 = CARTESIAN_POINT ( 'NONE',  ( 7.385816847001906993, -0.6929539414796153096, 2.231704797984756627 ) ) ;
#3218 = CARTESIAN_POINT ( 'NONE',  ( -11.10167681409778595, 0.9502235356649126885, 1.598172811134100924 ) ) ;
#3219 = CARTESIAN_POINT ( 'NONE',  ( 13.95942397487364950, 0.7284478141877915869, -0.9221620547810712720 ) ) ;
#3220 = CARTESIAN_POINT ( 'NONE',  ( -2.261628353493284393, -0.003498008181298135726, -0.6747077174032771740 ) ) ;
#3221 = CARTESIAN_POINT ( 'NONE',  ( 14.33582779229998927, 0.3944397934564529140, -0.1879230478312237662 ) ) ;
#3222 = CARTESIAN_POINT ( 'NONE',  ( -2.566391064299992308, 0.06941609025290267077, -0.6511109027512677061 ) ) ;
#3223 = CARTESIAN_POINT ( 'NONE',  ( -11.07034170023539055, 0.3714725151961225103, 0.2566573031619865941 ) ) ;
#3224 = CARTESIAN_POINT ( 'NONE',  ( -3.214526125841332682, -0.06637632060739134809, -0.8269164474279337984 ) ) ;
#3225 = CARTESIAN_POINT ( 'NONE',  ( 2.566391064300000302, 0.4758016603557794766, 0.2142240213463990905 ) ) ;
#3226 = CARTESIAN_POINT ( 'NONE',  ( 2.566391064299998970, 0.5489174128165432709, -0.2738516707128903493 ) ) ;
#3227 = CARTESIAN_POINT ( 'NONE',  ( 14.11730032985026106, 0.7177805355676748489, -0.6441291480553849036 ) ) ;
#3228 = CARTESIAN_POINT ( 'NONE',  ( -1.701260809539956620, 0.4100054195611865238, -0.3082607092107658153 ) ) ;
#3229 = CARTESIAN_POINT ( 'NONE',  ( -0.8785273675272089466, 0.04999444246926631336, -0.8580399081539582529 ) ) ;
#3230 = ORIENTED_EDGE ( 'NONE', *, *, #1759, .F. ) ;
#3231 = CARTESIAN_POINT ( 'NONE',  ( -13.88672946745629666, 0.7143001579262817646, 0.8972263758561536129 ) ) ;
#3232 = CARTESIAN_POINT ( 'NONE',  ( 7.386141860210495125, -0.7092179075553122214, 2.254330253870311385 ) ) ;
#3233 = CARTESIAN_POINT ( 'NONE',  ( -1.720927852049184636, -0.004119547384782897698, -0.7126751912792953503 ) ) ;
#3234 = CARTESIAN_POINT ( 'NONE',  ( 2.261824486088638064, -0.007096156356097443364, 0.6804551766724924455 ) ) ;
#3235 = CARTESIAN_POINT ( 'NONE',  ( -13.90820765797185210, 0.6469049113635588766, 0.8831529172164918062 ) ) ;
#3236 = CARTESIAN_POINT ( 'NONE',  ( -2.069042605492222187, 0.4339924003824520149, 0.7261147844857278599 ) ) ;
#3237 = CARTESIAN_POINT ( 'NONE',  ( 3.228173087582955958, 0.1556297225075068680, 0.4974116631902433250 ) ) ;
#3238 = CARTESIAN_POINT ( 'NONE',  ( -7.168823707401364764, 1.092416737470708776, 1.608978532981607756 ) ) ;
#3239 = CARTESIAN_POINT ( 'NONE',  ( 1.720936017583123645, -0.01126344264315934721, 0.7161297008313517454 ) ) ;
#3240 = DIRECTION ( 'NONE',  ( 0.000000000000000000, 1.000000000000000000, 0.000000000000000000 ) ) ;
#3241 = CARTESIAN_POINT ( 'NONE',  ( -11.07054117396364745, 0.4050287593794559271, 0.3004092968502320438 ) ) ;
#3242 = CARTESIAN_POINT ( 'NONE',  ( 7.292176374197435251, 0.2736092799474017512, 0.5868743914152206864 ) ) ;
#3244 = EDGE_CURVE ( 'NONE', #1426, #5276, #3333, .T. ) ;
#3243 = CARTESIAN_POINT ( 'NONE',  ( 2.566391064300000302, -0.06460129882556930880, 0.7770054870912617151 ) ) ;
#3245 = CARTESIAN_POINT ( 'NONE',  ( -14.33582779229999815, 0.6127038097435126840, 0.8219083565543234826 ) ) ;
#3246 = CARTESIAN_POINT ( 'NONE',  ( -0.7729511345561463909, 0.1422322401643167089, 0.9516972718744812765 ) ) ;
#3247 = CARTESIAN_POINT ( 'NONE',  ( 2.566391064299991864, 0.1019067046348751671, 0.5538758272015070760 ) ) ;
#3248 = CARTESIAN_POINT ( 'NONE',  ( -3.227620180279187512, 0.2306770604137783343, -0.5196885365781672705 ) ) ;
#3249 = CARTESIAN_POINT ( 'NONE',  ( -14.33582779229998039, 0.2679807126043483034, 0.01591498008967347916 ) ) ;
#3250 = CARTESIAN_POINT ( 'NONE',  ( -7.378774580385844217, -0.5795510926013343056, -2.045011965075561822 ) ) ;
#3251 = CARTESIAN_POINT ( 'NONE',  ( -14.33582779230001236, 0.4870031049852234784, 0.2394587988910357179 ) ) ;
#3252 = CARTESIAN_POINT ( 'NONE',  ( 14.33582779229997684, 0.6939694044740275514, -0.5849752999373830642 ) ) ;
#3253 = CARTESIAN_POINT ( 'NONE',  ( 2.566391064299995417, 0.5979045905212576617, -0.7851613477180062750 ) ) ;
#3254 = CARTESIAN_POINT ( 'NONE',  ( 2.262871084584682446, -0.04762336890258531130, 0.7438898529317354846 ) ) ;
#3255 = CARTESIAN_POINT ( 'NONE',  ( -0.7634801697248659869, -0.09443721001044284857, -0.9595268311031833752 ) ) ;
#3256 = ORIENTED_EDGE ( 'NONE', *, *, #2055, .F. ) ;
#3257 = CARTESIAN_POINT ( 'NONE',  ( -14.05573302594384444, 0.7244064892949945156, 0.7418572118919473102 ) ) ;
#3258 = CARTESIAN_POINT ( 'NONE',  ( 2.566391064299997637, -0.08093854921521413670, 0.7979201790678288608 ) ) ;
#3259 = CARTESIAN_POINT ( 'NONE',  ( -2.262566051434976355, -0.01390153560760751424, -0.7109480787227765441 ) ) ;
#3260 = CARTESIAN_POINT ( 'NONE',  ( 2.566391064299999858, -0.02177789968340538770, 0.7214221463798377032 ) ) ;
#3261 = CARTESIAN_POINT ( 'NONE',  ( -14.12850627814407467, 0.3927315147431294506, 0.1907969349364251055 ) ) ;
#3262 = CARTESIAN_POINT ( 'NONE',  ( -2.566391064299999858, 0.5737772487234666929, 0.5300499578945363499 ) ) ;
#3263 = CARTESIAN_POINT ( 'NONE',  ( 14.33582779229998927, 0.3944397934564529140, -0.1879230478312237662 ) ) ;
#3264 = CARTESIAN_POINT ( 'NONE',  ( -7.165274186050378802, 1.084856694791691778, 1.709605710933363332 ) ) ;
#3265 = B_SPLINE_CURVE_WITH_KNOTS ( 'NONE', 3,
 ( #559, #893, #431, #1324, #958 ),
 .UNSPECIFIED., .F., .F.,
 ( 4, 1, 4 ),
 ( 0.000000000000000000, 0.1919068383482318008, 0.9691602303531087204 ),
 .UNSPECIFIED. ) ;
#3266 = CARTESIAN_POINT ( 'NONE',  ( 1.720934747510330043, -0.01088579781601661800, 0.7153614359226985187 ) ) ;
#3267 = CARTESIAN_POINT ( 'NONE',  ( -1.258675872299999776, 0.5208820195508625517, 0.6494261152893827660 ) ) ;
#3268 = CARTESIAN_POINT ( 'NONE',  ( -7.383363203712706380, -0.6415943919684390373, -2.151647062915412523 ) ) ;
#3269 = CARTESIAN_POINT ( 'NONE',  ( 11.07337290650053774, 0.5577488833906580901, -0.4578763654736974775 ) ) ;
#3270 = CARTESIAN_POINT ( 'NONE',  ( 2.566391064299997637, -0.05618584084786367588, 0.7661774502298279721 ) ) ;
#3271 = CARTESIAN_POINT ( 'NONE',  ( -3.304098318535813483, 0.6993873528796313854, 1.016975075516608484 ) ) ;
#3272 = CARTESIAN_POINT ( 'NONE',  ( -1.258675872299999776, 0.1860484031448106368, 0.7634138802191474671 ) ) ;
#3273 = CARTESIAN_POINT ( 'NONE',  ( 14.33582779230001591, 0.3364070870698369631, -0.1062831684414998479 ) ) ;
#3274 = CARTESIAN_POINT ( 'NONE',  ( -7.343311241169489634, -0.1710837889464003891, -1.416502125670223267 ) ) ;
#3275 = CARTESIAN_POINT ( 'NONE',  ( -11.07034150710047271, 0.3709707837476158843, 0.2554632941989255501 ) ) ;
#3276 = CARTESIAN_POINT ( 'NONE',  ( -7.375440529260582245, -0.5415697873040671295, -1.976489476786213784 ) ) ;
#3277 = CARTESIAN_POINT ( 'NONE',  ( -1.636618093017123021, 0.4730656502933212604, 0.7630839873460766309 ) ) ;
#3278 = CARTESIAN_POINT ( 'NONE',  ( -7.358978094029017036, -0.3229494295795875547, -1.681437191489378646 ) ) ;
#3279 = CARTESIAN_POINT ( 'NONE',  ( 11.07759774141386089, 0.6800481143565858533, -0.6096639323018996359 ) ) ;
#3280 = CARTESIAN_POINT ( 'NONE',  ( 2.069042605492222187, 0.4339924003824520149, -0.7261147844857278599 ) ) ;
#3281 = CARTESIAN_POINT ( 'NONE',  ( 2.566391064299997637, -0.08358849393040908293, 0.8014409243613038747 ) ) ;
#3282 = CARTESIAN_POINT ( 'NONE',  ( -0.7376854393641777419, -0.1343417315601641848, -0.9792113514984740474 ) ) ;
#3283 = CARTESIAN_POINT ( 'NONE',  ( 3.213530834861009211, -0.1262027458809555636, 0.9061136560667840678 ) ) ;
#3284 = CARTESIAN_POINT ( 'NONE',  ( -2.254526567981851137, 0.1319226326841816399, -0.5754620613507795968 ) ) ;
#3285 = B_SPLINE_SURFACE_WITH_KNOTS ( 'NONE', 3, 3, ( 
 ( #5481, #5456, #5023, #1560, #1025 ),
 ( #2770, #4514, #597, #4642, #2474 ),
 ( #3442, #3334, #2985, #5583, #1208 ),
 ( #4240, #5530, #3865, #4214, #402 ),
 ( #1665, #320, #5556, #832, #5125 ),
 ( #5072, #1693, #3014, #725, #3415 ),
 ( #2071, #3358, #4293, #2500, #5098 ),
 ( #2527, #804, #2044, #4748, #346 ),
 ( #1180, #3385, #5152, #1585, #3811 ),
 ( #5504, #1155, #2956, #4267, #2928 ),
 ( #2098, #2126, #3785, #1609, #4694 ),
 ( #4667, #3759, #293, #2903, #5180 ),
 ( #777, #3838, #2581, #4721, #2554 ),
 ( #4321, #1264, #751, #1639, #1236 ),
 ( #374, #5611, #432, #2184, #3531 ),
 ( #1818, #4350, #3594, #2610, #989 ),
 ( #4777, #3924, #863, #8, #1325 ),
 ( #4871, #1751, #72, #2674, #3500 ),
 ( #5239, #3073, #4808, #4384, #894 ),
 ( #5269, #3563, #2641, #464, #5300 ),
 ( #2215, #1785, #3955, #1720, #3988 ),
 ( #40, #1356, #926, #3103, #527 ),
 ( #4840, #4414, #3135, #1388, #496 ),
 ( #3893, #2280, #2249, #959, #5331 ),
 ( #101, #1419, #2705, #4445, #4020 ),
 ( #1847, #3165, #4903, #2734, #4476 ),
 ( #2153, #5638, #3470, #5208, #1293 ),
 ( #3042, #4049, #3300, #5012, #1447 ),
 ( #4585, #4961, #1527, #4158, #1045 ),
 ( #588, #3193, #235, #2394, #2418 ),
 ( #4080, #4131, #2792, #2368, #5039 ),
 ( #2869, #1122, #3274, #2340, #211 ),
 ( #560, #3248, #1071, #1501, #1936 ),
 ( #5363, #1986, #2311, #5393, #1961 ),
 ( #4107, #4933, #3678, #130, #4534 ),
 ( #3727, #5472, #1879, #5448, #2817 ),
 ( #3703, #3652, #5421, #1477, #3625 ),
 ( #1017, #1552, #616, #4988, #4560 ),
 ( #1098, #2844, #667, #2762, #4505 ),
 ( #3222, #159, #1907, #186, #642 ),
 ( #2896, #312, #2976, #4260, #1148 ),
 ( #770, #2011, #5065, #716, #4635 ),
 ( #4233, #262, #1685, #4609, #2921 ),
 ( #5549, #2064, #692, #4713, #1577 ),
 ( #366, #3804, #2546, #2118, #2520 ),
 ( #339, #4285, #3857, #3407, #2091 ),
 ( #3378, #1228, #1602, #3831, #5523 ),
 ( #2467, #3777, #2443, #4182, #3434 ),
 ( #5497, #3326, #796, #3351, #5576 ),
 ( #5090, #1256, #4207, #286, #5603 ),
 ( #5172, #1631, #3752, #2036, #1173 ),
 ( #4660, #5118, #744, #2493, #1200 ),
 ( #2948, #1658, #4687, #5144, #2602 ),
 ( #1742, #4342, #4740, #1777, #63 ),
 ( #2271, #5262, #3125, #423, #2633 ),
 ( #824, #1316, #3948, #2573, #4313 ),
 ( #3523, #2174, #32, #1348, #1378 ),
 ( #1839, #5660, #2240, #3034, #3915 ),
 ( #3492, #5229, #394, #3064, #4800 ),
 ( #2145, #3979, #4830, #457, #3095 ),
 ( #4769, #4862, #3462, #5323, #853 ),
 ( #1712, #3586, #917, #949, #3006 ),
 ( #1809, #886, #2665, #5200, #3885 ),
 ( #4406, #488, #4375, #2207, #5630 ),
 ( #1285, #3554, #5291, #2696, #4437 ),
 ( #518, #4011, #93, #3644, #4953 ),
 ( #3157, #1899, #579, #608, #5384 ),
 ( #2784, #4466, #2359, #3616, #1009 ),
 ( #1411, #2302, #4894, #981, #2753 ),
 ( #149, #2726, #4526, #551, #4040 ),
 ( #121, #4496, #2331, #1870, #3184 ),
 ( #4071, #1469, #3214, #5354, #1438 ),
 ( #4924, #1037, #2073, #4295, #806 ),
 ( #348, #2100, #3787, #5210, #2476 ),
 ( #4216, #295, #2930, #3016, #3840 ),
 ( #2046, #4242, #322, #5640, #4750 ),
 ( #4696, #834, #5100, #2556, #4723 ),
 ( #4323, #1295, #5585, #3813, #3044 ),
 ( #2583, #4269, #753, #1667, #404 ),
 ( #4670, #3417, #2502, #779, #2529 ),
 ( #4779, #1238, #5154, #2155, #2987 ),
 ( #376, #5532, #1611, #5558, #3895 ),
 ( #3360, #1182, #1641, #3388, #1722 ),
 ( #2128, #3867, #3472, #5127, #5613 ),
 ( #1695, #3444, #5182, #1210, #2958 ),
 ( #1266, #3105, #896, #42, #2612 ),
 ( #3627, #5334, #1753, #5241, #4905 ),
 ( #1849, #4478, #5271, #3195, #2643 ),
 ( #562, #2707, #2736, #74, #4352 ),
 ( #2186, #1327, #1449, #5302, #991 ),
 ( #865, #3596, #4386, #4447, #3075 ),
 ( #466, #1421, #1358, #2217, #434 ),
 ( #3167, #4810, #132, #3137, #2313 ),
 ( #498, #529, #3926, #4842, #1820 ),
 ( #10, #2251, #1390, #3957, #3565 ),
 ( #4051, #1787, #3533, #3990, #1881 ),
 ( #928, #2676, #4416, #4873, #4022 ),
 ( #961, #2282, #103, #5365, #3502 ),
 ( #2871, #2794, #2370, #1100, #2342 ),
 ( #4611, #3224, #2846, #4536, #4587 ),
 ( #1938, #2819, #4563, #590, #2013 ),
 ( #237, #669, #213, #644, #1019 ),
 ( #1909, #5423, #694, #2396, #2445 ),
 ( #2420, #4133, #4160, #4184, #264 ),
 ( #1988, #3729, #3705, #1554, #3680 ),
 ( #188, #1503, #4963, #4109, #2764 ),
 ( #3754, #5474, #161, #3654, #3302 ),
 ( #5041, #5499, #3250, #1579, #1047 ),
 ( #4935, #1124, #4507, #1964, #4082 ),
 ( #5395, #1479, #618, #5450, #4990 ),
 ( #1073, #1529, #3276, #5015, #2038 ),
 ( #3833, #4262, #4689, #5092, #2469 ),
 ( #5632, #2495, #4715, #1175, #5120 ),
 ( #772, #3887, #2066, #4287, #1258 ),
 ( #2898, #2548, #5578, #2147, #798 ),
 ( #4742, #3779, #3328, #314, #2522 ),
 ( #5067, #5525, #1150, #3008, #3806 ),
 ( #341, #4315, #368, #2120, #3859 ),
 ( #826, #2923, #746, #5146, #718 ),
 ( #2575, #1604, #3353, #2093, #1687 ),
 ( #4662, #1660, #5605, #5551, #4235 ),
 ( #396, #4637, #1633, #3436, #3380 ),
 ( #4209, #3409, #288, #1202, #5174 ),
 ( #2950, #1230, #2978, #3982, #555 ),
 ( #4802, #3160, #2177, #2306, #4378 ),
 ( #1, #425, #1744, #888, #4865 ),
 ( #1318, #5294, #2243, #3066, #2635 ),
 ( #5231, #3494, #3950, #459, #5264 ),
 ( #1381, #3917, #2209, #3128, #34 ),
 ( #1350, #1779, #1287, #3557, #3525 ),
 ( #66, #3097, #4833, #921, #3036 ),
 ( #2668, #2699, #952, #4409, #491 ),
 ( #96, #4344, #1812, #4897, #4440 ),
 ( #984, #521, #2274, #4014, #1414 ),
 ( #1842, #3589, #5326, #2729, #4470 ),
 ( #4044, #1714, #3464, #5202, #4771 ),
 ( #855, #2604, #4582, #1013, #4500 ),
 ( #4530, #1095, #3724, #612, #2439 ),
 ( #2757, #5469, #1958, #1983, #4985 ),
 ( #3700, #2363, #1932, #2866, #1498 ),
 ( #1442, #1549, #5036, #583, #5445 ),
 ( #2814, #639, #5388, #5417, #1523 ),
 ( #4103, #1068, #1874, #3620, #3245 ),
 ( #1473, #4556, #2391, #4155, #153 ),
 ( #4128, #664, #2335, #4075, #1903 ),
 ( #4957, #3271, #2841, #3218, #5009 ) ),
 .UNSPECIFIED., .T., .F., .F.,
 ( 4, 1, 1, 1, 1, 1, 1, 1, 1, 1, 1, 1, 1, 1, 1, 1, 1, 1, 1, 1, 1, 1, 1, 1, 1, 1, 1, 1, 1, 1, 1, 1, 1, 1, 1, 1, 1, 1, 1, 1, 1, 1, 1, 1, 1, 1, 1, 1, 1, 1, 1, 1, 1, 1, 2, 1, 1, 1, 1, 1, 1, 1, 1, 1, 1, 1, 1, 1, 1, 1, 1, 1, 1, 1, 1, 1, 1, 1, 1, 1, 1, 1, 1, 1, 1, 1, 1, 1, 1, 1, 1, 1, 1, 1, 1, 1, 1, 1, 1, 1, 1, 1, 1, 1, 1, 1, 1, 1, 1, 1, 1, 1, 1, 1, 1, 1, 1, 1, 1, 1, 1, 1, 1, 1, 1, 1, 1, 1, 1, 1, 1, 1, 1, 1, 1, 1, 1, 1, 1, 1, 1, 1, 4 ),
 ( 4, 1, 4 ),
 ( 0.000000000000000000, 0.004088153337238700259, 0.008176306674477400518, 0.01226446001171610338, 0.01635261334895480104, 0.02044076668619350043, 0.02452892002343220676, 0.02861707336067090268, 0.03270522669790960207, 0.04088153337238700086, 0.04905784004686441352, 0.05723414672134180536, 0.06541045339581920415, 0.07358676007029660293, 0.08176306674477400172, 0.09811568009372882704, 0.1144682934426836107, 0.1308209067916384083, 0.1471735201405932059, 0.1635261334895480034, 0.1798787468385028288, 0.1962313601874576541, 0.2125839735364123961, 0.2289365868853672215, 0.2616418135832768166, 0.2943470402811864117, 0.3106996536301412370, 0.3270522669790960069, 0.3434048803280508322, 0.3597574936770056575, 0.3761101070259604273, 0.3924627203749153082, 0.4088153337238700225, 0.4251679470728247923, 0.4333442537473022327, 0.4415205604217796176, 0.4496968670962570025, 0.4578731737707344429, 0.4660494804452118278, 0.4742257871196892127, 0.4824020937941666531, 0.4905784004686440380, 0.4987547071431214785, 0.5028428604803601987, 0.5069310138175989744, 0.5110191671548375281, 0.5151073204920763038, 0.5191954738293149685, 0.5212395504979342453, 0.5222615888322439393, 0.5227726079993989527, 0.5230281175829762930, 0.5231558723747650186, 0.5232197497706592149, 0.5232836271665536332, 0.5237491704993988417, 0.5239819421658213905, 0.5242147138322439393, 0.5244474854986664880, 0.5246802571650890368, 0.5249130288315116966, 0.5251458004979342453, 0.5253785721643567941, 0.5256113438307793428, 0.5258441154972020026, 0.5260768871636245514, 0.5263096588300471002, 0.5265424304964697599, 0.5267752021628923087, 0.5270079738293148575, 0.5272407454957374062, 0.5274735171621600660, 0.5277062888285827258, 0.5279390604950051635, 0.5281718321614279343, 0.5284046038278504831, 0.5286373754942731429, 0.5288701471606954696, 0.5298012338263857757, 0.5307323204920763038, 0.5316634071577666099, 0.5321289504906117074, 0.5325944938234569159, 0.5335255804891472220, 0.5344566671548376391, 0.5353877538205279452, 0.5363188404862182512, 0.5372499271519085573, 0.5381810138175988634, 0.5391121004832891694, 0.5400431871489794755, 0.5419053604803601987, 0.5437675338117409218, 0.5456297071431215340, 0.5474918804745021461, 0.5493540538058827583, 0.5512162271372633704, 0.5530784004686440936, 0.5549405738000248167, 0.5568027471314054289, 0.5586649204627859300, 0.5605270937941665421, 0.5642514404569278774, 0.5679757871196892127, 0.5717001337824505480, 0.5754244804452118833, 0.5791488271079732186, 0.5828731737707344429, 0.5865975204334956672, 0.5903218670962571135, 0.5940462137590183378, 0.5977705604217796731, 0.6052192537473022327, 0.6126679470728247923, 0.6201166403983474629, 0.6275653337238700225, 0.6350140270493926931, 0.6424627203749152526, 0.6573601070259603718, 0.6722574936770056020, 0.6871548803280508322, 0.7020522669790960624, 0.7169496536301411815, 0.7318470402811863007, 0.7616418135832767611, 0.7914365868853672215, 0.8212313601874576818, 0.8361287468385028010, 0.8510261334895479202, 0.8659235201405932614, 0.8808209067916383805, 0.8957182934426833887, 0.9106156800937288409, 0.9255130667447739601, 0.9404104533958190792, 0.9553078400468644205, 0.9627565333723870911, 0.9702052266979095396, 0.9776539200234319882, 0.9851026133489546588, 0.9925513066744773294, 0.9962756533372388867, 1.000000000000000000 ),
 ( 0.000000000000000000, 0.1919068383482318008, 1.000000000000000000 ),
 .UNSPECIFIED. ) ;
#3286 = CARTESIAN_POINT ( 'NONE',  ( 1.716846552124408287, 0.08281222481365899113, 0.5202299525692319904 ) ) ;
#3287 = CARTESIAN_POINT ( 'NONE',  ( -13.83971116926884548, 0.2769658131447771399, 0.03655065570646796186 ) ) ;
#3288 = CARTESIAN_POINT ( 'NONE',  ( -1.258675872299997334, 0.1871782899050447868, 0.4151729820964887852 ) ) ;
#3289 = VECTOR ( 'NONE', #2358, 39.37007874015748143 ) ;
#3290 = CARTESIAN_POINT ( 'NONE',  ( 11.09679597267675888, 0.8947957181592637310, -1.265855497345587111 ) ) ;
#3291 = CARTESIAN_POINT ( 'NONE',  ( -3.297811762492014243, 0.8291064834792847282, 0.7398160145848809988 ) ) ;
#3292 = CARTESIAN_POINT ( 'NONE',  ( 1.258675872299999776, 0.5971867877268597358, -0.2166596400355197127 ) ) ;
#3293 = CARTESIAN_POINT ( 'NONE',  ( -1.144513272756321864, 0.7052178821978855039, 0.4437463628818935080 ) ) ;
#3294 = CARTESIAN_POINT ( 'NONE',  ( -7.385457663554347185, -0.6822769074412272650, -2.215979138454986064 ) ) ;
#3295 = CARTESIAN_POINT ( 'NONE',  ( 7.374236955928652471, -0.4918407992003210882, 1.957851362661273242 ) ) ;
#3296 = CARTESIAN_POINT ( 'NONE',  ( 3.213709148605423227, -0.1056864904013704587, 0.8794813276513998579 ) ) ;
#3297 = CARTESIAN_POINT ( 'NONE',  ( 1.183745904150339090, 0.7227127685126577550, -0.3310247496589555638 ) ) ;
#3298 = CARTESIAN_POINT ( 'NONE',  ( -1.258675872299999776, 0.5920505904506498940, 0.4355004626024153169 ) ) ;
#3299 = CARTESIAN_POINT ( 'NONE',  ( 3.218376434077921289, 0.02263732371665274842, 0.7010498740040143062 ) ) ;
#3300 = CARTESIAN_POINT ( 'NONE',  ( -7.305776072860220793, 0.1597487055855941751, -0.8056378367807326413 ) ) ;
#3301 = CARTESIAN_POINT ( 'NONE',  ( -7.386171818000079270, -0.7132398193663039843, -2.259746843035629560 ) ) ;
#3302 = CARTESIAN_POINT ( 'NONE',  ( -14.33582779229999460, 0.3236523383765705364, 0.08902063099486436093 ) ) ;
#3303 = ORIENTED_EDGE ( 'NONE', *, *, #1343, .F. ) ;
#3304 = CARTESIAN_POINT ( 'NONE',  ( -7.334580234627988915, -0.09102654897979797766, -1.272477756476535049 ) ) ;
#3305 = CARTESIAN_POINT ( 'NONE',  ( 14.33582779229999815, 0.2947908442694675002, -0.04305028799781215887 ) ) ;
#3306 = CARTESIAN_POINT ( 'NONE',  ( 1.635960983394576296, 0.3677660358401030893, -0.7887292685633523481 ) ) ;
#3307 = CARTESIAN_POINT ( 'NONE',  ( 2.566391064300002522, -0.08446914228189716933, 0.8022557553465990976 ) ) ;
#3308 = CARTESIAN_POINT ( 'NONE',  ( -1.005348615402456014, 0.2086104023340819291, -0.7169657736109902313 ) ) ;
#3309 = CARTESIAN_POINT ( 'NONE',  ( 2.566391064300002078, -0.07432193104645570814, 0.7894623221720229456 ) ) ;
#3310 = CARTESIAN_POINT ( 'NONE',  ( 7.164340906729647074, 1.075182378542708372, -1.741592395098961576 ) ) ;
#3311 = CARTESIAN_POINT ( 'NONE',  ( 2.566391064299994529, 0.02532942150949621038, 0.6588654551698944761 ) ) ;
#3312 = CARTESIAN_POINT ( 'NONE',  ( -13.82993050236436083, 0.2761288907149493932, 0.03534128542077404067 ) ) ;
#3313 = CARTESIAN_POINT ( 'NONE',  ( -2.083112817510078152, 0.4019150696875861684, 0.5227508815429665612 ) ) ;
#3314 = CARTESIAN_POINT ( 'NONE',  ( 14.33582779230001591, 0.5903222713583228254, -0.5825520958730489030 ) ) ;
#3315 = CARTESIAN_POINT ( 'NONE',  ( -7.166042569024830833, 1.089202646654637174, 1.685625767823075272 ) ) ;
#3316 = CARTESIAN_POINT ( 'NONE',  ( 1.215889019752888656, 0.7207197982964678173, -0.1801475112482807672 ) ) ;
#3317 = CARTESIAN_POINT ( 'NONE',  ( -2.262241023734248735, -0.01613393987358246323, -0.6948363974190007175 ) ) ;
#3318 = CARTESIAN_POINT ( 'NONE',  ( -1.258675872299999776, 0.3895417149593609074, 0.7763875495883436617 ) ) ;
#3319 = CARTESIAN_POINT ( 'NONE',  ( -14.33582779230000703, 0.3064766369093352982, 0.06613099216724364904 ) ) ;
#3320 = CARTESIAN_POINT ( 'NONE',  ( 11.08164853378435311, 0.7749678437405405074, -0.7390869957795198619 ) ) ;
#3321 = CARTESIAN_POINT ( 'NONE',  ( 3.214405350152166552, -0.07076984950914652628, 0.8328898056345475087 ) ) ;
#3322 = CARTESIAN_POINT ( 'NONE',  ( -1.720942056790966346, -0.01480742630697448083, -0.7237456014546790328 ) ) ;
#3323 = CARTESIAN_POINT ( 'NONE',  ( -1.258675872299999776, 0.4809945997172365151, 0.7065462427903952403 ) ) ;
#3324 = CIRCLE ( 'NONE', #4064, 1.160597232900000053 ) ;
#3325 = CARTESIAN_POINT ( 'NONE',  ( 11.07417952674707884, 0.5378914383674939792, -0.4967191095273477131 ) ) ;
#3326 = CARTESIAN_POINT ( 'NONE',  ( -3.213529251250993646, -0.1236729276927652915, -0.9054376516632477445 ) ) ;
#3327 = CARTESIAN_POINT ( 'NONE',  ( -11.07034150616660817, 0.3708938321700823715, 0.2553923157620615614 ) ) ;
#3328 = CARTESIAN_POINT ( 'NONE',  ( -7.365648746223445009, -0.4430102278434037699, -1.791474307114628184 ) ) ;
#3329 = ORIENTED_EDGE ( 'NONE', *, *, #158, .F. ) ;
#3330 = CARTESIAN_POINT ( 'NONE',  ( -3.265881365699653482, 0.6625838567160606818, 0.08352545497836270927 ) ) ;
#3331 = CARTESIAN_POINT ( 'NONE',  ( 11.07416661699805260, 0.5841972749858103109, -0.4893186195310574305 ) ) ;
#3332 = CARTESIAN_POINT ( 'NONE',  ( 2.566391064300002078, 0.7152669224422111283, -0.7598291622711211835 ) ) ;
#3333 = B_SPLINE_CURVE_WITH_KNOTS ( 'NONE', 3,
 ( #3003, #5170, #364, #741 ),
 .UNSPECIFIED., .F., .F.,
 ( 4, 4 ),
 ( 0.000000000000000000, 1.000000000000000000 ),
 .UNSPECIFIED. ) ;
#3334 = CARTESIAN_POINT ( 'NONE',  ( -3.304087260389738656, 0.7139268175375912406, 1.022417707678748178 ) ) ;
#3335 = CARTESIAN_POINT ( 'NONE',  ( 3.213559985121839269, -0.1208230632298341878, 0.8991809197853506408 ) ) ;
#3336 = CARTESIAN_POINT ( 'NONE',  ( 7.163708520741811192, 1.060852397611697029, -1.767382100584342197 ) ) ;
#3337 = CARTESIAN_POINT ( 'NONE',  ( 1.719988697744713191, 0.03235261165215892742, 0.6274806988623271575 ) ) ;
#3338 = CARTESIAN_POINT ( 'NONE',  ( 1.127478027625156587, 0.01587692412374426543, 0.4940839400168658968 ) ) ;
#3339 = CARTESIAN_POINT ( 'NONE',  ( -2.566391064299997637, 0.6117279586357964316, 0.8254113743888517041 ) ) ;
#3340 = CARTESIAN_POINT ( 'NONE',  ( 2.566391064300004743, 0.5813153068161089898, -0.6618547416386370008 ) ) ;
#3341 = CARTESIAN_POINT ( 'NONE',  ( -7.214957285190179093, 0.8631016971736894527, 0.6956195575650636620 ) ) ;
#3342 = CARTESIAN_POINT ( 'NONE',  ( 1.258675872299999776, 0.1755760944068340823, 0.6133632895623466474 ) ) ;
#3343 = CARTESIAN_POINT ( 'NONE',  ( -1.258675872299998444, 0.04791604163142804129, -0.5918598234276463144 ) ) ;
#3344 = CARTESIAN_POINT ( 'NONE',  ( -1.123515501194430444, 0.3818387909788286683, -0.5147393975179838099 ) ) ;
#3345 = CARTESIAN_POINT ( 'NONE',  ( -2.566391064300000302, 0.04306127636700908534, -0.6349236823779879080 ) ) ;
#3346 = CARTESIAN_POINT ( 'NONE',  ( 3.227620180279187512, 0.2306770604137783343, 0.5196885365781672705 ) ) ;
#3347 = CARTESIAN_POINT ( 'NONE',  ( 3.214526125841332682, -0.06637632060739134809, 0.8269164474279337984 ) ) ;
#3348 = DIRECTION ( 'NONE',  ( 0.000000000000000000, 0.000000000000000000, 1.000000000000000000 ) ) ;
#3349 = CARTESIAN_POINT ( 'NONE',  ( -1.258675872299999776, 0.3895417149593609074, 0.7763875495883436617 ) ) ;
#3350 = CARTESIAN_POINT ( 'NONE',  ( 7.325359638935032613, -0.1025155028618858072, 1.107943534063880797 ) ) ;
#3351 = CARTESIAN_POINT ( 'NONE',  ( -11.07034817022688777, 0.3787700368169941156, 0.2640159827791541680 ) ) ;
#3352 = CARTESIAN_POINT ( 'NONE',  ( -2.566391064299997637, -0.08093854921521413670, -0.7979201790678288608 ) ) ;
#3353 = CARTESIAN_POINT ( 'NONE',  ( -7.350111090501270539, -0.3043977099262243913, -1.519600375112942992 ) ) ;
#3354 = CARTESIAN_POINT ( 'NONE',  ( 11.10167681409778595, 0.9529111363013480496, -1.600126938549241817 ) ) ;
#3355 = CARTESIAN_POINT ( 'NONE',  ( -11.08845723106431258, 0.9127684340187012246, 0.9546888786281373385 ) ) ;
#3356 = CARTESIAN_POINT ( 'NONE',  ( 7.382355976030335221, -0.6064477243860152411, 2.127873238111445353 ) ) ;
#3357 = CARTESIAN_POINT ( 'NONE',  ( 2.067864135957727001, 0.4683411513191428899, -0.7760285529361518053 ) ) ;
#3358 = CARTESIAN_POINT ( 'NONE',  ( -3.303699534142975125, 0.7615868914100222264, 0.9848014421058282064 ) ) ;
#3359 = CARTESIAN_POINT ( 'NONE',  ( -14.33582779229999637, 0.5469911081246038309, 0.4465090625369943500 ) ) ;
#3360 = CARTESIAN_POINT ( 'NONE',  ( -2.566391064300003855, -0.06753329670084315395, -0.7807679957245416968 ) ) ;
#3361 = CARTESIAN_POINT ( 'NONE',  ( 7.386093866986817247, -0.7054326754510420461, 2.249225818117104314 ) ) ;
#3362 = CARTESIAN_POINT ( 'NONE',  ( 2.566391064300002522, 0.6641799401265697789, -0.8268135171164625596 ) ) ;
#3363 = CARTESIAN_POINT ( 'NONE',  ( 1.258675872300001553, 0.03466975096830449826, 0.6300544632956192048 ) ) ;
#3364 = CARTESIAN_POINT ( 'NONE',  ( 1.258675872299999776, 0.1241863558087338976, 0.3588501414392746280 ) ) ;
#3365 = CARTESIAN_POINT ( 'NONE',  ( -2.068005492783207444, 0.4572349893966670131, 0.7639148976213685494 ) ) ;
#3366 = EDGE_CURVE ( 'NONE', #5276, #5216, #2382, .T. ) ;
#3367 = CARTESIAN_POINT ( 'NONE',  ( 2.566391064299995861, 0.5852448346457180817, -0.6998153733583961644 ) ) ;
#3368 = CARTESIAN_POINT ( 'NONE',  ( -14.33582779229997684, 0.6939694044740275514, 0.5849752999373830642 ) ) ;
#3369 = CARTESIAN_POINT ( 'NONE',  ( 14.17256273323932980, 0.5647630602640379971, -0.4842781237720198972 ) ) ;
#3370 = CARTESIAN_POINT ( 'NONE',  ( -2.251263457263092072, 0.08676019666483840431, -0.5260567807453422340 ) ) ;
#3371 = CARTESIAN_POINT ( 'NONE',  ( -1.258675872299999776, 0.2139901190029833145, 0.07182176658979620709 ) ) ;
#3372 = CARTESIAN_POINT ( 'NONE',  ( -2.566391064299998970, 0.05154002468850326507, -0.6233977467133846595 ) ) ;
#3373 = CARTESIAN_POINT ( 'NONE',  ( 3.213764668813929859, -0.09277631029734353940, 0.8741262160538344483 ) ) ;
#3374 = CARTESIAN_POINT ( 'NONE',  ( 3.213769528350774340, -0.1013451729216739705, 0.8737751322975098045 ) ) ;
#3375 = CYLINDRICAL_SURFACE ( 'NONE', #954, 0.1702754156250000095 ) ;
#3376 = CARTESIAN_POINT ( 'NONE',  ( -14.11890027165700623, 0.2729269206961200123, 0.06231167250834651616 ) ) ;
#3377 = CARTESIAN_POINT ( 'NONE',  ( 11.09131841396614071, 0.8360091263135647210, -1.060478456581021245 ) ) ;
#3378 = CARTESIAN_POINT ( 'NONE',  ( -2.566391064299999858, -0.05414713999943469164, -0.7718729508005762741 ) ) ;
#3379 = CARTESIAN_POINT ( 'NONE',  ( -3.213533210592391942, -0.1256656614282035678, -0.9054225874627915838 ) ) ;
#3380 = CARTESIAN_POINT ( 'NONE',  ( -14.33582779229998039, 0.4342215435294905501, 0.2473961685198904636 ) ) ;
#3381 = CARTESIAN_POINT ( 'NONE',  ( -0.9602134677142715180, -0.06107153888123433710, -0.7646775874324664990 ) ) ;
#3382 = CARTESIAN_POINT ( 'NONE',  ( 2.566391064299999858, -0.08690273035916852573, 0.8057291524243924696 ) ) ;
#3383 = CARTESIAN_POINT ( 'NONE',  ( 2.566391064299994973, 0.1877132172139852340, 0.5324572152803194180 ) ) ;
#3384 = CARTESIAN_POINT ( 'NONE',  ( 1.649189022532686399, 0.6362563290494754886, -0.4365916035852048793 ) ) ;
#3385 = CARTESIAN_POINT ( 'NONE',  ( -3.303320101505768491, 0.7785861288146066483, 0.9585444354215797436 ) ) ;
#3386 = CARTESIAN_POINT ( 'NONE',  ( -2.566391064299997637, 0.3378088358503230082, -0.1954470371749100210 ) ) ;
#3387 = B_SPLINE_CURVE_WITH_KNOTS ( 'NONE', 3,
 ( #5648, #1673, #2107, #5619, #4395, #1730, #2590, #3968, #1303, #4787, #52, #1797, #2195, #2621, #3542, #4361, #444, #3936, #3511, #5280, #4851, #1367, #1336, #3084, #906, #3114, #938, #2685, #4426, #3999, #3257, #4971, #1399, #4913, #1858, #2260, #4943, #3231, #4455, #5430, #2772, #3605, #4543, #539, #3203, #1510 ),
 .UNSPECIFIED., .F., .F.,
 ( 4, 2, 2, 2, 2, 2, 2, 2, 2, 2, 2, 2, 2, 2, 2, 2, 2, 2, 2, 2, 2, 2, 4 ),
 ( 0.04158306184264627670, 0.04268470828134030698, 0.04378635472003433726, 0.04488800115872837448, 0.04598964759742240477, 0.04819294047481046533, 0.04929458691350450256, 0.05039623335219853284, 0.05259952622958659341, 0.05480281910697466091, 0.05700611198436272148, 0.05810775842305675176, 0.05920940486175078898, 0.06141269773913881486, 0.06361599061652684073, 0.06581928349391485966, 0.06692092993260886913, 0.06802257637130287860, 0.07022586924869091141, 0.07242916212607894422, 0.07463245500346696315, 0.07573410144216088935, 0.07683574788085482943 ),
 .UNSPECIFIED. ) ;
#3388 = CARTESIAN_POINT ( 'NONE',  ( -11.07036909814039127, 0.3832513091149549189, 0.2715171082355882781 ) ) ;
#3389 = CARTESIAN_POINT ( 'NONE',  ( 3.213541100379502247, -0.1240528106943881020, 0.9033462246812813401 ) ) ;
#3390 = CARTESIAN_POINT ( 'NONE',  ( -2.262871084584682446, -0.04699954927505405056, -0.7439827555001322645 ) ) ;
#3391 = CARTESIAN_POINT ( 'NONE',  ( 2.180592484358060190, 0.3132075528159839473, 0.08699526174642259468 ) ) ;
#3392 = CARTESIAN_POINT ( 'NONE',  ( 1.258675872299999776, 0.2092219918565692005, -0.02709910741786038940 ) ) ;
#3393 = CARTESIAN_POINT ( 'NONE',  ( -1.258675872299999554, 0.2756564552197464657, 0.7906725719106124650 ) ) ;
#3394 = CARTESIAN_POINT ( 'NONE',  ( 2.566391064300005187, 0.5337929746884551019, -0.2172616135982974594 ) ) ;
#3395 = CARTESIAN_POINT ( 'NONE',  ( -7.243761446957938333, 0.6579415606165559538, 0.2019127540123824283 ) ) ;
#3396 = CARTESIAN_POINT ( 'NONE',  ( 1.258675872299999776, 0.5640774072364628244, 0.02335993811569538059 ) ) ;
#3397 = CARTESIAN_POINT ( 'NONE',  ( -2.260943423875096947, 0.007239553165635683254, -0.6574812176892961268 ) ) ;
#3398 = CARTESIAN_POINT ( 'NONE',  ( 1.258675872299999998, 0.1979291922254022007, -0.7685086100014798527 ) ) ;
#3399 = B_SPLINE_CURVE_WITH_KNOTS ( 'NONE', 3,
 ( #988, #2248, #3987, #71, #1817 ),
 .UNSPECIFIED., .F., .F.,
 ( 4, 1, 4 ),
 ( 0.4454000004099990528, 0.4492025262992754286, 0.4973458479553607425 ),
 .UNSPECIFIED. ) ;
#3400 = CARTESIAN_POINT ( 'NONE',  ( -2.566391064300002078, 0.06842418213653242431, -0.6002924803399537490 ) ) ;
#3401 = CARTESIAN_POINT ( 'NONE',  ( 11.07110987530487023, 0.4590382481434375772, -0.3469299211182737541 ) ) ;
#3402 = CARTESIAN_POINT ( 'NONE',  ( 2.566391064299999858, -0.008321306930090855564, 0.7037031166301617180 ) ) ;
#3403 = CARTESIAN_POINT ( 'NONE',  ( -2.566391064299999858, 0.1205092707396314411, -0.6015832056556315033 ) ) ;
#3404 = CARTESIAN_POINT ( 'NONE',  ( 0.000000000000000000, -0.7170990083023013328, 0.1702754156250000095 ) ) ;
#3405 = CARTESIAN_POINT ( 'NONE',  ( 14.33582779229998927, 0.5938032751779159790, -0.6109660381306921684 ) ) ;
#3406 = ADVANCED_FACE ( 'NONE', ( #822 ), #4150, .T. ) ;
#3407 = CARTESIAN_POINT ( 'NONE',  ( -11.07042960325043879, 0.3991138580734756580, 0.2847317133894963215 ) ) ;
#3408 = CARTESIAN_POINT ( 'NONE',  ( -7.386141860210495125, -0.7092179075553122214, -2.254330253870311385 ) ) ;
#3409 = CARTESIAN_POINT ( 'NONE',  ( -3.238236000511461210, 0.2582707488739023338, -0.3276504414783876773 ) ) ;
#3410 = CARTESIAN_POINT ( 'NONE',  ( 2.566391064300000302, 0.6862015167040260710, -0.8043588025977665978 ) ) ;
#3411 = CARTESIAN_POINT ( 'NONE',  ( 1.258675872299999998, -0.01979769011308779927, 0.7821469875921387427 ) ) ;
#3412 = CARTESIAN_POINT ( 'NONE',  ( 2.566391064299997637, 0.1140341167906406689, 0.6068736868196039635 ) ) ;
#3413 = CARTESIAN_POINT ( 'NONE',  ( 1.258675872299999776, 0.5355235572255061527, 0.1238952317624720939 ) ) ;
#3414 = AXIS2_PLACEMENT_3D ( 'NONE', #1157, #2880, #2905 ) ;
#3415 = CARTESIAN_POINT ( 'NONE',  ( -14.33582779230002302, 0.6486247302640406609, 0.8258933660296913226 ) ) ;
#3416 = CARTESIAN_POINT ( 'NONE',  ( -7.237015996421455100, 0.5493263468432189045, 0.3243501573320035636 ) ) ;
#3417 = CARTESIAN_POINT ( 'NONE',  ( -3.213550004848020336, -0.1224386213040611071, -0.9012657867881157525 ) ) ;
#3418 = CARTESIAN_POINT ( 'NONE',  ( 11.07041039831776708, 0.3906230862810274318, -0.2811738785426399767 ) ) ;
#3419 = CARTESIAN_POINT ( 'NONE',  ( -2.566391064299999858, -0.08682581263218848433, -0.8057588923307462681 ) ) ;
#3420 = CARTESIAN_POINT ( 'NONE',  ( 1.258675872300001553, 0.1205242947252384428, 0.3658725501240772116 ) ) ;
#3421 = CARTESIAN_POINT ( 'NONE',  ( 0.7916154058921583969, 0.4650189944046835833, -0.9364328692231275175 ) ) ;
#3422 = CARTESIAN_POINT ( 'NONE',  ( -1.636488645985191503, 0.4648625248253489550, 0.7685029451531268929 ) ) ;
#3423 = CARTESIAN_POINT ( 'NONE',  ( 14.33582779229999815, 0.6194826437980600620, -0.8346806989243601427 ) ) ;
#3424 = CARTESIAN_POINT ( 'NONE',  ( 2.566391064299995861, 0.01747982599423896291, 0.6693948695417547556 ) ) ;
#3425 = CARTESIAN_POINT ( 'NONE',  ( 1.258675872299999776, 0.1174402408658685448, 0.6638862532771677705 ) ) ;
#3426 = CARTESIAN_POINT ( 'NONE',  ( 13.82578434511403032, 0.2756437156989026138, -0.03486910797092416386 ) ) ;
#3427 = CARTESIAN_POINT ( 'NONE',  ( -2.566391064299999858, -0.02609147940062937418, -0.7270764263987893328 ) ) ;
#3428 = CARTESIAN_POINT ( 'NONE',  ( 1.185099703253796211, 0.06220860232341991758, -0.3151926676568679309 ) ) ;
#3429 = CARTESIAN_POINT ( 'NONE',  ( 7.386130104904544247, -0.7057340605209289075, 2.251924832870631388 ) ) ;
#3430 = CARTESIAN_POINT ( 'NONE',  ( 11.07057528618249975, 0.4079309788149474425, -0.3043419691009077166 ) ) ;
#3431 = CARTESIAN_POINT ( 'NONE',  ( 0.8785273675272089466, 0.04999444246926631336, 0.8580399081539582529 ) ) ;
#3432 = CARTESIAN_POINT ( 'NONE',  ( -1.258675872299999776, 0.08496340698033083561, -0.6916984905591712085 ) ) ;
#3433 = CARTESIAN_POINT ( 'NONE',  ( 11.08356108920001404, 0.7193925534327261229, -0.8117344923848148763 ) ) ;
#3434 = CARTESIAN_POINT ( 'NONE',  ( -14.33582779229999815, 0.2780015740545013769, 0.02651521433036654191 ) ) ;
#3435 = CARTESIAN_POINT ( 'NONE',  ( -3.213519258406521306, -0.1294178001239689457, -0.9102493255770146563 ) ) ;
#3436 = CARTESIAN_POINT ( 'NONE',  ( -11.07759774141379516, 0.6128171320275179745, 0.6200197961162980942 ) ) ;
#3437 = CARTESIAN_POINT ( 'NONE',  ( 2.566391064300000302, 0.7462321566845196985, -0.6773908150377587756 ) ) ;
#3438 = CARTESIAN_POINT ( 'NONE',  ( 1.228094795072778300, 0.08846616142087521117, 0.1146292529545445416 ) ) ;
#3439 = CARTESIAN_POINT ( 'NONE',  ( 7.386174519740737132, -0.7134608260130705926, 2.260535117939108218 ) ) ;
#3440 = CARTESIAN_POINT ( 'NONE',  ( 1.662821684044448300, 0.6312110458033426408, -0.2065252416998755725 ) ) ;
#3441 = CARTESIAN_POINT ( 'NONE',  ( -1.720936017583123645, -0.01126344264315934721, -0.7161297008313517454 ) ) ;
#3442 = CARTESIAN_POINT ( 'NONE',  ( -2.566391064300000302, 0.6363171245812142551, 0.8416576825647795745 ) ) ;
#3443 = CARTESIAN_POINT ( 'NONE',  ( -14.33582779229998927, 0.5938032751779159790, 0.6109660381306921684 ) ) ;
#3444 = CARTESIAN_POINT ( 'NONE',  ( -3.213615528278150890, -0.1139871784106426811, -0.8903210880893761558 ) ) ;
#3445 = CARTESIAN_POINT ( 'NONE',  ( 14.33582779229999993, 0.2825468512182990888, -0.03489719236044171169 ) ) ;
#3446 = CARTESIAN_POINT ( 'NONE',  ( 14.33582779229998039, 0.6838005134926349315, -0.7565211054655411882 ) ) ;
#3447 = CARTESIAN_POINT ( 'NONE',  ( 1.710532108735804746, 0.1401554362494332462, 0.3899644549960014084 ) ) ;
#3448 = CARTESIAN_POINT ( 'NONE',  ( 1.258675872299999776, 0.4809945997172365151, -0.7065462427903952403 ) ) ;
#3449 = CARTESIAN_POINT ( 'NONE',  ( -1.258675872299999776, 0.4320168707368661210, 0.7495925281058444245 ) ) ;
#3450 = VERTEX_POINT ( 'NONE', #4798 ) ;
#3451 = CARTESIAN_POINT ( 'NONE',  ( 7.163548724282536639, 1.013333407088931493, -1.754291236569369916 ) ) ;
#3452 = CARTESIAN_POINT ( 'NONE',  ( 14.33582779229997684, 0.2999868519474653272, -0.05758453579838368475 ) ) ;
#3453 = CARTESIAN_POINT ( 'NONE',  ( 2.566391064300002078, 0.002643011341486619595, 0.7164420475350367079 ) ) ;
#3454 = CARTESIAN_POINT ( 'NONE',  ( 14.15512988159773400, 0.4273577572591008011, -0.2416371485770633931 ) ) ;
#3455 = CARTESIAN_POINT ( 'NONE',  ( -2.257254010730132432, 0.04588899542192678010, -0.5944997582191168251 ) ) ;
#3456 = CARTESIAN_POINT ( 'NONE',  ( 1.258675872299999776, 0.01957791763066657822, 0.7470475201971533696 ) ) ;
#3457 = CARTESIAN_POINT ( 'NONE',  ( 14.33582779230001591, 0.3229238634280748310, -0.07044876791144173700 ) ) ;
#3458 = CARTESIAN_POINT ( 'NONE',  ( 14.33582779229998927, 0.3321675622482811452, -0.1005200249344151281 ) ) ;
#3459 = CARTESIAN_POINT ( 'NONE',  ( -1.720941935209724827, -0.01357195767690490447, -0.7218314119861617417 ) ) ;
#3460 = CARTESIAN_POINT ( 'NONE',  ( -0.7634801697248638774, -0.09443721001044373675, -0.9595268311031845965 ) ) ;
#3461 = CARTESIAN_POINT ( 'NONE',  ( 2.566391064299994973, 0.5726848603930134729, -0.4999382373975047034 ) ) ;
#3462 = CARTESIAN_POINT ( 'NONE',  ( -7.386173566417115310, -0.7139693189465549095, -2.260429581679272992 ) ) ;
#3463 = CARTESIAN_POINT ( 'NONE',  ( -11.07035131530893501, 0.3781706112584551360, 0.2649341473290375837 ) ) ;
#3464 = CARTESIAN_POINT ( 'NONE',  ( -7.177830107840851959, 0.9143106947769836790, 1.378908542096856982 ) ) ;
#3465 = CARTESIAN_POINT ( 'NONE',  ( 14.33582779229998749, 0.6737632029140998569, -0.7862912648881044131 ) ) ;
#3466 = CARTESIAN_POINT ( 'NONE',  ( 1.258675872299999776, -0.02004233714915638204, 0.7825869074956643967 ) ) ;
#3467 = CARTESIAN_POINT ( 'NONE',  ( 3.213510061458836997, -0.1349824278439541447, 0.9177187915526674455 ) ) ;
#3468 = CARTESIAN_POINT ( 'NONE',  ( 1.258675872299999776, 0.4961631715105792595, -0.6848824460286981886 ) ) ;
#3469 = CARTESIAN_POINT ( 'NONE',  ( -2.566391064300000302, -0.07606843542114234691, -0.7916963546014036401 ) ) ;
#3470 = CARTESIAN_POINT ( 'NONE',  ( -7.292176374197435251, 0.2736092799474017512, -0.5868743914152206864 ) ) ;
#3471 = CARTESIAN_POINT ( 'NONE',  ( -14.33582779230000526, 0.4795711764206117556, 0.3203069165691304621 ) ) ;
#3472 = CARTESIAN_POINT ( 'NONE',  ( -7.385950410253391496, -0.6980607723086891259, -2.238995463255593510 ) ) ;
#3473 = CARTESIAN_POINT ( 'NONE',  ( 2.566391064300006963, -0.04961530160187875571, 0.7576914311768707666 ) ) ;
#3474 = CARTESIAN_POINT ( 'NONE',  ( 7.198066459451006871, 0.9668458968159656663, -1.001990559362440303 ) ) ;
#3475 = CARTESIAN_POINT ( 'NONE',  ( 1.258675872299999554, 0.1736175898273021045, 0.1675412864940028501 ) ) ;
#3476 = CARTESIAN_POINT ( 'NONE',  ( 1.015242849315658002, 0.6304667956156246866, -0.6890133585925344306 ) ) ;
#3477 = CARTESIAN_POINT ( 'NONE',  ( -1.258675872299999776, 0.5906962991998184753, 0.1559294001025022802 ) ) ;
#3478 = ORIENTED_EDGE ( 'NONE', *, *, #440, .F. ) ;
#3479 = CARTESIAN_POINT ( 'NONE',  ( 3.304087260389736880, 0.6900419615643026416, -1.006621810258292005 ) ) ;
#3480 = CARTESIAN_POINT ( 'NONE',  ( 14.33582779229999815, 0.3279159597904183210, -0.09476584664222401089 ) ) ;
#3481 = CARTESIAN_POINT ( 'NONE',  ( 2.566391064300002078, -0.07707622917754944347, 0.7929852893369427891 ) ) ;
#3482 = CARTESIAN_POINT ( 'NONE',  ( 1.720567910782011989, 0.04129338565306749781, 0.6715790997573751753 ) ) ;
#3483 = CARTESIAN_POINT ( 'NONE',  ( 13.83347699872286185, 0.2762951204793522297, -0.03576442056126680202 ) ) ;
#3484 = CARTESIAN_POINT ( 'NONE',  ( -1.258675872299999554, 0.1736175898273021045, -0.1675412864940028501 ) ) ;
#3485 = CARTESIAN_POINT ( 'NONE',  ( 1.042652361945180850, -0.02694323924675183154, 0.6535839991453912257 ) ) ;
#3486 = CARTESIAN_POINT ( 'NONE',  ( 3.213511194021988704, -0.1327516703068737092, 0.9152567545495746693 ) ) ;
#3487 = ADVANCED_FACE ( 'NONE', ( #1346, #516 ), #3062, .T. ) ;
#3488 = CARTESIAN_POINT ( 'NONE',  ( 3.216946304780028854, -0.004273707827704060526, 0.7400436602281175169 ) ) ;
#3489 = CARTESIAN_POINT ( 'NONE',  ( -1.258675872299997112, -0.01808933656753640082, -0.7762388454263690063 ) ) ;
#3490 = CARTESIAN_POINT ( 'NONE',  ( -1.123515501194430444, 0.3818387909788286683, -0.5147393975179838099 ) ) ;
#3491 = CARTESIAN_POINT ( 'NONE',  ( 3.300272199993759870, 0.6507518126022706628, -0.7878251049004524331 ) ) ;
#3492 = CARTESIAN_POINT ( 'NONE',  ( -2.566391064300002967, -0.08596027567774865152, -0.8037832091593354322 ) ) ;
#3493 = CARTESIAN_POINT ( 'NONE',  ( -2.566391064299999858, -0.07487273928602436457, -0.7901669658921326445 ) ) ;
#3494 = CARTESIAN_POINT ( 'NONE',  ( -3.267296808397290420, 0.4946423422560058403, 0.1221694805735961120 ) ) ;
#3495 = CARTESIAN_POINT ( 'NONE',  ( 2.566391064299998970, 0.7536169185525533054, -0.6468455910025820987 ) ) ;
#3496 = CARTESIAN_POINT ( 'NONE',  ( 1.185099703253796433, 0.06220860232342052126, -0.3151926676568667651 ) ) ;
#3497 = CARTESIAN_POINT ( 'NONE',  ( 7.386176748036077377, -0.7146959245460879906, 2.261957077364296076 ) ) ;
#3498 = CARTESIAN_POINT ( 'NONE',  ( 2.566391064300001190, 0.7664895716068573783, -0.3328559271086082294 ) ) ;
#3499 = CARTESIAN_POINT ( 'NONE',  ( -1.258675872300000664, -0.01691398984483254500, -0.7730152309326455695 ) ) ;
#3500 = CARTESIAN_POINT ( 'NONE',  ( -14.33582779229998394, 0.6978462282897738289, 0.6476787150325260534 ) ) ;
#3501 = CARTESIAN_POINT ( 'NONE',  ( -14.33582779230001236, 0.3565288761344734825, 0.1034816178810320508 ) ) ;
#3502 = CARTESIAN_POINT ( 'NONE',  ( -14.33582779230000526, 0.2978175556620826780, 0.05474034332613505333 ) ) ;
#3503 = CARTESIAN_POINT ( 'NONE',  ( 14.33582779229998039, 0.2836425417792225456, -0.03631073067407317861 ) ) ;
#3504 = CARTESIAN_POINT ( 'NONE',  ( 3.301877013442943820, 0.8079355971939623515, -0.8840289683569911849 ) ) ;
#3505 = CARTESIAN_POINT ( 'NONE',  ( 2.566391064300002078, 0.1010255037393873734, 0.5551090035788107668 ) ) ;
#3506 = CARTESIAN_POINT ( 'NONE',  ( 1.005348615402454904, 0.2086104023340810687, 0.7169657736109916746 ) ) ;
#3507 = CARTESIAN_POINT ( 'NONE',  ( -2.566391064300005187, 0.6883813951917863161, 0.09558186322640628563 ) ) ;
#3508 = CARTESIAN_POINT ( 'NONE',  ( -2.566391064299999858, 0.6039488199271454416, 0.8078606111973953841 ) ) ;
#3509 = CARTESIAN_POINT ( 'NONE',  ( -14.33582779229998927, 0.3490524908501557166, 0.1236265013925349349 ) ) ;
#3510 = EDGE_LOOP ( 'NONE', ( #773, #4881, #4056, #2375 ) ) ;
#3511 = CARTESIAN_POINT ( 'NONE',  ( -14.18143799974425789, 0.5894877172447501312, 0.3688711000525405903 ) ) ;
#3512 = CARTESIAN_POINT ( 'NONE',  ( 14.33582779229999460, 0.3115062246489254116, -0.07279198988325615016 ) ) ;
#3513 = CARTESIAN_POINT ( 'NONE',  ( 14.33582779230001591, 0.2718279402274845213, -0.02114334119739730636 ) ) ;
#3514 = CARTESIAN_POINT ( 'NONE',  ( 1.720809127966296259, 0.01849575678202369441, 0.6919291300459112781 ) ) ;
#3515 = CARTESIAN_POINT ( 'NONE',  ( 14.18077749852385239, 0.5282971979179476030, -0.4100916637904283291 ) ) ;
#3516 = CARTESIAN_POINT ( 'NONE',  ( -2.566391064299999414, 0.4474791290975190239, 0.005709839452651276244 ) ) ;
#3517 = CARTESIAN_POINT ( 'NONE',  ( 0.9055131085599451568, 0.001771483707523935835, -0.8294124616362211766 ) ) ;
#3518 = CARTESIAN_POINT ( 'NONE',  ( 14.33582779230001591, 0.2680991771282686398, -0.01589337524678497565 ) ) ;
#3519 = CARTESIAN_POINT ( 'NONE',  ( 3.221856121637455939, 0.07684129210880215333, 0.6202321614908551384 ) ) ;
#3520 = CARTESIAN_POINT ( 'NONE',  ( -2.566391064299998970, -0.08258342911063670799, -0.8000697973306234445 ) ) ;
#3521 = CARTESIAN_POINT ( 'NONE',  ( 13.70530097930128477, 0.6887227286316598418, -0.9790489883912407709 ) ) ;
#3522 = CARTESIAN_POINT ( 'NONE',  ( 11.10083146460399739, 0.9211437465088435639, -1.479760910867647050 ) ) ;
#3523 = CARTESIAN_POINT ( 'NONE',  ( -2.566391064299999858, -0.08745886463145738365, -0.8055141255141157197 ) ) ;
#3524 = CARTESIAN_POINT ( 'NONE',  ( -2.566391064300001190, -0.05837905690373564049, -0.7690037892999338487 ) ) ;
#3525 = CARTESIAN_POINT ( 'NONE',  ( -14.33582779229999815, 0.5775603421917633318, 0.5267542238134662602 ) ) ;
#3526 = CARTESIAN_POINT ( 'NONE',  ( -2.566391064299999858, 0.6977246632923270742, 0.7890785553269326069 ) ) ;
#3527 = CARTESIAN_POINT ( 'NONE',  ( 3.213509988586876975, -0.1355761240523706557, 0.9183357527312923096 ) ) ;
#3528 = CARTESIAN_POINT ( 'NONE',  ( 1.707703642720177273, 0.3343497460119029263, 0.3963270532612245267 ) ) ;
#3529 = CARTESIAN_POINT ( 'NONE',  ( -2.566391064299998082, -0.07934525757019601777, -0.7958882163432529078 ) ) ;
#3530 = CARTESIAN_POINT ( 'NONE',  ( 14.33582779229999815, 0.6127038097435126840, -0.8219083565543234826 ) ) ;
#3531 = CARTESIAN_POINT ( 'NONE',  ( -14.33582779230000526, 0.6904734085880617211, 0.7258232460400871888 ) ) ;
#3532 = CARTESIAN_POINT ( 'NONE',  ( -11.07087893423843994, 0.4438227733416122422, 0.3307785643049006019 ) ) ;
#3533 = CARTESIAN_POINT ( 'NONE',  ( -7.384757704063827255, -0.6663395800318744344, -2.191511255973082939 ) ) ;
#3534 = CARTESIAN_POINT ( 'NONE',  ( 7.166042569024830833, 1.089202646654637174, -1.685625767823075272 ) ) ;
#3535 = CARTESIAN_POINT ( 'NONE',  ( 1.641512869232842675, 0.2651247290716048366, -0.5945462512734988048 ) ) ;
#3536 = CARTESIAN_POINT ( 'NONE',  ( 1.258675872299999776, 0.5733481183677442417, -0.5199713544341112437 ) ) ;
#3537 = CARTESIAN_POINT ( 'NONE',  ( -2.566391064299997637, 0.7545857136159440648, 0.2712195108108475528 ) ) ;
#3538 = VERTEX_POINT ( 'NONE', #3093 ) ;
#3539 = CARTESIAN_POINT ( 'NONE',  ( -2.566391064300004743, 0.5813153068161089898, 0.6618547416386370008 ) ) ;
#3540 = CARTESIAN_POINT ( 'NONE',  ( -7.368729077970540331, -0.4725576341989871088, -1.847870897146709490 ) ) ;
#3541 = ORIENTED_EDGE ( 'NONE', *, *, #1199, .T. ) ;
#3542 = CARTESIAN_POINT ( 'NONE',  ( -14.15798277859287069, 0.4890289091247603803, 0.2492074101727205504 ) ) ;
#3543 = CARTESIAN_POINT ( 'NONE',  ( 3.216119017226774623, -0.02212397077444645463, 0.7654710146100468515 ) ) ;
#3544 = CARTESIAN_POINT ( 'NONE',  ( 7.386120366228747791, -0.7073382300710950865, 2.251808662590658816 ) ) ;
#3545 = CARTESIAN_POINT ( 'NONE',  ( 2.256419261476645843, 0.1098232179034296790, 0.5961144000712961244 ) ) ;
#3546 = DIRECTION ( 'NONE',  ( 0.000000000000000000, 0.000000000000000000, -1.000000000000000000 ) ) ;
#3547 = CARTESIAN_POINT ( 'NONE',  ( -1.258675872300000664, 0.2173615744150310669, 0.1497274911916590123 ) ) ;
#3548 = CARTESIAN_POINT ( 'NONE',  ( 1.258675872299999776, 0.1262508251284965299, -0.6776297736236377434 ) ) ;
#3549 = CARTESIAN_POINT ( 'NONE',  ( 14.33582779229999815, 0.2672972826440234151, -0.01511997923488003770 ) ) ;
#3550 = CARTESIAN_POINT ( 'NONE',  ( 2.566391064300000302, 0.001738377028536539385, 0.6903803747369339217 ) ) ;
#3551 = CARTESIAN_POINT ( 'NONE',  ( -7.163360028463587881, 1.031654831320503174, 1.781614268935169942 ) ) ;
#3552 = CARTESIAN_POINT ( 'NONE',  ( -1.258675872299999776, 0.06545184935113557145, -0.7082875908304285817 ) ) ;
#3553 = PRODUCT_RELATED_PRODUCT_CATEGORY ( 'part', '', ( #2830 ) ) ;
#3554 = CARTESIAN_POINT ( 'NONE',  ( -3.213515197402938117, -0.1310474206389299900, -0.9123204835640895682 ) ) ;
#3555 = CARTESIAN_POINT ( 'NONE',  ( -3.213559985121839269, -0.1208230632298341878, -0.8991809197853506408 ) ) ;
#3556 = CARTESIAN_POINT ( 'NONE',  ( 11.09880415586338387, 1.033705089034388624, -1.371156060070541916 ) ) ;
#3557 = CARTESIAN_POINT ( 'NONE',  ( -11.09312386627857805, 0.8589530985915940775, 1.123741983756468388 ) ) ;
#3558 = CARTESIAN_POINT ( 'NONE',  ( -2.566391064299997193, -0.08687946767606138931, -0.8058866196417359129 ) ) ;
#3559 = CARTESIAN_POINT ( 'NONE',  ( 7.386165618180150716, -0.7109372433340743758, 2.257729240114604963 ) ) ;
#3560 = CARTESIAN_POINT ( 'NONE',  ( 2.566391064300003855, 0.4762579099001829075, 0.2136645282452032668 ) ) ;
#3561 = CARTESIAN_POINT ( 'NONE',  ( -1.258675872300000442, 0.005169344298739762290, -0.7126783115645398681 ) ) ;
#3562 = CARTESIAN_POINT ( 'NONE',  ( 11.10167681409778595, 0.9502235356649126885, -1.598172811134100924 ) ) ;
#3563 = CARTESIAN_POINT ( 'NONE',  ( -3.286670680321175819, 0.8114371017398251951, 0.4645623192982574756 ) ) ;
#3564 = CARTESIAN_POINT ( 'NONE',  ( -11.07068672241913454, 0.4287433011959573270, 0.3150231878915806805 ) ) ;
#3565 = CARTESIAN_POINT ( 'NONE',  ( -14.33582779229998039, 0.2912914457028395465, 0.04622180818368296085 ) ) ;
#3566 = CARTESIAN_POINT ( 'NONE',  ( 2.566391064299997637, 0.7730487403278015757, -0.3968286673134049924 ) ) ;
#3567 = CARTESIAN_POINT ( 'NONE',  ( 1.258675872299997556, 0.1303523767992819660, -0.6500848511213447312 ) ) ;
#3568 = CARTESIAN_POINT ( 'NONE',  ( 13.67344817176398131, 0.6978775534352680276, -0.9844473022328561473 ) ) ;
#3569 = CARTESIAN_POINT ( 'NONE',  ( -1.655631855712902389, 0.6421813520125367880, 0.3205371685865079923 ) ) ;
#3570 = EDGE_LOOP ( 'NONE', ( #5647, #3601, #3172, #5310 ) ) ;
#3571 = CARTESIAN_POINT ( 'NONE',  ( -11.10167681409778595, 0.9477751058641109561, 1.596392582430129714 ) ) ;
#3572 = CARTESIAN_POINT ( 'NONE',  ( -14.33582779229998927, 0.3615924499502418121, 0.1410467362111308132 ) ) ;
#3573 = ORIENTED_EDGE ( 'NONE', *, *, #4794, .T. ) ;
#3574 = LENGTH_MEASURE_WITH_UNIT ( LENGTH_MEASURE( 0.02539999999999999897 ), #5344 );
#3575 = CARTESIAN_POINT ( 'NONE',  ( 7.386154684010826976, -0.7106064258956835689, 2.256180166595694647 ) ) ;
#3576 = CARTESIAN_POINT ( 'NONE',  ( 14.33582779229998749, 0.2723788161104335748, -0.02184778993906492939 ) ) ;
#3577 = CARTESIAN_POINT ( 'NONE',  ( 1.258675872299999554, -0.01110039194113390630, 0.7571217948232379369 ) ) ;
#3578 = CARTESIAN_POINT ( 'NONE',  ( -14.13609039390841282, 0.4012271399724993137, 0.2030312258010623372 ) ) ;
#3579 = CARTESIAN_POINT ( 'NONE',  ( -1.258675872300001553, 0.2127243013543567152, 0.2566150312018316004 ) ) ;
#3580 = CARTESIAN_POINT ( 'NONE',  ( 1.258675872299999776, 0.4809945997172365151, -0.7065462427903952403 ) ) ;
#3581 = CARTESIAN_POINT ( 'NONE',  ( 14.33582779229999815, 0.2672293586657576991, -0.01511018575468521183 ) ) ;
#3582 = CARTESIAN_POINT ( 'NONE',  ( 2.566391064299991864, 0.1019067046348751671, 0.5538758272015070760 ) ) ;
#3583 = CARTESIAN_POINT ( 'NONE',  ( -11.10167681409778595, 0.9529111363013480496, 1.600126938549241817 ) ) ;
#3584 = CARTESIAN_POINT ( 'NONE',  ( 2.566391064300002522, -0.07989421605094289280, 0.7965879130351858350 ) ) ;
#3585 = CARTESIAN_POINT ( 'NONE',  ( -1.258675872299999998, 0.1979291922254022007, 0.7685086100014798527 ) ) ;
#3586 = CARTESIAN_POINT ( 'NONE',  ( -3.213512292437616491, -0.1325012073930175172, -0.9143312445239524244 ) ) ;
#3587 = CARTESIAN_POINT ( 'NONE',  ( -7.386107741020221162, -0.7063886960636578394, -2.250524921101245912 ) ) ;
#3588 = CARTESIAN_POINT ( 'NONE',  ( 7.214957285190179093, 0.8631016971736894527, -0.6956195575650636620 ) ) ;
#3589 = CARTESIAN_POINT ( 'NONE',  ( -3.295793650833274135, 0.6385609624964008191, 0.6600194700553472238 ) ) ;
#3590 = CARTESIAN_POINT ( 'NONE',  ( -13.67893012467797753, 0.6862403956701900176, 0.9835182380597822238 ) ) ;
#3591 = CARTESIAN_POINT ( 'NONE',  ( 7.386176111380257758, -0.7151773250741734200, 2.261702928994589801 ) ) ;
#3592 = CARTESIAN_POINT ( 'NONE',  ( -1.258675872299999998, -0.001779545688043328473, -0.7317259882033347873 ) ) ;
#3593 = CARTESIAN_POINT ( 'NONE',  ( -2.566391064299999858, 0.6212848363331431312, 0.8359788181397669327 ) ) ;
#3594 = CARTESIAN_POINT ( 'NONE',  ( -7.178822885843161750, 1.062743631335026695, 1.380008654466504892 ) ) ;
#3595 = CARTESIAN_POINT ( 'NONE',  ( -7.378806454679342153, -0.5517391352854529307, -2.049203167517315460 ) ) ;
#3596 = CARTESIAN_POINT ( 'NONE',  ( -3.213769528350774340, -0.1013451729216739705, -0.8737751322975098045 ) ) ;
#3597 = CARTESIAN_POINT ( 'NONE',  ( 2.566391064300002522, 0.5282371156294568548, 0.1488664627500904114 ) ) ;
#3598 = CARTESIAN_POINT ( 'NONE',  ( 1.637408286500281918, 0.2848915199469586601, -0.7202296937830191537 ) ) ;
#3599 = CARTESIAN_POINT ( 'NONE',  ( 14.15798277859287069, 0.4890289091247603803, -0.2492074101727205504 ) ) ;
#3600 = CARTESIAN_POINT ( 'NONE',  ( -1.258675872299999776, 0.5861431894677709975, 0.4604400150578922823 ) ) ;
#3601 = ORIENTED_EDGE ( 'NONE', *, *, #5321, .T. ) ;
#3602 = CARTESIAN_POINT ( 'NONE',  ( -14.33582779230000703, 0.5958004181323931503, 0.6395260424056491422 ) ) ;
#3603 = CARTESIAN_POINT ( 'NONE',  ( -11.07541360312906953, 0.5669675343948877844, 0.5435301834291871304 ) ) ;
#3604 = ORIENTED_EDGE ( 'NONE', *, *, #3205, .F. ) ;
#3605 = CARTESIAN_POINT ( 'NONE',  ( -13.74346702114774565, 0.6990916591363157684, 0.9652755612890289161 ) ) ;
#3606 = CARTESIAN_POINT ( 'NONE',  ( 7.386176111380257758, -0.7151773250741734200, 2.261702928994589801 ) ) ;
#3607 = CARTESIAN_POINT ( 'NONE',  ( 7.386146449299495487, -0.7096822718345694447, 2.254950629621462532 ) ) ;
#3608 = CARTESIAN_POINT ( 'NONE',  ( 2.566391064300004743, -0.06769534768306853523, 0.7809758027386195511 ) ) ;
#3609 = CARTESIAN_POINT ( 'NONE',  ( -1.258675872299999776, 0.2975441699243579485, 0.02664111107290822317 ) ) ;
#3610 = CIRCLE ( 'NONE', #1771, 0.06538575959999996801 ) ;
#3611 = CARTESIAN_POINT ( 'NONE',  ( -2.566391064300001190, 0.4720367988665076231, 0.05767578688958297645 ) ) ;
#3612 = CARTESIAN_POINT ( 'NONE',  ( 14.33582779229999460, 0.4647825336208461500, -0.2957997969054739218 ) ) ;
#3613 = CARTESIAN_POINT ( 'NONE',  ( -3.304087260389738656, 0.7139268175375912406, 1.022417707678748178 ) ) ;
#3614 = CARTESIAN_POINT ( 'NONE',  ( 1.258675872300000442, -0.01459560279342451104, 0.7666512381700860690 ) ) ;
#3615 = FACE_BOUND ( 'NONE', #2321, .T. ) ;
#3616 = CARTESIAN_POINT ( 'NONE',  ( -11.07034471361332351, 0.3749991530197138712, 0.2608469379870228533 ) ) ;
#3617 = CARTESIAN_POINT ( 'NONE',  ( -2.566391064300005187, -0.04305779370577792614, -0.7491954178761923711 ) ) ;
#3618 = CARTESIAN_POINT ( 'NONE',  ( 7.178822885843161750, 1.062743631335026695, -1.380008654466504892 ) ) ;
#3619 = CARTESIAN_POINT ( 'NONE',  ( 2.566391064299992752, -0.06936689973508378126, 0.7831187099942045204 ) ) ;
#3620 = CARTESIAN_POINT ( 'NONE',  ( -11.10165027739138033, 0.9390504305467975987, 1.580030407621349831 ) ) ;
#3621 = CARTESIAN_POINT ( 'NONE',  ( -1.258675872299999776, -0.01049949573222265162, -0.7723126382064948725 ) ) ;
#3622 = CARTESIAN_POINT ( 'NONE',  ( 3.213513132099774960, -0.1321636625825175215, 0.9137107146865648399 ) ) ;
#3623 = CARTESIAN_POINT ( 'NONE',  ( -2.262730448493000424, -0.03254188645543958786, -0.7207713045580590450 ) ) ;
#3624 = DIRECTION ( 'NONE',  ( 0.000000000000000000, 1.000000000000000000, 0.000000000000000000 ) ) ;
#3625 = CARTESIAN_POINT ( 'NONE',  ( -14.33582779229999460, 0.3787628739022578794, 0.1256732857781565071 ) ) ;
#3626 = CARTESIAN_POINT ( 'NONE',  ( -11.07047944922596727, 0.4064510816848663777, 0.2921768101140665430 ) ) ;
#3627 = CARTESIAN_POINT ( 'NONE',  ( -2.566391064299999858, -0.06057376778143847007, -0.7718289774829568684 ) ) ;
#3628 = CARTESIAN_POINT ( 'NONE',  ( 14.33582779229999815, 0.6682713623187664931, -0.4944632358677845674 ) ) ;
#3629 = CARTESIAN_POINT ( 'NONE',  ( 2.566391064299998970, 0.4949676867707168970, -0.1103798172136789268 ) ) ;
#3630 = CARTESIAN_POINT ( 'NONE',  ( 13.67344817176398308, 0.6863152829323379001, -0.9844473022328561473 ) ) ;
#3631 = CARTESIAN_POINT ( 'NONE',  ( -2.566391064299999858, 0.3536136774162182417, -0.3560711815744221354 ) ) ;
#3632 = ORIENTED_EDGE ( 'NONE', *, *, #5444, .T. ) ;
#3633 = CARTESIAN_POINT ( 'NONE',  ( -14.33582779229997151, 0.5994652849978963083, 0.7253131953078596483 ) ) ;
#3634 = ORIENTED_EDGE ( 'NONE', *, *, #3244, .T. ) ;
#3635 = CARTESIAN_POINT ( 'NONE',  ( 14.33582779230000526, 0.2699057177842149047, -0.01867899006235869755 ) ) ;
#3636 = CARTESIAN_POINT ( 'NONE',  ( -1.720567910782011989, 0.04129338565306749781, -0.6715790997573751753 ) ) ;
#3637 = CARTESIAN_POINT ( 'NONE',  ( 2.262605598796804784, -0.02705364088866770572, 0.7121183892100640955 ) ) ;
#3638 = CARTESIAN_POINT ( 'NONE',  ( -14.15512988159773400, 0.4273577572591008011, 0.2416371485770633931 ) ) ;
#3639 = CARTESIAN_POINT ( 'NONE',  ( -1.636886946134248788, 0.3006483565041221939, 0.7392927208617668944 ) ) ;
#3640 = CARTESIAN_POINT ( 'NONE',  ( 7.350111090501270539, -0.3043977099262243913, 1.519600375112942992 ) ) ;
#3641 = CARTESIAN_POINT ( 'NONE',  ( -11.09999759044278811, 1.031158226182767201, 1.442006497290672984 ) ) ;
#3642 = CARTESIAN_POINT ( 'NONE',  ( 1.258675872300000664, -0.01430496254571436178, 0.7658567942054844702 ) ) ;
#3643 = CARTESIAN_POINT ( 'NONE',  ( 0.000000000000000000, 0.8110768568541631973, 0.1702754156250000095 ) ) ;
#3644 = CARTESIAN_POINT ( 'NONE',  ( -11.07034373274870909, 0.3743012030387133926, 0.2599444411248798548 ) ) ;
#3645 = CARTESIAN_POINT ( 'NONE',  ( -11.07061197586862455, 0.4108399669613256311, 0.3083023963068225459 ) ) ;
#3646 = CARTESIAN_POINT ( 'NONE',  ( 7.190559425789142978, 1.007565359115511150, -1.144257566974597795 ) ) ;
#3647 = CARTESIAN_POINT ( 'NONE',  ( 14.33582779229999637, 0.2792553111014287048, -0.03066007528130207035 ) ) ;
#3648 = CARTESIAN_POINT ( 'NONE',  ( 0.9202531498582485758, 0.5740327904365799538, -0.8116371815121068423 ) ) ;
#3649 = CARTESIAN_POINT ( 'NONE',  ( -13.70480439605537093, 0.6882225930484179299, 0.9791331477610798473 ) ) ;
#3650 = CARTESIAN_POINT ( 'NONE',  ( -1.720485965024823427, 0.01777604069918526861, -0.6574325954345785483 ) ) ;
#3651 = CARTESIAN_POINT ( 'NONE',  ( 3.218901523232960304, 0.03163983991847334892, 0.6878323500849991001 ) ) ;
#3652 = CARTESIAN_POINT ( 'NONE',  ( -3.219438534451744882, 0.09004885124835074195, -0.6818642337364870798 ) ) ;
#3653 = CARTESIAN_POINT ( 'NONE',  ( -11.07034155099214168, 0.3720229061789550040, 0.2563954205993694835 ) ) ;
#3654 = CARTESIAN_POINT ( 'NONE',  ( -11.07124399325339326, 0.4462425609246408187, 0.3578966516271154252 ) ) ;
#3655 = CARTESIAN_POINT ( 'NONE',  ( 7.257361145620720322, 0.5538045059544616233, 0.02339955823691901304 ) ) ;
#3656 = CARTESIAN_POINT ( 'NONE',  ( 2.076184845095196518, 0.3982203489849978628, -0.6028633069081987816 ) ) ;
#3657 = CARTESIAN_POINT ( 'NONE',  ( 0.7376854393641755214, -0.1343417315601651008, 0.9792113514984751577 ) ) ;
#3658 = CARTESIAN_POINT ( 'NONE',  ( -2.566391064299997637, 0.1372545966597367162, -0.5836129979302524529 ) ) ;
#3659 = CARTESIAN_POINT ( 'NONE',  ( -0.7661078615897354283, 0.4139295014365638181, 0.9571412545373715330 ) ) ;
#3660 = VERTEX_POINT ( 'NONE', #4435 ) ;
#3661 = CARTESIAN_POINT ( 'NONE',  ( 14.33582779230000703, 0.2710022508974705424, -0.02008681427405124495 ) ) ;
#3662 = CARTESIAN_POINT ( 'NONE',  ( -1.258675872299999554, 0.01348047053781439679, -0.7521891366802642143 ) ) ;
#3663 = CARTESIAN_POINT ( 'NONE',  ( 2.262643858718838885, -0.02857656178865782340, 0.7145211465233225478 ) ) ;
#3664 = CARTESIAN_POINT ( 'NONE',  ( -13.87277435445328244, 0.2810512527720580023, 0.04162577818652846845 ) ) ;
#3665 = CARTESIAN_POINT ( 'NONE',  ( -2.566391064300002522, 0.5779045281144544743, 0.6156128917455756522 ) ) ;
#3666 = CARTESIAN_POINT ( 'NONE',  ( 3.224605453205419359, 0.1131718882214966526, 0.5643477272340823303 ) ) ;
#3667 = CARTESIAN_POINT ( 'NONE',  ( -14.33582779230002302, 0.6486247302640406609, 0.8258933660296913226 ) ) ;
#3668 = CARTESIAN_POINT ( 'NONE',  ( 1.720930216115693856, -0.009766927930611402076, 0.7130972198786236227 ) ) ;
#3669 = CARTESIAN_POINT ( 'NONE',  ( -1.258675872299999998, -0.01950535454876051178, -0.7815950635642050504 ) ) ;
#3670 = EDGE_CURVE ( 'NONE', #4454, #2227, #2983, .T. ) ;
#3671 = CARTESIAN_POINT ( 'NONE',  ( -2.566391064299999414, -0.02130179475090902136, -0.7207973256346339452 ) ) ;
#3672 = CARTESIAN_POINT ( 'NONE',  ( 11.09442057885054744, 1.005093113985189301, -1.170372842025373838 ) ) ;
#3673 = CARTESIAN_POINT ( 'NONE',  ( 11.07035226894555535, 0.3785241330556968209, -0.2653904825314231108 ) ) ;
#3674 = CARTESIAN_POINT ( 'NONE',  ( 1.144513272756322309, 0.7052178821978849488, -0.4437463628818937855 ) ) ;
#3675 = CARTESIAN_POINT ( 'NONE',  ( -1.258675872299999776, 0.1523046735487117442, 0.5591004946311221024 ) ) ;
#3676 = CARTESIAN_POINT ( 'NONE',  ( -2.261824486088638064, -0.007096156356097443364, -0.6804551766724924455 ) ) ;
#3677 = CARTESIAN_POINT ( 'NONE',  ( 14.33582779230001236, 0.3781240591071504120, -0.1644088834714222402 ) ) ;
#3678 = CARTESIAN_POINT ( 'NONE',  ( -7.364621968974071287, -0.3819972330521036463, -1.780589516671979844 ) ) ;
#3679 = CARTESIAN_POINT ( 'NONE',  ( -14.33582779230005144, 0.2684138249486952565, 0.01661386799650158355 ) ) ;
#3680 = CARTESIAN_POINT ( 'NONE',  ( -14.33582779229999637, 0.3150891637325661243, 0.07755715547801710075 ) ) ;
#3681 = CARTESIAN_POINT ( 'NONE',  ( -14.33582779230001591, 0.6061097214875292849, 0.3854216273270247295 ) ) ;
#3682 = CARTESIAN_POINT ( 'NONE',  ( 7.325359638934620499, -0.008865313659947407152, 1.122027856729566286 ) ) ;
#3683 = CARTESIAN_POINT ( 'NONE',  ( 1.637408286500268151, 0.5112723700678103445, -0.7321259648018544341 ) ) ;
#3684 = CARTESIAN_POINT ( 'NONE',  ( 1.258675872300001775, -0.01910741338141569781, 0.7793020688029613785 ) ) ;
#3685 = CYLINDRICAL_SURFACE ( 'NONE', #5333, 0.1702754156250000095 ) ;
#3686 = ORIENTED_EDGE ( 'NONE', *, *, #3366, .T. ) ;
#3687 = CARTESIAN_POINT ( 'NONE',  ( 11.07034651705244599, 0.3760528142230576409, -0.2622050837883320162 ) ) ;
#3688 = CARTESIAN_POINT ( 'NONE',  ( -1.258675872299999776, 0.09441984927797994476, -0.6836572863765044694 ) ) ;
#3689 = CARTESIAN_POINT ( 'NONE',  ( 2.566391064299994529, 0.008273590089008976342, 0.6816903744238571594 ) ) ;
#3690 = CARTESIAN_POINT ( 'NONE',  ( -13.97255613730618329, 0.6364099741647017972, 0.8314056861314392810 ) ) ;
#3691 = CARTESIAN_POINT ( 'NONE',  ( -2.086707744776912676, 0.4047656051931340371, 0.4874876690309197791 ) ) ;
#3692 = CARTESIAN_POINT ( 'NONE',  ( 2.566391064300002967, 0.4726292730512318685, -0.05684823029609387818 ) ) ;
#3693 = CARTESIAN_POINT ( 'NONE',  ( -11.09880415586338387, 1.033705089034388624, 1.371156060070541916 ) ) ;
#3694 = CARTESIAN_POINT ( 'NONE',  ( 2.262815694701637348, -0.03804413515727855105, 0.7294352702418922529 ) ) ;
#3695 = CARTESIAN_POINT ( 'NONE',  ( -1.258675872299999776, 0.1262508251284965299, 0.6776297736236377434 ) ) ;
#3696 = B_SPLINE_SURFACE_WITH_KNOTS ( 'NONE', 3, 3, ( 
 ( #4372, #3977, #2694, #61, #3181 ),
 ( #3154, #1806, #3551, #3583, #5319 ),
 ( #1865, #3613, #1005, #576, #2750 ),
 ( #5289, #1408, #1376, #3123, #4860 ),
 ( #4891, #978, #2724, #3718, #175 ),
 ( #1925, #202, #5030, #2356, #3667 ),
 ( #4576, #2001, #1089, #5411, #5438 ),
 ( #5463, #658, #5003, #5380, #3743 ),
 ( #4122, #5055, #3264, #1567, #1138 ),
 ( #2835, #1113, #3315, #2885, #2433 ),
 ( #1492, #2457, #706, #276, #1464 ),
 ( #2409, #2860, #3238, #4978, #3211 ),
 ( #1062, #4950, #2808, #4550, #4625 ),
 ( #4600, #1542, #4146, #226, #1952 ),
 ( #5488, #1977, #1034, #3641, #2779 ),
 ( #4197, #3291, #4523, #605, #4097 ),
 ( #633, #683, #2384, #3693, #4173 ),
 ( #252, #1517, #4650, #5079, #733 ),
 ( #2053, #2483, #5539, #1618, #760 ),
 ( #2510, #4223, #3766, #5512, #3368 ),
 ( #1592, #4677, #3341, #1163, #2910 ),
 ( #5108, #3820, #1189, #302, #3794 ),
 ( #4250, #2937, #329, #2025, #2080 ),
 ( #5566, #1648, #3395, #5134, #1217 ),
 ( #2965, #3330, #1606, #3355, #720 ),
 ( #3707, #748, #4664, #4237, #3681 ),
 ( #5017, #4211, #1102, #5424, #1504 ),
 ( #2471, #2820, #645, #290, #671 ),
 ( #1152, #3756, #5043, #4186, #2422 ),
 ( #2040, #2397, #1939, #5452, #5501 ),
 ( #3731, #2497, #3304, #1177, #3251 ),
 ( #1966, #1581, #4135, #4991, #4613 ),
 ( #2873, #1126, #1531, #1074, #5527 ),
 ( #2848, #5069, #3278, #5476, #4564 ),
 ( #215, #4162, #2900, #5094, #2925 ),
 ( #4639, #266, #4589, #3781, #239 ),
 ( #1990, #1556, #696, #2447, #2015 ),
 ( #895, #1786, #102, #5332, #2216 ),
 ( #3136, #4021, #465, #4415, #3501 ),
 ( #3194, #1357, #3595, #561, #2312 ),
 ( #1848, #4872, #1448, #1420, #41 ),
 ( #4934, #5270, #73, #3532, #2611 ),
 ( #4351, #4050, #3104, #3564, #5301 ),
 ( #3166, #4904, #990, #1880, #131 ),
 ( #4841, #4446, #9, #3626, #5364 ),
 ( #433, #2185, #2735, #2706, #4809 ),
 ( #2642, #927, #4477, #1326, #4385 ),
 ( #1389, #3925, #1819, #3956, #497 ),
 ( #528, #960, #3989, #1752, #5240 ),
 ( #2675, #3074, #2250, #2281, #4183 ),
 ( #2395, #2419, #693, #2444, #5473 ),
 ( #589, #236, #2763, #1478, #3249 ),
 ( #1962, #1987, #1046, #2369, #4506 ),
 ( #617, #2341, #4108, #1937, #263 ),
 ( #3728, #2845, #4132, #3275, #1502 ),
 ( #2870, #212, #4081, #3327, #160 ),
 ( #1578, #5449, #1123, #1018, #1908 ),
 ( #2793, #4586, #5394, #3653, #3704 ),
 ( #1528, #5013, #4535, #3223, #4610 ),
 ( #187, #4989, #1099, #4962, #3679 ),
 ( #668, #5422, #4159, #1553, #5040 ),
 ( #5498, #1072, #3301, #2818, #4561 ),
 ( #643, #2012, #3753, #340, #2092 ),
 ( #367, #3858, #5604, #4314, #3007 ),
 ( #2494, #1229, #2468, #825, #4741 ),
 ( #2574, #1713, #2119, #5145, #1603 ),
 ( #3352, #1632, #797, #3778, #5091 ),
 ( #3832, #3435, #2521, #1174, #1201 ),
 ( #2977, #5577, #771, #1149, #5173 ),
 ( #2922, #4661, #395, #1686, #4714 ),
 ( #1257, #2037, #3408, #1659, #313 ),
 ( #3886, #2146, #5066, #2897, #2949 ),
 ( #5631, #4234, #4636, #717, #4208 ),
 ( #287, #5524, #745, #3805, #2065 ),
 ( #5550, #3379, #5119, #4688, #4261 ),
 ( #2547, #4286, #1286, #122, #4770 ),
 ( #4041, #2241, #3587, #3463, #5201 ),
 ( #3493, #1379, #2175, #3035, #489 ),
 ( #4407, #4831, #5230, #2603, #1412 ),
 ( #2634, #4863, #1317, #5263, #4343 ),
 ( #854, #3555, #5661, #2666, #1743 ),
 ( #3916, #3065, #4801, #1349, #3096 ),
 ( #887, #918, #4438, #5292, #3980 ),
 ( #424, #1840, #4376, #3949, #4895 ),
 ( #3158, #982, #3126, #64, #950 ),
 ( #2727, #2272, #2697, #458, #2303 ),
 ( #2208, #33, #1810, #1778, #94 ),
 ( #3524, #519, #552, #4012, #5324 ),
 ( #4467, #609, #2838, #5466, #2360 ),
 ( #1900, #4497, #1545, #3697, #3721 ),
 ( #5355, #4176, #3185, #580, #2436 ),
 ( #1116, #4925, #3294, #2863, #2332 ),
 ( #178, #1929, #1470, #2412, #4100 ),
 ( #3617, #636, #4579, #150, #4603 ),
 ( #1980, #3215, #1495, #5441, #1439 ),
 ( #2811, #1010, #2754, #3241, #2388 ),
 ( #5006, #4954, #5033, #4072, #686 ),
 ( #4982, #1038, #1871, #3645, #5385 ),
 ( #3671, #4553, #4125, #2785, #661 ),
 ( #4152, #4527, #5414, #1065, #205 ),
 ( #1955, #1520, #3268, #1092, #229 ),
 ( #1571, #5083, #5491, #2084, #3319 ),
 ( #2029, #4201, #3798, #5543, #5059 ),
 ( #255, #4227, #2004, #3746, #710 ),
 ( #1624, #1142, #2889, #3770, #5517 ),
 ( #791, #333, #2487, #2619, #4629 ),
 ( #2514, #1167, #1596, #2461, #5138 ),
 ( #280, #306, #1652, #1193, #1222 ),
 ( #3345, #2914, #737, #4654, #2058 ),
 ( #3372, #17, #5112, #2970, #3825 ),
 ( #2941, #3934, #5570, #2193, #4681 ),
 ( #3400, #764, #4254, #3082, #4707 ),
 ( #4359, #1762, #5248, #442, #3509 ),
 ( #1334, #4817, #904, #2652, #3112 ),
 ( #1827, #2714, #3540, #1856, #3572 ),
 ( #1365, #2258, #1397, #474, #4424 ),
 ( #4393, #2226, #5309, #3144, #2683 ),
 ( #4880, #110, #4849, #936, #968 ),
 ( #5278, #505, #3997, #81, #4453 ),
 ( #537, #2289, #4029, #3603, #5342 ),
 ( #3966, #50, #1795, #778, #5126 ),
 ( #5639, #3894, #2501, #2154, #864 ),
 ( #4294, #294, #3839, #4722, #5557 ),
 ( #1640, #1721, #4668, #3043, #1209 ),
 ( #3386, #4215, #2929, #2045, #3471 ),
 ( #5153, #1237, #5209, #5181, #3015 ),
 ( #1294, #4778, #2072, #2957, #375 ),
 ( #3786, #5531, #4241, #1610, #3359 ),
 ( #2127, #752, #3416, #321, #2528 ),
 ( #3812, #4695, #2986, #805, #2582 ),
 ( #4268, #347, #1265, #3866, #2555 ),
 ( #5584, #5099, #1181, #2099, #1666 ),
 ( #4749, #5612, #1694, #833, #3443 ),
 ( #4322, #403, #535, #80, #3602 ),
 ( #3050, #4848, #4392, #5341, #473 ),
 ( #4785, #4057, #109, #2192, #16 ),
 ( #49, #2287, #4911, #1794, #3633 ),
 ( #3539, #3081, #1427, #1761, #1301 ),
 ( #3143, #5277, #3111, #138, #2682 ),
 ( #2618, #997, #568, #3933, #4879 ),
 ( #1364, #903, #1855, #935, #2651 ),
 ( #2742, #871, #2224, #2713, #4816 ),
 ( #3508, #4422, #1887, #504, #4028 ),
 ( #4484, #1333, #5247, #2257, #3173 ),
 ( #3965, #3996, #1826, #3571, #4452 ),
 ( #5308, #967, #1396, #2319, #4358 ) ),
 .UNSPECIFIED., .T., .F., .F.,
 ( 4, 1, 1, 1, 1, 1, 1, 1, 1, 1, 1, 1, 1, 1, 1, 1, 1, 1, 1, 1, 1, 1, 1, 1, 1, 1, 1, 1, 1, 1, 1, 1, 1, 1, 1, 1, 1, 1, 1, 1, 1, 1, 1, 1, 1, 1, 1, 1, 1, 1, 1, 1, 1, 1, 2, 1, 1, 1, 1, 1, 1, 1, 1, 1, 1, 1, 1, 1, 1, 1, 1, 1, 1, 1, 1, 1, 1, 1, 1, 1, 1, 1, 1, 1, 1, 1, 1, 1, 1, 1, 1, 1, 1, 1, 1, 1, 1, 1, 1, 1, 1, 1, 1, 1, 1, 1, 1, 1, 1, 1, 1, 1, 1, 1, 1, 1, 1, 1, 1, 1, 1, 1, 1, 1, 1, 1, 1, 1, 1, 1, 1, 1, 1, 1, 1, 1, 1, 1, 1, 1, 1, 1, 4 ),
 ( 4, 1, 4 ),
 ( 0.000000000000000000, 0.004088153337238700259, 0.008176306674477400518, 0.01226446001171610338, 0.01635261334895480104, 0.02044076668619350043, 0.02452892002343220676, 0.02861707336067090268, 0.03270522669790960207, 0.04088153337238700086, 0.04905784004686441352, 0.05723414672134180536, 0.06541045339581920415, 0.07358676007029660293, 0.08176306674477400172, 0.09811568009372882704, 0.1144682934426836107, 0.1308209067916384083, 0.1471735201405932059, 0.1635261334895480034, 0.1798787468385028288, 0.1962313601874576541, 0.2125839735364123961, 0.2289365868853672215, 0.2616418135832768166, 0.2943470402811864117, 0.3106996536301412370, 0.3270522669790960069, 0.3434048803280508322, 0.3597574936770056575, 0.3761101070259604273, 0.3924627203749153082, 0.4088153337238700225, 0.4251679470728247923, 0.4333442537473022327, 0.4415205604217796176, 0.4496968670962570025, 0.4578731737707344429, 0.4660494804452118278, 0.4742257871196892127, 0.4824020937941666531, 0.4905784004686440380, 0.4987547071431214785, 0.5028428604803601987, 0.5069310138175989744, 0.5110191671548375281, 0.5151073204920763038, 0.5191954738293149685, 0.5212395504979342453, 0.5222615888322439393, 0.5227726079993989527, 0.5230281175829762930, 0.5231558723747650186, 0.5232197497706592149, 0.5232836271665536332, 0.5237491704993988417, 0.5239819421658213905, 0.5242147138322439393, 0.5244474854986664880, 0.5246802571650890368, 0.5249130288315116966, 0.5251458004979342453, 0.5253785721643567941, 0.5256113438307793428, 0.5258441154972020026, 0.5260768871636245514, 0.5263096588300471002, 0.5265424304964697599, 0.5267752021628923087, 0.5270079738293148575, 0.5272407454957374062, 0.5274735171621600660, 0.5277062888285827258, 0.5279390604950051635, 0.5281718321614279343, 0.5284046038278504831, 0.5286373754942731429, 0.5288701471606954696, 0.5298012338263857757, 0.5307323204920763038, 0.5316634071577666099, 0.5321289504906117074, 0.5325944938234569159, 0.5335255804891472220, 0.5344566671548376391, 0.5353877538205279452, 0.5363188404862182512, 0.5372499271519085573, 0.5381810138175988634, 0.5391121004832891694, 0.5400431871489794755, 0.5419053604803601987, 0.5437675338117409218, 0.5456297071431215340, 0.5474918804745021461, 0.5493540538058827583, 0.5512162271372633704, 0.5530784004686440936, 0.5549405738000248167, 0.5568027471314054289, 0.5586649204627859300, 0.5605270937941665421, 0.5642514404569278774, 0.5679757871196892127, 0.5717001337824505480, 0.5754244804452118833, 0.5791488271079732186, 0.5828731737707344429, 0.5865975204334956672, 0.5903218670962571135, 0.5940462137590183378, 0.5977705604217796731, 0.6052192537473022327, 0.6126679470728247923, 0.6201166403983474629, 0.6275653337238700225, 0.6350140270493926931, 0.6424627203749152526, 0.6573601070259603718, 0.6722574936770056020, 0.6871548803280508322, 0.7020522669790960624, 0.7169496536301411815, 0.7318470402811863007, 0.7616418135832767611, 0.7914365868853672215, 0.8212313601874576818, 0.8361287468385028010, 0.8510261334895479202, 0.8659235201405932614, 0.8808209067916383805, 0.8957182934426833887, 0.9106156800937288409, 0.9255130667447739601, 0.9404104533958190792, 0.9553078400468644205, 0.9627565333723870911, 0.9702052266979095396, 0.9776539200234319882, 0.9851026133489546588, 0.9925513066744773294, 0.9962756533372388867, 1.000000000000000000 ),
 ( 0.000000000000000000, 0.1919068383482318008, 1.000000000000000000 ),
 .UNSPECIFIED. ) ;
#3697 = CARTESIAN_POINT ( 'NONE',  ( -11.07042050367036978, 0.3920557022436585437, 0.2830654947973318958 ) ) ;
#3698 = CARTESIAN_POINT ( 'NONE',  ( 3.242150584222105003, 0.4173265541009812396, 0.2832293701751708026 ) ) ;
#3699 = CARTESIAN_POINT ( 'NONE',  ( 11.07037801421600065, 0.3851488051561890447, -0.2739906372319848571 ) ) ;
#3700 = CARTESIAN_POINT ( 'NONE',  ( -2.566391064300002522, 0.5887151921186805081, 0.7282151568225502247 ) ) ;
#3701 = CARTESIAN_POINT ( 'NONE',  ( -1.229655614175521494, 0.09431884930773726250, 0.09144961687170768960 ) ) ;
#3702 = CARTESIAN_POINT ( 'NONE',  ( 2.566391064299998970, 0.1675908800069880744, 0.4601380894964779422 ) ) ;
#3703 = CARTESIAN_POINT ( 'NONE',  ( -2.566391064300000302, 0.1362311717679059730, -0.5846418570434158690 ) ) ;
#3704 = CARTESIAN_POINT ( 'NONE',  ( -14.33582779230001591, 0.2680991771282686398, 0.01589337524678497565 ) ) ;
#3705 = CARTESIAN_POINT ( 'NONE',  ( -7.381534894223762855, -0.6146781488017984962, -2.106382746396608496 ) ) ;
#3706 = CARTESIAN_POINT ( 'NONE',  ( -1.170083095194947020, 0.05183288169195048728, 0.3687725577475744476 ) ) ;
#3707 = CARTESIAN_POINT ( 'NONE',  ( -2.566391064299997637, 0.5910307241580871063, -0.06500965011412562777 ) ) ;
#3708 = CARTESIAN_POINT ( 'NONE',  ( 11.07889445398571127, 0.7119263600865545216, -0.6518923899779195397 ) ) ;
#3709 = CARTESIAN_POINT ( 'NONE',  ( 1.258675872299999776, 0.3493849846719507823, -0.7860124645990496095 ) ) ;
#3710 = CARTESIAN_POINT ( 'NONE',  ( 1.258675872300000442, -0.01885724442426280761, 0.7785359594354689383 ) ) ;
#3711 = CARTESIAN_POINT ( 'NONE',  ( -1.215889019752888656, 0.7207197982964672622, 0.1801475112482813223 ) ) ;
#3712 = CARTESIAN_POINT ( 'NONE',  ( 2.566391064299995861, -0.07652544891066652422, 0.7922807719545676974 ) ) ;
#3713 = CARTESIAN_POINT ( 'NONE',  ( -1.718857992193419504, 0.1205731293215029226, -0.6011652826906265235 ) ) ;
#3714 = CARTESIAN_POINT ( 'NONE',  ( 2.259496004380538547, 0.02495094424447870732, 0.6288189555542772480 ) ) ;
#3715 = CARTESIAN_POINT ( 'NONE',  ( -13.83866352663869037, 0.2769480815906826265, 0.03641470995759268220 ) ) ;
#3716 = CARTESIAN_POINT ( 'NONE',  ( -1.258675872299998444, 0.1313828902879705385, 0.7040242719075987532 ) ) ;
#3717 = CARTESIAN_POINT ( 'NONE',  ( 11.10148364600076931, 0.9311323429028446341, -1.546027728980794214 ) ) ;
#3718 = CARTESIAN_POINT ( 'NONE',  ( -11.10162780486523637, 0.9772811335037969727, 1.591693702679140898 ) ) ;
#3719 = CARTESIAN_POINT ( 'NONE',  ( 0.7634801697248638774, -0.09443721001044373675, 0.9595268311031845965 ) ) ;
#3720 = CARTESIAN_POINT ( 'NONE',  ( -1.015242849315658002, 0.6304667956156246866, 0.6890133585925344306 ) ) ;
#3721 = CARTESIAN_POINT ( 'NONE',  ( -14.33582779229998039, 0.2836425417792225456, 0.03631073067407317861 ) ) ;
#3722 = CARTESIAN_POINT ( 'NONE',  ( 14.33582779229999460, 0.5078693569752390502, -0.2629382766060407994 ) ) ;
#3723 = CARTESIAN_POINT ( 'NONE',  ( 2.566391064300001190, -0.05837905690373564049, 0.7690037892999338487 ) ) ;
#3724 = CARTESIAN_POINT ( 'NONE',  ( -7.169371095272571992, 0.9643012440218569070, 1.566265087449182358 ) ) ;
#3725 = CARTESIAN_POINT ( 'NONE',  ( -0.9602134677142701857, -0.06107153888123450364, -0.7646775874324664990 ) ) ;
#3726 = CARTESIAN_POINT ( 'NONE',  ( 11.07469448229275777, 0.5503367158786203195, -0.5166184563753206671 ) ) ;
#3727 = CARTESIAN_POINT ( 'NONE',  ( -2.566391064300002522, 0.1583454535166174126, -0.5623271840731428606 ) ) ;
#3728 = CARTESIAN_POINT ( 'NONE',  ( -2.566391064299998082, -0.08672499887308578181, -0.8055217504095636416 ) ) ;
#3729 = CARTESIAN_POINT ( 'NONE',  ( -3.215397473195360512, -0.03989307114934553117, -0.7904249929017733711 ) ) ;
#3730 = CARTESIAN_POINT ( 'NONE',  ( 1.258675872299999776, 0.08385624553148883498, 0.6926416129916971309 ) ) ;
#3731 = CARTESIAN_POINT ( 'NONE',  ( -2.566391064299997637, 0.3527520145616189762, -0.3570290812360865651 ) ) ;
#3732 = CARTESIAN_POINT ( 'NONE',  ( 3.224568131962418871, 0.1836713743570837221, 0.5753843464882447689 ) ) ;
#3733 = CARTESIAN_POINT ( 'NONE',  ( 2.068005492783207444, 0.4572349893966670131, -0.7639148976213685494 ) ) ;
#3734 = CARTESIAN_POINT ( 'NONE',  ( 2.262869876701649297, -0.04632251265352720776, 0.7420291013170765559 ) ) ;
#3735 = CARTESIAN_POINT ( 'NONE',  ( 1.258675872299999776, -0.02011741026279027789, 0.7826106424216403568 ) ) ;
#3736 = CARTESIAN_POINT ( 'NONE',  ( 2.566391064299999414, -0.07762742065533111135, 0.7936899432210974270 ) ) ;
#3737 = CARTESIAN_POINT ( 'NONE',  ( -2.262868483549347332, -0.04404233314714431358, -0.7405555688506383349 ) ) ;
#3738 = CARTESIAN_POINT ( 'NONE',  ( 1.715883628687142615, 0.09359351412005517679, 0.4964955877603433598 ) ) ;
#3739 = CARTESIAN_POINT ( 'NONE',  ( -13.83033856085191715, 0.2761422631236335468, 0.03538909598277224788 ) ) ;
#3740 = CARTESIAN_POINT ( 'NONE',  ( -2.566391064300002522, 0.5595533076883975054, 0.3302544879305213676 ) ) ;
#3741 = STYLED_ITEM ( 'NONE', ( #2310 ), #594 ) ;
#3742 = CARTESIAN_POINT ( 'NONE',  ( 2.566391064300008740, 0.5593307585968139151, -0.3288267500949073052 ) ) ;
#3743 = CARTESIAN_POINT ( 'NONE',  ( -14.33582779229998749, 0.6586101929333302296, 0.8137804189619105566 ) ) ;
#3744 = CARTESIAN_POINT ( 'NONE',  ( 1.258675872299999776, 0.1222172552842987481, 0.6598393735156037332 ) ) ;
#3745 = CARTESIAN_POINT ( 'NONE',  ( -1.258675872299999776, 0.06584286995628435557, -0.5406566732486947080 ) ) ;
#3746 = CARTESIAN_POINT ( 'NONE',  ( -11.07090221362387084, 0.4294140865594794909, 0.3340089515417703492 ) ) ;
#3747 = CARTESIAN_POINT ( 'NONE',  ( 2.566391064300004743, 0.09176024632099040457, 0.6290280174422913095 ) ) ;
#3748 = CARTESIAN_POINT ( 'NONE',  ( 2.566391064300002078, -0.01264208178198144954, 0.7094057469060384147 ) ) ;
#3749 = CARTESIAN_POINT ( 'NONE',  ( -13.69959855006813143, 0.6827332750969600239, 0.9781930249136979727 ) ) ;
#3750 = CARTESIAN_POINT ( 'NONE',  ( -0.9934327786794742154, -0.007412953907884477570, 0.7246778445896900900 ) ) ;
#3751 = CARTESIAN_POINT ( 'NONE',  ( 14.33582779229998394, 0.3698844668354545617, -0.1527091603648646490 ) ) ;
#3752 = CARTESIAN_POINT ( 'NONE',  ( -7.386174519740737132, -0.7134608260130705926, -2.260535117939108218 ) ) ;
#3753 = CARTESIAN_POINT ( 'NONE',  ( -7.386169752707673730, -0.7129496373007785381, -2.259210219947851428 ) ) ;
#3754 = CARTESIAN_POINT ( 'NONE',  ( -2.566391064300002967, 0.02603109007957076990, -0.6579222552347018249 ) ) ;
#3755 = CARTESIAN_POINT ( 'NONE',  ( -0.7561469052082789855, 0.3918703501772763942, 0.9651480572575217298 ) ) ;
#3756 = CARTESIAN_POINT ( 'NONE',  ( -3.242150584222105003, 0.4173265541009812396, -0.2832293701751708026 ) ) ;
#3757 = CARTESIAN_POINT ( 'NONE',  ( 11.07522234758753399, 0.6160954849236158770, -0.5282973578941886350 ) ) ;
#3758 = CARTESIAN_POINT ( 'NONE',  ( 2.068698885211314398, 0.5481308446678291313, -0.7588339744531450437 ) ) ;
#3759 = CARTESIAN_POINT ( 'NONE',  ( -3.301877013442943820, 0.8079355971939623515, 0.8840289683569911849 ) ) ;
#3760 = CARTESIAN_POINT ( 'NONE',  ( 3.213533210592391942, -0.1256656614282035678, 0.9054225874627915838 ) ) ;
#3761 = DIRECTION ( 'NONE',  ( 0.000000000000000000, 1.000000000000000000, 0.000000000000000000 ) ) ;
#3762 = CARTESIAN_POINT ( 'NONE',  ( 1.258675872299997556, 0.02193981916842169602, 0.6660898634226981585 ) ) ;
#3763 = CARTESIAN_POINT ( 'NONE',  ( 1.258675872299999776, 0.01957791763066657822, 0.7470475201971533696 ) ) ;
#3764 = CARTESIAN_POINT ( 'NONE',  ( -1.258675872299999776, 0.4961631715105792595, 0.6848824460286981886 ) ) ;
#3765 = CARTESIAN_POINT ( 'NONE',  ( 3.300272199993759870, 0.6507518126022706628, -0.7878251049004524331 ) ) ;
#3766 = CARTESIAN_POINT ( 'NONE',  ( -7.206226278648663275, 0.9186701738225161451, 0.8519828710019665685 ) ) ;
#3767 = CARTESIAN_POINT ( 'NONE',  ( 14.05175620380722989, 0.6242671577951248718, -0.7473314231181352740 ) ) ;
#3768 = CARTESIAN_POINT ( 'NONE',  ( -1.716846552124408287, 0.08281222481365899113, -0.5202299525692319904 ) ) ;
#3769 = CARTESIAN_POINT ( 'NONE',  ( -0.9055131085599451568, 0.001771483707523935835, 0.8294124616362211766 ) ) ;
#3770 = CARTESIAN_POINT ( 'NONE',  ( -11.07099440477164443, 0.4343426689303173660, 0.3409445430524833953 ) ) ;
#3771 = CARTESIAN_POINT ( 'NONE',  ( 14.33582779230001236, 0.4870031049852234784, -0.2394587988910357179 ) ) ;
#3772 = CARTESIAN_POINT ( 'NONE',  ( 3.214291896165190732, -0.07515718441279953255, 0.8388307074689158593 ) ) ;
#3773 = CARTESIAN_POINT ( 'NONE',  ( 2.566391064299999858, -0.08694497503564364849, 0.8057091551671229368 ) ) ;
#3774 = CARTESIAN_POINT ( 'NONE',  ( -1.258675872299999776, 0.1762500095929560862, -0.1689588619714898210 ) ) ;
#3775 = CIRCLE ( 'NONE', #4151, 0.1702754156250000095 ) ;
#3776 = CARTESIAN_POINT ( 'NONE',  ( 11.07889445398566863, 0.6377604159991867583, -0.6630812502557121846 ) ) ;
#3777 = CARTESIAN_POINT ( 'NONE',  ( -3.213570287339955645, -0.1147255918927087698, -0.8962438412498742180 ) ) ;
#3778 = CARTESIAN_POINT ( 'NONE',  ( -11.07034420100901784, 0.3746418646560437660, 0.2603927485671216902 ) ) ;
#3779 = CARTESIAN_POINT ( 'NONE',  ( -3.221856121637455939, 0.07684129210880215333, -0.6202321614908551384 ) ) ;
#3780 = CARTESIAN_POINT ( 'NONE',  ( -0.9055131085599467111, 0.001771483707524670274, 0.8294124616362195113 ) ) ;
#3781 = CARTESIAN_POINT ( 'NONE',  ( -11.07279531476497958, 0.5367090451841172172, 0.4333892557971262272 ) ) ;
#3782 = CARTESIAN_POINT ( 'NONE',  ( 7.371595214463406265, -0.4600953466870572606, 1.907717333409712168 ) ) ;
#3783 = CARTESIAN_POINT ( 'NONE',  ( 2.067840328492384749, 0.4752045979792740571, -0.7813307907949323949 ) ) ;
#3784 = EDGE_CURVE ( 'NONE', #4329, #503, #4614, .T. ) ;
#3785 = CARTESIAN_POINT ( 'NONE',  ( -7.167181543787826570, 1.092208052909745319, 1.652690226046754196 ) ) ;
#3786 = CARTESIAN_POINT ( 'NONE',  ( -2.566391064300002967, 0.4726292730512318685, 0.05684823029609387818 ) ) ;
#3787 = CARTESIAN_POINT ( 'NONE',  ( -7.386126209745512483, -0.7078104496451956829, -2.252444744519893849 ) ) ;
#3788 = CARTESIAN_POINT ( 'NONE',  ( 2.566391064300002078, -0.07707622917754944347, 0.7929852893369427891 ) ) ;
#3789 = CARTESIAN_POINT ( 'NONE',  ( 7.163508350177135497, 1.051582405414573929, -1.776954250172381622 ) ) ;
#3790 = CARTESIAN_POINT ( 'NONE',  ( 1.258675872299999776, 0.01891383145537004623, 0.6745638740728429061 ) ) ;
#3791 = CARTESIAN_POINT ( 'NONE',  ( -13.88560892228677268, 0.2844409197111957832, 0.04392127466771558048 ) ) ;
#3792 = CARTESIAN_POINT ( 'NONE',  ( -2.067840328492384749, 0.4752045979792740571, 0.7813307907949323949 ) ) ;
#3793 = CARTESIAN_POINT ( 'NONE',  ( 14.33582779229998749, 0.5969919612562893940, -0.6681221260949253837 ) ) ;
#3794 = CARTESIAN_POINT ( 'NONE',  ( -14.33582779230001236, 0.6794202412714819284, 0.5238641997831625652 ) ) ;
#3795 = CARTESIAN_POINT ( 'NONE',  ( 0.7374473134651955419, -0.1380869617704688079, 0.9793905479893176835 ) ) ;
#3796 = CARTESIAN_POINT ( 'NONE',  ( -1.258675872299999776, 0.06519165108980794210, -0.5408631926478442153 ) ) ;
#3797 = CARTESIAN_POINT ( 'NONE',  ( -1.258675872299999776, 0.3140612653832015044, 0.7982993305989405375 ) ) ;
#3798 = CARTESIAN_POINT ( 'NONE',  ( -7.382680456340787956, -0.6310707909706334551, -2.134146131596983853 ) ) ;
#3799 = CARTESIAN_POINT ( 'NONE',  ( 14.33582779229999460, 0.3787628739022578794, -0.1256732857781565071 ) ) ;
#3800 = CARTESIAN_POINT ( 'NONE',  ( 7.385539102374846898, -0.6844605624373631958, 2.219243692258659362 ) ) ;
#3801 = CARTESIAN_POINT ( 'NONE',  ( -2.566391064300000302, 0.7031777748311255349, 0.7804091085095147262 ) ) ;
#3802 = CARTESIAN_POINT ( 'NONE',  ( 2.566391064300000302, 0.7031777748311255349, -0.7804091085095147262 ) ) ;
#3803 = CARTESIAN_POINT ( 'NONE',  ( 7.315731052281774893, -0.02744844990823190611, 0.9511505847596519736 ) ) ;
#3804 = CARTESIAN_POINT ( 'NONE',  ( -3.213908770279978011, -0.08166390710332861735, -0.8629493004377506438 ) ) ;
#3805 = CARTESIAN_POINT ( 'NONE',  ( -11.07034871801162978, 0.3771110930548068341, 0.2635677718762159394 ) ) ;
#3806 = CARTESIAN_POINT ( 'NONE',  ( -14.33582779230001236, 0.3781240591071504120, 0.1644088834714222402 ) ) ;
#3807 = CARTESIAN_POINT ( 'NONE',  ( -0.7376361199289189763, -0.1382729668552163949, -0.9792483099170832261 ) ) ;
#3808 = CARTESIAN_POINT ( 'NONE',  ( 2.262871084584682446, -0.04699954927505405056, 0.7439827555001322645 ) ) ;
#3809 = CARTESIAN_POINT ( 'NONE',  ( 7.376644102591972008, -0.5224084268219020277, 2.005053299904128838 ) ) ;
#3810 = CARTESIAN_POINT ( 'NONE',  ( 2.566391064299992308, 0.6481727202048482850, -0.02237217408551734829 ) ) ;
#3811 = CARTESIAN_POINT ( 'NONE',  ( -14.33582779229999815, 0.6629321557264521436, 0.8072173364576378241 ) ) ;
#3812 = CARTESIAN_POINT ( 'NONE',  ( -2.566391064300005187, 0.5337929746884551019, 0.2172616135982974594 ) ) ;
#3813 = CARTESIAN_POINT ( 'NONE',  ( -11.07035226894555535, 0.3785241330556968209, 0.2653904825314231108 ) ) ;
#3814 = CARTESIAN_POINT ( 'NONE',  ( 3.213543984084352712, -0.1235148655681367197, 0.9026530921539875907 ) ) ;
#3815 = CARTESIAN_POINT ( 'NONE',  ( 11.10167681409778595, 0.9502235356649126885, -1.598172811134100924 ) ) ;
#3816 = CARTESIAN_POINT ( 'NONE',  ( 2.244902400116657315, 0.1198148356212242055, 0.4691538879153838715 ) ) ;
#3817 = CARTESIAN_POINT ( 'NONE',  ( 0.9140464189358292746, -0.07796409365467191210, 0.8171882215369158375 ) ) ;
#3818 = CARTESIAN_POINT ( 'NONE',  ( -2.566391064300005187, 0.6040421992058405687, 0.8081247328245628747 ) ) ;
#3819 = CARTESIAN_POINT ( 'NONE',  ( 14.33582779229999460, 0.6050169935115526920, -0.7822766334314900094 ) ) ;
#3820 = CARTESIAN_POINT ( 'NONE',  ( -3.279372303911492370, 0.7712596311940945748, 0.3183002607017219598 ) ) ;
#3821 = CARTESIAN_POINT ( 'NONE',  ( 1.258675872299999554, 0.08385624371550898237, 0.6926416108594900534 ) ) ;
#3822 = CARTESIAN_POINT ( 'NONE',  ( -1.258675872299999998, 0.01435627485082998679, -0.6872720775783747182 ) ) ;
#3823 = CARTESIAN_POINT ( 'NONE',  ( 1.127478027625156587, 0.01587692412374426543, 0.4940839400168658968 ) ) ;
#3824 = ADVANCED_FACE ( 'NONE', ( #118 ), #3696, .T. ) ;
#3825 = CARTESIAN_POINT ( 'NONE',  ( -14.33582779230001591, 0.3364070870698369631, 0.1062831684414998479 ) ) ;
#3826 = CARTESIAN_POINT ( 'NONE',  ( 7.386029169641035175, -0.6978490327653936731, 2.243212382405213479 ) ) ;
#3827 = CARTESIAN_POINT ( 'NONE',  ( 11.07045890046160608, 0.3968437741065614643, -0.2894214485829111339 ) ) ;
#3828 = CARTESIAN_POINT ( 'NONE',  ( 2.566391064299999858, 0.6212848363331431312, -0.8359788181397669327 ) ) ;
#3829 = LINE ( 'NONE', #3404, #2645 ) ;
#3830 = CARTESIAN_POINT ( 'NONE',  ( 11.09564843942734669, 0.8856186682778323105, -1.218784479146971966 ) ) ;
#3831 = CARTESIAN_POINT ( 'NONE',  ( -11.07039051539913643, 0.3918404315539564808, 0.2773714435317765070 ) ) ;
#3832 = CARTESIAN_POINT ( 'NONE',  ( -2.566391064300002078, -0.08037778763685374250, -0.7972118829136807250 ) ) ;
#3833 = CARTESIAN_POINT ( 'NONE',  ( -2.566391064300002078, 0.06842418213653242431, -0.6002924803399537490 ) ) ;
#3834 = CARTESIAN_POINT ( 'NONE',  ( 3.303007708879138082, 0.7882088167290565162, -0.9397676258432556828 ) ) ;
#3835 = CARTESIAN_POINT ( 'NONE',  ( 1.720941773259709207, -0.01337925187485936029, 0.7220109618014763919 ) ) ;
#3836 = CARTESIAN_POINT ( 'NONE',  ( 11.07056001562286518, 0.4163068096870671808, -0.3022246306535135707 ) ) ;
#3837 = CARTESIAN_POINT ( 'NONE',  ( 2.566391064300009628, 0.5910220466662325922, 0.06500370638402881707 ) ) ;
#3838 = CARTESIAN_POINT ( 'NONE',  ( -3.301101560949412761, 0.8154292316748902314, 0.8519257145556906607 ) ) ;
#3839 = CARTESIAN_POINT ( 'NONE',  ( -7.325359638935032613, -0.1025155028618858072, -1.107943534063880797 ) ) ;
#3840 = CARTESIAN_POINT ( 'NONE',  ( -14.33582779229998749, 0.2723788161104335748, 0.02184778993906492939 ) ) ;
#3841 = CARTESIAN_POINT ( 'NONE',  ( 3.213802637995188505, -0.09917191526893427700, 0.8709091624861012848 ) ) ;
#3842 = CARTESIAN_POINT ( 'NONE',  ( 3.304098318535813483, 0.7034574683989125443, -1.019995185186730602 ) ) ;
#3843 = CARTESIAN_POINT ( 'NONE',  ( 1.715197586265173602, 0.1007022092419783271, 0.4806866429901597848 ) ) ;
#3844 = CARTESIAN_POINT ( 'NONE',  ( 1.258675872299999776, 0.5920505904506498940, -0.4355004626024153169 ) ) ;
#3845 = CARTESIAN_POINT ( 'NONE',  ( -2.068698885211314398, 0.5481308446678291313, 0.7588339744531450437 ) ) ;
#3846 = CARTESIAN_POINT ( 'NONE',  ( -1.258675872299999776, 0.1335901231684266666, -0.6502840104038455360 ) ) ;
#3847 = CARTESIAN_POINT ( 'NONE',  ( 2.566391064300000302, 0.001738377028536539385, 0.6903803747369339217 ) ) ;
#3848 = CARTESIAN_POINT ( 'NONE',  ( 1.258675872299999776, 0.1858269470338355100, 0.6036401335576154770 ) ) ;
#3849 = CARTESIAN_POINT ( 'NONE',  ( 14.08105477032553310, 0.3529243414528198675, -0.1351980593348603987 ) ) ;
#3850 = CARTESIAN_POINT ( 'NONE',  ( -1.258675872300000442, 0.03911200183297265653, -0.6173276147211798071 ) ) ;
#3851 = CARTESIAN_POINT ( 'NONE',  ( -1.258675872299999776, 0.09369475215555363168, -0.6842537844022759108 ) ) ;
#3852 = CARTESIAN_POINT ( 'NONE',  ( 11.07047944922596727, 0.4064510816848663777, -0.2921768101140665430 ) ) ;
#3853 = CARTESIAN_POINT ( 'NONE',  ( 3.214931735183702344, -0.05315949004824525176, 0.8088043214628952704 ) ) ;
#3854 = DIRECTION ( 'NONE',  ( 0.000000000000000000, 1.000000000000000000, 0.000000000000000000 ) ) ;
#3855 = CARTESIAN_POINT ( 'NONE',  ( -0.7423772748560614199, -0.1254767725630781261, -0.9756744258288569949 ) ) ;
#3856 = CARTESIAN_POINT ( 'NONE',  ( 11.09880415586327729, 0.9071946494991909304, -1.357636687669415476 ) ) ;
#3857 = CARTESIAN_POINT ( 'NONE',  ( -7.385551055234916618, -0.6774181702442796382, -2.219666810165882076 ) ) ;
#3858 = CARTESIAN_POINT ( 'NONE',  ( -3.213514100463737755, -0.1315220583752789163, -0.9129873320730834685 ) ) ;
#3859 = CARTESIAN_POINT ( 'NONE',  ( -14.33582779229999460, 0.3863096406821101003, 0.1761466419104591175 ) ) ;
#3860 = CARTESIAN_POINT ( 'NONE',  ( 14.33582779230001236, 0.6792847505209185233, -0.7715697275389119536 ) ) ;
#3861 = DIRECTION ( 'NONE',  ( 0.000000000000000000, 1.000000000000000000, 0.000000000000000000 ) ) ;
#3862 = CARTESIAN_POINT ( 'NONE',  ( 2.566391064299998082, -0.08672499887308578181, 0.8055217504095636416 ) ) ;
#3863 = CARTESIAN_POINT ( 'NONE',  ( 1.258675872299999776, 0.5988216490963143013, -0.3390101130228563298 ) ) ;
#3864 = CARTESIAN_POINT ( 'NONE',  ( -1.720917918719222062, -0.007519146294354625733, -0.7085648140758943336 ) ) ;
#3865 = CARTESIAN_POINT ( 'NONE',  ( -7.163508350177135497, 1.051582405414573929, 1.776954250172381622 ) ) ;
#3866 = CARTESIAN_POINT ( 'NONE',  ( -11.09442057885043909, 0.8737534325572308136, 1.171281657754245309 ) ) ;
#3867 = CARTESIAN_POINT ( 'NONE',  ( -3.213602307638175226, -0.1154278706066500793, -0.8921929001781432333 ) ) ;
#3868 = CARTESIAN_POINT ( 'NONE',  ( 14.33582779229998039, 0.2912914457028395465, -0.04622180818368296085 ) ) ;
#3869 = CARTESIAN_POINT ( 'NONE',  ( -2.566391064300000302, -0.08672370335521194240, -0.8055199008373742364 ) ) ;
#3870 = CARTESIAN_POINT ( 'NONE',  ( 2.566391064299997637, 0.4128890619982679699, 0.06268758636005203333 ) ) ;
#3871 = CARTESIAN_POINT ( 'NONE',  ( 0.9202531498582472436, 0.5740327904365808420, -0.8116371815121069533 ) ) ;
#3872 = CARTESIAN_POINT ( 'NONE',  ( -2.566391064300002078, 0.7152669224422111283, 0.7598291622711211835 ) ) ;
#3873 = CARTESIAN_POINT ( 'NONE',  ( 11.10167681409778595, 0.9502235356649126885, -1.598172811134100924 ) ) ;
#3874 = CARTESIAN_POINT ( 'NONE',  ( 7.381534894223762855, -0.6146781488017984962, 2.106382746396608496 ) ) ;
#3875 = CARTESIAN_POINT ( 'NONE',  ( 1.720908581422313510, 0.001486660264664716033, 0.7074202122087105415 ) ) ;
#3876 = CARTESIAN_POINT ( 'NONE',  ( 13.82539963753706580, 0.2757296323812710170, -0.03482640652329067193 ) ) ;
#3877 = CARTESIAN_POINT ( 'NONE',  ( -2.566391064300006519, 0.03382574896244976148, -0.6474208337533541302 ) ) ;
#3878 = CARTESIAN_POINT ( 'NONE',  ( 0.7386174579950389729, -0.1392397445097269815, 0.9785090151282151982 ) ) ;
#3879 = EDGE_CURVE ( 'NONE', #2496, #3022, #3610, .T. ) ;
#3880 = CARTESIAN_POINT ( 'NONE',  ( 3.213514813027075423, -0.1297566836856030026, 0.9119717972486647284 ) ) ;
#3881 = CARTESIAN_POINT ( 'NONE',  ( 3.215130954596592261, -0.04726965782316011611, 0.8006703144817938211 ) ) ;
#3882 = CARTESIAN_POINT ( 'NONE',  ( -1.258675872300000442, -0.01885724442426280761, -0.7785359594354689383 ) ) ;
#3883 = CARTESIAN_POINT ( 'NONE',  ( 1.501396147574218257E-16, -0.1697095371458367807, 1.225982992500000091 ) ) ;
#3884 = CARTESIAN_POINT ( 'NONE',  ( 2.566391064299995417, 0.5093839167332008255, -0.1449312979587929207 ) ) ;
#3885 = CARTESIAN_POINT ( 'NONE',  ( -14.33582779229994664, 0.2690425371063445703, 0.01760805840332673594 ) ) ;
#3886 = CARTESIAN_POINT ( 'NONE',  ( -2.566391064299997637, -0.07817784963558853384, -0.7943943504367168007 ) ) ;
#3887 = CARTESIAN_POINT ( 'NONE',  ( -3.219632743142198272, 0.04366231369196243994, -0.6700668538369307647 ) ) ;
#3888 = CARTESIAN_POINT ( 'NONE',  ( 2.566391064299997637, 0.6757472866483793528, -0.8160377745188437393 ) ) ;
#3889 = CARTESIAN_POINT ( 'NONE',  ( 2.262870921883747499, -0.04631486678247298538, 0.7431198634469107223 ) ) ;
#3890 = CARTESIAN_POINT ( 'NONE',  ( 11.07039051539913643, 0.3918404315539564808, -0.2773714435317765070 ) ) ;
#3891 = CARTESIAN_POINT ( 'NONE',  ( 1.643742182887578007, 0.6110232493803304799, -0.5515918334408030921 ) ) ;
#3892 = CARTESIAN_POINT ( 'NONE',  ( -1.258675872299999110, -0.01517627115684574805, -0.7682403999335041256 ) ) ;
#3893 = CARTESIAN_POINT ( 'NONE',  ( -2.566391064299997637, 0.6887142327348920734, 0.09622378694140842903 ) ) ;
#3894 = CARTESIAN_POINT ( 'NONE',  ( -3.234487288991934495, 0.2222137397541779635, -0.3886423683733717382 ) ) ;
#3895 = CARTESIAN_POINT ( 'NONE',  ( -14.33582779230000526, 0.2759573985691594067, 0.02642796223963408617 ) ) ;
#3896 = CARTESIAN_POINT ( 'NONE',  ( 14.33582779229998749, 0.2803532260719836522, -0.03207187138670223453 ) ) ;
#3897 = CARTESIAN_POINT ( 'NONE',  ( 3.286670680321175819, 0.8114371017398251951, -0.4645623192982574756 ) ) ;
#3898 = CARTESIAN_POINT ( 'NONE',  ( 2.147142995550767264, 0.3748583100422634984, -0.08792253261403645825 ) ) ;
#3899 = CARTESIAN_POINT ( 'NONE',  ( 0.8785273675272073923, 0.04999444246926538354, 0.8580399081539598072 ) ) ;
#3900 = CARTESIAN_POINT ( 'NONE',  ( -2.113003090248565918, 0.6835544569253456659, 0.2765019428127395984 ) ) ;
#3901 = ADVANCED_FACE ( 'NONE', ( #649 ), #3685, .F. ) ;
#3902 = ORIENTED_EDGE ( 'NONE', *, *, #920, .T. ) ;
#3903 = CARTESIAN_POINT ( 'NONE',  ( 14.33582779229999815, 0.6214170373370894174, -0.8360756231690340545 ) ) ;
#3904 = CARTESIAN_POINT ( 'NONE',  ( 2.566391064300002078, -0.01264208178198144954, 0.7094057469060384147 ) ) ;
#3905 = CARTESIAN_POINT ( 'NONE',  ( 14.33582779229999637, 0.2715526976610915244, -0.02079117861312559240 ) ) ;
#3906 = CARTESIAN_POINT ( 'NONE',  ( 1.720937527889697449, -0.008729495549264625412, 0.7171292644083343548 ) ) ;
#3907 = CARTESIAN_POINT ( 'NONE',  ( 14.06950494441227306, 0.3455342555687093142, -0.1251888300024971978 ) ) ;
#3908 = CARTESIAN_POINT ( 'NONE',  ( -1.258675872300000442, 0.09429770199556893051, -0.4513966669775287266 ) ) ;
#3909 = CARTESIAN_POINT ( 'NONE',  ( -1.258675872299999554, 0.08385624371550898237, -0.6926416108594900534 ) ) ;
#3910 = CARTESIAN_POINT ( 'NONE',  ( 2.566391064300004299, -0.08072056156929546811, 0.7989730405522128542 ) ) ;
#3911 = CARTESIAN_POINT ( 'NONE',  ( 14.33582779229999815, 0.3279159597904183210, -0.09476584664222401089 ) ) ;
#3912 = CARTESIAN_POINT ( 'NONE',  ( -1.258675872300001775, -0.01910741338141569781, -0.7793020688029613785 ) ) ;
#3913 = CARTESIAN_POINT ( 'NONE',  ( -2.566391064299999858, 0.5581548342536583052, 0.5627759116751749335 ) ) ;
#3914 = CARTESIAN_POINT ( 'NONE',  ( 7.172771019938256387, 0.9433577847022869278, -1.486595434499124568 ) ) ;
#3915 = CARTESIAN_POINT ( 'NONE',  ( -14.33582779230001591, 0.2680991771282686398, 0.01589337524678497565 ) ) ;
#3916 = CARTESIAN_POINT ( 'NONE',  ( -2.566391064299992752, -0.06936689973508378126, -0.7831187099942045204 ) ) ;
#3917 = CARTESIAN_POINT ( 'NONE',  ( -3.274152858963956358, 0.5415410364639769991, 0.2336491490013110628 ) ) ;
#3918 = CARTESIAN_POINT ( 'NONE',  ( 11.10147844624075297, 0.9967068102927231221, -1.567991413246081933 ) ) ;
#3919 = CARTESIAN_POINT ( 'NONE',  ( 0.7434545231798547205, -0.1362288060422177371, 0.9748525489055733795 ) ) ;
#3920 = CARTESIAN_POINT ( 'NONE',  ( 11.07036236497410897, 0.3846529797089617286, -0.2700701148968268628 ) ) ;
#3921 = CARTESIAN_POINT ( 'NONE',  ( 1.258675872299999776, 0.5861431894677709975, -0.4604400150578922823 ) ) ;
#3922 = CARTESIAN_POINT ( 'NONE',  ( -2.262851121456821435, -0.04171198757903119697, -0.7352212739139111219 ) ) ;
#3923 = CARTESIAN_POINT ( 'NONE',  ( 13.68224000596371148, 0.6853898030794621787, -0.9825324494280712750 ) ) ;
#3924 = CARTESIAN_POINT ( 'NONE',  ( -3.295793650833282129, 0.8310155856067948932, 0.6816581468908247121 ) ) ;
#3925 = CARTESIAN_POINT ( 'NONE',  ( -3.213570287339955645, -0.1147255918927087698, -0.8962438412498742180 ) ) ;
#3926 = CARTESIAN_POINT ( 'NONE',  ( -7.385187210171984873, -0.6755947475234719279, -2.205860320492727844 ) ) ;
#3927 = CARTESIAN_POINT ( 'NONE',  ( 14.33582779229999637, 0.2792553111014287048, -0.03066007528130207035 ) ) ;
#3928 = CARTESIAN_POINT ( 'NONE',  ( 3.293040172460534265, 0.8294104849405894431, -0.6103453543429300243 ) ) ;
#3929 = CARTESIAN_POINT ( 'NONE',  ( 1.258675872299999110, 0.08614248914780600619, 0.4769916577875130681 ) ) ;
#3930 = CARTESIAN_POINT ( 'NONE',  ( 0.9934327786794742154, -0.007412953907884477570, -0.7246778445896900900 ) ) ;
#3931 = CARTESIAN_POINT ( 'NONE',  ( -2.566391064299995861, 0.7149696076764351371, 0.1523199111451063736 ) ) ;
#3932 = B_SPLINE_CURVE_WITH_KNOTS ( 'NONE', 3,
 ( #4593, #1970, #4189, #2853, #2799, #1131, #167, #269 ),
 .UNSPECIFIED., .F., .F.,
 ( 4, 1, 1, 1, 1, 4 ),
 ( 0.4973458479553617972, 0.5033801329370921618, 0.5677792671221445486, 0.6979619998980011175, 0.9022848395432820912, 0.9453999999999466164 ),
 .UNSPECIFIED. ) ;
#3933 = CARTESIAN_POINT ( 'NONE',  ( -11.10133159784520984, 0.9279528525212867862, 1.526641285602304610 ) ) ;
#3934 = CARTESIAN_POINT ( 'NONE',  ( -3.217875189050350748, 0.01365021210878425255, -0.7141588902839017816 ) ) ;
#3935 = VERTEX_POINT ( 'NONE', #1079 ) ;
#3936 = CARTESIAN_POINT ( 'NONE',  ( -14.18003476748963188, 0.5715764085644713388, 0.3458680204324413032 ) ) ;
#3937 = CARTESIAN_POINT ( 'NONE',  ( 14.33582779229999460, 0.3021531257047850860, -0.06043104887795000546 ) ) ;
#3938 = CARTESIAN_POINT ( 'NONE',  ( 14.33582779229999637, 0.2707256833639803406, -0.01973412840305474591 ) ) ;
#3939 = CARTESIAN_POINT ( 'NONE',  ( 2.566391064299995861, -0.01622356744675454779, 0.7347961715825491735 ) ) ;
#3940 = CARTESIAN_POINT ( 'NONE',  ( 14.18013440098216194, 0.4959022728886257614, -0.3515862390379649316 ) ) ;
#3941 = CARTESIAN_POINT ( 'NONE',  ( -2.217708322828244150, 0.2190689248737767991, -0.2870107752773835008 ) ) ;
#3942 = CARTESIAN_POINT ( 'NONE',  ( -1.258675872299999776, 0.1222172552842987481, -0.6598393735156037332 ) ) ;
#3943 = CARTESIAN_POINT ( 'NONE',  ( 2.566391064299997637, -0.04294509975682392344, 0.7608639358271664932 ) ) ;
#3944 = CARTESIAN_POINT ( 'NONE',  ( 7.382190442198355740, -0.6238807652494778866, 2.122044976681687789 ) ) ;
#3945 = CARTESIAN_POINT ( 'NONE',  ( -1.720938196428217104, -0.01201401407526934799, -0.7176611657781161169 ) ) ;
#3946 = CARTESIAN_POINT ( 'NONE',  ( 13.70284689982779369, 0.6875403759788835112, -0.9794648980774743885 ) ) ;
#3947 = CARTESIAN_POINT ( 'NONE',  ( 11.10113938602592576, 0.9249378871625361098, -1.506793257467181402 ) ) ;
#3948 = CARTESIAN_POINT ( 'NONE',  ( -7.386177491354573910, -0.7158940042271014770, -2.263307923043521797 ) ) ;
#3949 = CARTESIAN_POINT ( 'NONE',  ( -11.07037344107934196, 0.3841997245579408249, 0.2727526543090741384 ) ) ;
#3950 = CARTESIAN_POINT ( 'NONE',  ( -7.253879622763348856, 0.4308234729668297680, 0.04737182955632728010 ) ) ;
#3951 = CARTESIAN_POINT ( 'NONE',  ( 14.11890027165700623, 0.7284478141877915869, -0.06231167250834651616 ) ) ;
#3952 = CARTESIAN_POINT ( 'NONE',  ( 7.386177484714094632, -0.7158058547716379394, 2.263161168144958602 ) ) ;
#3953 = CARTESIAN_POINT ( 'NONE',  ( 1.697743707369113064, 0.4446398731333695009, 0.2622338579112120649 ) ) ;
#3954 = CARTESIAN_POINT ( 'NONE',  ( -1.258675872299999776, -0.01546637664830886882, -0.7690353170305096464 ) ) ;
#3955 = CARTESIAN_POINT ( 'NONE',  ( -7.214957285190179093, 0.8631016971736894527, 0.6956195575650636620 ) ) ;
#3956 = CARTESIAN_POINT ( 'NONE',  ( -11.07036236497410897, 0.3846529797089617286, 0.2700701148968268628 ) ) ;
#3957 = CARTESIAN_POINT ( 'NONE',  ( -11.07050966162478645, 0.4021333900153140628, 0.2965046104551730677 ) ) ;
#3958 = CARTESIAN_POINT ( 'NONE',  ( 11.07045890046160608, 0.3968437741065614643, -0.2894214485829111339 ) ) ;
#3959 = CARTESIAN_POINT ( 'NONE',  ( 2.566391064299997637, 0.7659602516713414078, -0.5745883309020156648 ) ) ;
#3960 = CARTESIAN_POINT ( 'NONE',  ( 1.258675872299999776, 0.1858313873905099167, -0.7627149881935150200 ) ) ;
#3961 = CARTESIAN_POINT ( 'NONE',  ( 1.064194388456919826, 0.6596375939953080803, -0.6111709203707419436 ) ) ;
#3962 = EDGE_CURVE ( 'NONE', #1426, #166, #3932, .T. ) ;
#3963 = CARTESIAN_POINT ( 'NONE',  ( -2.566391064300000302, 0.7714915662815011732, 0.5209596597497412329 ) ) ;
#3964 = ORIENTED_EDGE ( 'NONE', *, *, #3879, .F. ) ;
#3965 = CARTESIAN_POINT ( 'NONE',  ( -2.566391064299999858, 0.6174570415925533240, 0.8331329886902907322 ) ) ;
#3966 = CARTESIAN_POINT ( 'NONE',  ( -2.566391064300000302, 0.2157200755080715127, -0.3890557640026759412 ) ) ;
#3967 = VERTEX_POINT ( 'NONE', #2878 ) ;
#3968 = CARTESIAN_POINT ( 'NONE',  ( -14.07394568310556338, 0.3731737989640730446, 0.1290910264892785042 ) ) ;
#3969 = CARTESIAN_POINT ( 'NONE',  ( 3.215397473195360512, -0.03989307114934553117, 0.7904249929017733711 ) ) ;
#3970 = CARTESIAN_POINT ( 'NONE',  ( 3.213520868381201101, -0.1288874195384940857, 0.9095627769929605089 ) ) ;
#3971 = CARTESIAN_POINT ( 'NONE',  ( 2.250107307227498854, 0.1756347580114971663, 0.5341732513596418874 ) ) ;
#3972 = CARTESIAN_POINT ( 'NONE',  ( 13.83616734231845058, 0.2769641683722536274, -0.03608580395927070417 ) ) ;
#3973 = CARTESIAN_POINT ( 'NONE',  ( -2.566391064299997637, 0.1504432405963216646, -0.4849694231464869998 ) ) ;
#3974 = CARTESIAN_POINT ( 'NONE',  ( 1.015242849315658002, 0.6304667956156246866, -0.6890133585925344306 ) ) ;
#3975 = CARTESIAN_POINT ( 'NONE',  ( 11.07034155099214168, 0.3720229061789550040, -0.2563954205993694835 ) ) ;
#3976 = CARTESIAN_POINT ( 'NONE',  ( 7.381534894223762855, -0.6146781488017984962, 2.106382746396608496 ) ) ;
#3977 = CARTESIAN_POINT ( 'NONE',  ( -3.304098318535813483, 0.6993873528796313854, 1.016975075516608484 ) ) ;
#3978 = CARTESIAN_POINT ( 'NONE',  ( -1.258675872299999998, 0.3877643394081785599, 0.7736089910525834057 ) ) ;
#3979 = CARTESIAN_POINT ( 'NONE',  ( -3.213510999724884964, -0.1333035697289662591, -0.9156167140751768629 ) ) ;
#3980 = CARTESIAN_POINT ( 'NONE',  ( -14.33582779229999460, 0.2768740373735862348, 0.02760311232101905765 ) ) ;
#3981 = CARTESIAN_POINT ( 'NONE',  ( 14.33582779229999815, 0.6682713623187664931, -0.4944632358677845674 ) ) ;
#3982 = CARTESIAN_POINT ( 'NONE',  ( -11.08024854321998198, 0.6625541294862579145, 0.7069376662773985132 ) ) ;
#3983 = CARTESIAN_POINT ( 'NONE',  ( -0.7376361199289190873, -0.1382729668552167557, -0.9792483099170830041 ) ) ;
#3984 = CARTESIAN_POINT ( 'NONE',  ( 2.566391064299999858, -0.08682642287692476923, 0.8057586563822590753 ) ) ;
#3985 = CARTESIAN_POINT ( 'NONE',  ( 1.712719922660011163, 0.2591087511569095114, 0.4731966563260746605 ) ) ;
#3986 = CARTESIAN_POINT ( 'NONE',  ( -1.720933357162332644, -0.01051519938353469297, -0.7146110971603082396 ) ) ;
#3987 = CARTESIAN_POINT ( 'NONE',  ( 1.258675872299999776, 0.2642715263411890558, -0.7987794847395497388 ) ) ;
#3988 = CARTESIAN_POINT ( 'NONE',  ( -14.33582779230000703, 0.6880568958994336404, 0.5540901755068459167 ) ) ;
#3989 = CARTESIAN_POINT ( 'NONE',  ( -7.386130104904544247, -0.7057340605209289075, -2.251924832870631388 ) ) ;
#3990 = CARTESIAN_POINT ( 'NONE',  ( -11.07054117396364745, 0.4050287593794559271, 0.3004092968502320438 ) ) ;
#3991 = CARTESIAN_POINT ( 'NONE',  ( 3.303524849991688495, 0.7705430606014315176, -0.9720133870238437668 ) ) ;
#3992 = CARTESIAN_POINT ( 'NONE',  ( 1.258675872300002885, 0.1513198558809883409, -0.5629190690946400677 ) ) ;
#3993 = CARTESIAN_POINT ( 'NONE',  ( 13.68764248668499661, 0.6968424378246179662, -0.9813557944631271512 ) ) ;
#3994 = CARTESIAN_POINT ( 'NONE',  ( -2.566391064300009628, 0.5910220466662325922, -0.06500370638402881707 ) ) ;
#3995 = ORIENTED_EDGE ( 'NONE', *, *, #5321, .F. ) ;
#3996 = CARTESIAN_POINT ( 'NONE',  ( -3.304098318535813483, 0.6956794388409844876, 1.014223726816295468 ) ) ;
#3997 = CARTESIAN_POINT ( 'NONE',  ( -7.355224577198460345, -0.3486373479473595105, -1.607440693633111595 ) ) ;
#3998 = ORIENTED_EDGE ( 'NONE', *, *, #4148, .T. ) ;
#3999 = CARTESIAN_POINT ( 'NONE',  ( -14.07267000445344074, 0.7239595681132727778, 0.7186262097291477025 ) ) ;
#4000 = CARTESIAN_POINT ( 'NONE',  ( 11.07034330887613649, 0.3739309848295874761, -0.2594863298553146680 ) ) ;
#4001 = CARTESIAN_POINT ( 'NONE',  ( 7.386161658691488441, -0.7115190107149180765, 2.257393063034827563 ) ) ;
#4002 = CARTESIAN_POINT ( 'NONE',  ( 1.258675872299999554, -0.002941823702466412390, 0.7349002700471695126 ) ) ;
#4003 = CARTESIAN_POINT ( 'NONE',  ( -14.12143876995167702, 0.6108772249738495530, 0.6348827355649383497 ) ) ;
#4004 = CARTESIAN_POINT ( 'NONE',  ( -2.138215196047041911, 0.3875875162890404790, 0.1368447704686382438 ) ) ;
#4005 = CARTESIAN_POINT ( 'NONE',  ( 0.7957529479449909626, 0.09504494060570244096, -0.9328873578202769856 ) ) ;
#4006 = CARTESIAN_POINT ( 'NONE',  ( 3.213510546927415668, -0.1348335751786384207, 0.9166429135454431387 ) ) ;
#4007 = CARTESIAN_POINT ( 'NONE',  ( 7.376613503270243122, -0.5545360133220003096, 2.000098920253904566 ) ) ;
#4008 = CARTESIAN_POINT ( 'NONE',  ( 13.70018043049269529, 0.6917967560222235690, -0.9799168029309071049 ) ) ;
#4009 = ADVANCED_FACE ( 'NONE', ( #1915 ), #624, .T. ) ;
#4010 = CARTESIAN_POINT ( 'NONE',  ( -1.042652361945180850, -0.02694323924675183154, -0.6535839991453912257 ) ) ;
#4011 = CARTESIAN_POINT ( 'NONE',  ( -3.213516422790840377, -0.1304801191270479610, -0.9116221407555562539 ) ) ;
#4012 = CARTESIAN_POINT ( 'NONE',  ( -11.07040097095111086, 0.3891923122878427899, 0.2792895264356445861 ) ) ;
#4013 = CARTESIAN_POINT ( 'NONE',  ( 3.271410438737288651, 0.7107443250068208318, -0.1758090811018144239 ) ) ;
#4014 = CARTESIAN_POINT ( 'NONE',  ( -11.09785170326625980, 0.9017222400703145402, 1.312220380203067638 ) ) ;
#4015 = CARTESIAN_POINT ( 'NONE',  ( -13.69262918656569816, 0.6864721404626967782, 0.9811965640497586350 ) ) ;
#4016 = CARTESIAN_POINT ( 'NONE',  ( 3.213510999724884964, -0.1333035697289662591, 0.9156167140751768629 ) ) ;
#4017 = CARTESIAN_POINT ( 'NONE',  ( -2.566391064300004299, -0.06078936597134908942, -0.7721063390946407701 ) ) ;
#4018 = CARTESIAN_POINT ( 'NONE',  ( 2.566391064299999858, 0.6039488199271454416, -0.8078606111973953841 ) ) ;
#4019 = AXIS2_PLACEMENT_3D ( 'NONE', #1410, #62, #1808 ) ;
#4020 = CARTESIAN_POINT ( 'NONE',  ( -14.33582779229998927, 0.6347916602234332517, 0.4292617135157200670 ) ) ;
#4021 = CARTESIAN_POINT ( 'NONE',  ( -3.217385866086526214, 0.04360713746229422788, -0.7326726688612804628 ) ) ;
#4022 = CARTESIAN_POINT ( 'NONE',  ( -14.33582779229999637, 0.2956452284763917970, 0.05189848312604499608 ) ) ;
#4023 = CARTESIAN_POINT ( 'NONE',  ( 14.33582779229999815, 0.5485132923433395646, -0.3108384968621696332 ) ) ;
#4024 = CARTESIAN_POINT ( 'NONE',  ( 2.566391064299996749, 0.5824041390861597334, -0.6724580304205488579 ) ) ;
#4025 = CARTESIAN_POINT ( 'NONE',  ( 13.99844075059173143, 0.7234226296665403622, -0.8067433917955234568 ) ) ;
#4026 = CARTESIAN_POINT ( 'NONE',  ( -2.201209749345508726, 0.4529789650109332100, -0.2333717200725356211 ) ) ;
#4027 = ORIENTED_EDGE ( 'NONE', *, *, #27, .F. ) ;
#4028 = CARTESIAN_POINT ( 'NONE',  ( -14.33582779229999815, 0.6127038097435126840, 0.8219083565543234826 ) ) ;
#4029 = CARTESIAN_POINT ( 'NONE',  ( -7.350111090501270539, -0.3043977099262243913, -1.519600375112942992 ) ) ;
#4030 = EDGE_LOOP ( 'NONE', ( #4542, #5340, #3142, #3634, #3604, #567, #937, #18, #1428, #48 ) ) ;
#4031 = CARTESIAN_POINT ( 'NONE',  ( 7.386169752707673730, -0.7129496373007785381, 2.259210219947851428 ) ) ;
#4032 = CARTESIAN_POINT ( 'NONE',  ( 14.33582779230000703, 0.2710022508974705424, -0.02008681427405124495 ) ) ;
#4033 = CARTESIAN_POINT ( 'NONE',  ( 1.258675872299999554, -0.01226683537943104238, 0.7602974240711903864 ) ) ;
#4034 = CARTESIAN_POINT ( 'NONE',  ( -1.258675872299999776, -0.02011741026279027789, -0.7826106424216403568 ) ) ;
#4035 = CARTESIAN_POINT ( 'NONE',  ( -1.697743707369028687, 0.2143290558918651278, -0.2006445300169828194 ) ) ;
#4036 = CARTESIAN_POINT ( 'NONE',  ( 11.07417952674707884, 0.5378914383674939792, -0.4967191095273477131 ) ) ;
#4037 = DIRECTION ( 'NONE',  ( -0.000000000000000000, -1.000000000000000000, -0.000000000000000000 ) ) ;
#4038 = CARTESIAN_POINT ( 'NONE',  ( 1.720928465654510076, -0.009392450981463008192, 0.7123406152300877370 ) ) ;
#4039 = CARTESIAN_POINT ( 'NONE',  ( -0.8662225730892142428, -0.09489809195733570069, -0.8693191167303084832 ) ) ;
#4040 = CARTESIAN_POINT ( 'NONE',  ( -14.33582779230000703, 0.2710022508974705424, 0.02008681427405124495 ) ) ;
#4041 = CARTESIAN_POINT ( 'NONE',  ( -2.566391064300000302, -0.07542361607356125319, -0.7908715900412356392 ) ) ;
#4042 = CARTESIAN_POINT ( 'NONE',  ( 11.10033611275137666, 1.028752940137056093, -1.464851391460452179 ) ) ;
#4043 = CARTESIAN_POINT ( 'NONE',  ( 3.213738362521123548, -0.1035167048965728587, 0.8766325294920085387 ) ) ;
#4044 = CARTESIAN_POINT ( 'NONE',  ( -2.566391064300005187, 0.5747548299926726889, 0.5571324934245466265 ) ) ;
#4045 = CARTESIAN_POINT ( 'NONE',  ( -0.8662225730892142428, -0.09489809195733570069, -0.8693191167303084832 ) ) ;
#4046 = CARTESIAN_POINT ( 'NONE',  ( 3.213511581603802014, -0.1333813242999122850, 0.9151358473950220729 ) ) ;
#4047 = CARTESIAN_POINT ( 'NONE',  ( -2.262312306633408543, -0.01794825805892257681, -0.6977147535337437922 ) ) ;
#4048 = CARTESIAN_POINT ( 'NONE',  ( 3.304087260389736880, 0.6900419615643026416, -1.006621810258292005 ) ) ;
#4049 = CARTESIAN_POINT ( 'NONE',  ( -3.246197865685658712, 0.4629851819445303107, -0.2210561488527467422 ) ) ;
#4050 = CARTESIAN_POINT ( 'NONE',  ( -3.214507983570439986, -0.04799007203599751914, -0.8288426882158530518 ) ) ;
#4051 = CARTESIAN_POINT ( 'NONE',  ( -2.566391064299999858, -0.03433701248552972762, -0.7378501586674132140 ) ) ;
#4052 = CARTESIAN_POINT ( 'NONE',  ( 11.07636988083695506, 0.6480747758181537588, -0.5684391891153282028 ) ) ;
#4053 = CARTESIAN_POINT ( 'NONE',  ( 1.258675872300002219, 0.1752226890847566609, -0.4674444371306771817 ) ) ;
#4054 = CARTESIAN_POINT ( 'NONE',  ( 0.7376361199289190873, -0.1382729668552167557, 0.9792483099170830041 ) ) ;
#4055 = CARTESIAN_POINT ( 'NONE',  ( -2.244003668300110110, 0.2257262554712612668, -0.4858512163749310053 ) ) ;
#4056 = ORIENTED_EDGE ( 'NONE', *, *, #3879, .T. ) ;
#4057 = CARTESIAN_POINT ( 'NONE',  ( -3.298215384823771412, 0.6445697153096110465, 0.7246340782151236004 ) ) ;
#4058 = ORIENTED_EDGE ( 'NONE', *, *, #2722, .F. ) ;
#4059 =( CONVERSION_BASED_UNIT ( 'INCH', #3574 ) LENGTH_UNIT ( ) NAMED_UNIT ( #2183 ) );
#4060 = CARTESIAN_POINT ( 'NONE',  ( 3.213515197402938117, -0.1310474206389299900, 0.9123204835640895682 ) ) ;
#4061 = CARTESIAN_POINT ( 'NONE',  ( -2.262870433962573813, -0.04557172598877334835, -0.7422568733846153233 ) ) ;
#4062 = CARTESIAN_POINT ( 'NONE',  ( 2.566391064299997637, -0.07169840415697685543, 0.7861050283667490035 ) ) ;
#4063 = CARTESIAN_POINT ( 'NONE',  ( -14.17256273323932980, 0.5647630602640379971, 0.4842781237720198972 ) ) ;
#4064 = AXIS2_PLACEMENT_3D ( 'NONE', #4204, #1655, #3348 ) ;
#4065 = CARTESIAN_POINT ( 'NONE',  ( -2.566391064300001190, 0.5853565936338432918, 0.7007931380785186182 ) ) ;
#4066 = B_SPLINE_SURFACE_WITH_KNOTS ( 'NONE', 3, 1, ( 
 ( #92, #4070 ),
 ( #1838, #3156 ),
 ( #980, #4465 ),
 ( #148, #3552 ),
 ( #607, #1928 ),
 ( #4039, #948 ),
 ( #1898, #3669 ),
 ( #5413, #2695 ),
 ( #4010, #4436 ),
 ( #1064, #517 ),
 ( #486, #3745 ),
 ( #5005, #5082 ),
 ( #1954, #4552 ),
 ( #660, #2057 ),
 ( #4628, #1115 ),
 ( #2003, #3371 ),
 ( #5490, #5542 ),
 ( #2387, #5465 ),
 ( #2862, #279 ),
 ( #3769, #4578 ),
 ( #635, #709 ),
 ( #1519, #4602 ),
 ( #1621, #5516 ),
 ( #1192, #204 ),
 ( #4124, #3695 ),
 ( #5440, #2460 ),
 ( #1979, #305 ),
 ( #1166, #4226 ),
 ( #1595, #5111 ),
 ( #2028, #3797 ),
 ( #1570, #3318 ),
 ( #228, #4149 ),
 ( #3720, #1544 ),
 ( #254, #3267 ),
 ( #4653, #2913 ),
 ( #3293, #1091 ),
 ( #4175, #5032 ),
 ( #4200, #2837 ),
 ( #2411, #685 ),
 ( #736, #5058 ),
 ( #2435, #1141 ),
 ( #2888, #2486 ),
 ( #3344, #2940 ),
 ( #4706, #450 ),
 ( #3028, #5165 ),
 ( #387, #1770 ),
 ( #2139, #3942 ),
 ( #763, #3851 ),
 ( #1249, #4336 ),
 ( #2168, #2969 ),
 ( #4680, #4763 ),
 ( #5569, #2999 ),
 ( #2513, #3909 ) ),
 .UNSPECIFIED., .T., .F., .F.,
 ( 4, 1, 1, 1, 1, 1, 1, 1, 1, 1, 1, 1, 1, 1, 1, 1, 1, 1, 1, 1, 1, 1, 1, 1, 1, 1, 1, 1, 1, 1, 1, 1, 1, 1, 1, 1, 1, 1, 1, 1, 1, 1, 1, 1, 1, 1, 1, 1, 1, 1, 4 ),
 ( 2, 2 ),
 ( 0.000000000000000000, 0.0009071869730225001760, 0.003145484593944036789, 0.01215735582497168288, 0.04415362370214004351, 0.04482848395437934869, 0.05460000000005107296, 0.08599275744368251040, 0.1269134837486644019, 0.1619882218343359215, 0.1931279031202673968, 0.2513001235953618018, 0.2793494352173847561, 0.2812500199164993386, 0.2966369751624661211, 0.3121713086411881388, 0.3433343383762111900, 0.3745312319175069238, 0.4059937719891284491, 0.4213448468546254766, 0.4370349827036108525, 0.4462111649800391544, 0.4534738142720254883, 0.4700034780492290398, 0.4758594900501359470, 0.4857738231316721667, 0.5005408858997337784, 0.5038025262993266473, 0.5314428736485379279, 0.5579801329371434360, 0.5664262989871529097, 0.5841051283058658061, 0.6011114366527811059, 0.6223792671221958228, 0.6330776538510651807, 0.6629671682290770862, 0.6919931874275774275, 0.7219150413458930160, 0.7525619998980525027, 0.7548643554379764753, 0.7896017132647896730, 0.8324221744713882210, 0.9131801708613548341, 0.9568848395433335874, 0.9756529348422963155, 0.9936599592682702209, 0.9983556958261430303, 0.9995219610753197648, 0.9996941019960269292, 0.9998254599814010435, 1.000000000000000000 ),
 ( 0.000000000000000000, 1.000000000000000000 ),
 .UNSPECIFIED. ) ;
#4067 = CARTESIAN_POINT ( 'NONE',  ( 2.566391064300000302, 0.2157200755080715127, 0.3890557640026759412 ) ) ;
#4068 = CARTESIAN_POINT ( 'NONE',  ( 13.69946462558301903, 0.6869826343619065412, -0.9800381153002248880 ) ) ;
#4069 = CARTESIAN_POINT ( 'NONE',  ( 1.258675872299998666, -0.01662124729832657397, 0.7722137129706959646 ) ) ;
#4070 = CARTESIAN_POINT ( 'NONE',  ( -1.258675872299999554, 0.08385624371550898237, -0.6926416108594900534 ) ) ;
#4071 = CARTESIAN_POINT ( 'NONE',  ( -2.566391064299997637, -0.07817784963558853384, -0.7943943504367168007 ) ) ;
#4072 = CARTESIAN_POINT ( 'NONE',  ( -11.07057528618249975, 0.4079309788149474425, 0.3043419691009077166 ) ) ;
#4073 = CARTESIAN_POINT ( 'NONE',  ( 7.172893417226204882, 1.084134993696820315, -1.510526404543050205 ) ) ;
#4074 = CARTESIAN_POINT ( 'NONE',  ( 14.33582779230000526, 0.2783397887452312425, -0.02948404386641100342 ) ) ;
#4075 = CARTESIAN_POINT ( 'NONE',  ( -11.10167681409778595, 0.9477751058641109561, 1.596392582430129714 ) ) ;
#4076 = CARTESIAN_POINT ( 'NONE',  ( 0.000000000000000000, 0.8110768568541631973, -1.225982992500000091 ) ) ;
#4077 = CARTESIAN_POINT ( 'NONE',  ( 2.566391064299999858, -0.08320413930311053308, 0.8007635174014887669 ) ) ;
#4078 = CARTESIAN_POINT ( 'NONE',  ( -1.258675872299999554, -0.002941823702466412390, -0.7349002700471695126 ) ) ;
#4079 = CARTESIAN_POINT ( 'NONE',  ( 2.566391064300002522, 0.1513337238122320905, 0.4836864606480205109 ) ) ;
#4080 = CARTESIAN_POINT ( 'NONE',  ( -2.566391064299997637, 0.3527520145616189762, -0.3570290812360865651 ) ) ;
#4081 = CARTESIAN_POINT ( 'NONE',  ( -7.386177491354573910, -0.7158940042271014770, -2.263307923043521797 ) ) ;
#4082 = CARTESIAN_POINT ( 'NONE',  ( -14.33582779229998927, 0.3321675622482811452, 0.1005200249344151281 ) ) ;
#4083 = CARTESIAN_POINT ( 'NONE',  ( 2.566391064299997637, 0.3527520145616189762, 0.3570290812360865651 ) ) ;
#4084 = CARTESIAN_POINT ( 'NONE',  ( 2.566391064300001190, 0.4720367988665076231, -0.05767578688958297645 ) ) ;
#4085 = CARTESIAN_POINT ( 'NONE',  ( 0.7371909244550536311, -0.1367866873732009048, 0.9795835021206161786 ) ) ;
#4086 = CARTESIAN_POINT ( 'NONE',  ( -1.715379796020039205, 0.2090241975508013716, -0.5207369636268122104 ) ) ;
#4087 = ORIENTED_EDGE ( 'NONE', *, *, #862, .F. ) ;
#4088 = CARTESIAN_POINT ( 'NONE',  ( 1.258675872299999776, 0.08385624553148883498, 0.6926416129916971309 ) ) ;
#4089 = ORIENTED_EDGE ( 'NONE', *, *, #1623, .T. ) ;
#4090 = CARTESIAN_POINT ( 'NONE',  ( 11.07034587167882833, 0.3757015048978261107, -0.2617520269094945617 ) ) ;
#4091 = CARTESIAN_POINT ( 'NONE',  ( -2.261511083126944488, 0.02385735868679636495, -0.6757585957310706659 ) ) ;
#4092 = CARTESIAN_POINT ( 'NONE',  ( 1.720867218470572668, -0.001771662176928591155, 0.6970050072676310382 ) ) ;
#4093 = CARTESIAN_POINT ( 'NONE',  ( -14.00824022507571520, 0.6307565180742006339, 0.7967703131849229736 ) ) ;
#4094 = CARTESIAN_POINT ( 'NONE',  ( -1.641512869232842675, 0.2651247290716048366, 0.5945462512734988048 ) ) ;
#4095 = EDGE_CURVE ( 'NONE', #166, #475, #860, .T. ) ;
#4096 = CARTESIAN_POINT ( 'NONE',  ( 11.07636988083693375, 0.5878047916772607406, -0.5778493833193660834 ) ) ;
#4097 = CARTESIAN_POINT ( 'NONE',  ( -14.33582779229998039, 0.6936435108175201814, 0.7051170685292814655 ) ) ;
#4098 = CARTESIAN_POINT ( 'NONE',  ( 2.566391064299999858, -0.07770763778892791906, 0.7937925429329145688 ) ) ;
#4099 = DIRECTION ( 'NONE',  ( 0.000000000000000000, -0.000000000000000000, 1.000000000000000000 ) ) ;
#4100 = CARTESIAN_POINT ( 'NONE',  ( -14.33582779229997151, 0.2872895322974885479, 0.04102666929185287692 ) ) ;
#4101 = CARTESIAN_POINT ( 'NONE',  ( 7.183786775855090845, 1.040884418160560099, -1.277481143211891768 ) ) ;
#4102 = CARTESIAN_POINT ( 'NONE',  ( 11.07037344107934196, 0.3841997245579408249, -0.2727526543090741384 ) ) ;
#4103 = CARTESIAN_POINT ( 'NONE',  ( -2.566391064299999858, 0.6039488199271454416, 0.8078606111973953841 ) ) ;
#4104 = CARTESIAN_POINT ( 'NONE',  ( -0.9202531498582472436, 0.5740327904365808420, 0.8116371815121069533 ) ) ;
#4105 = CARTESIAN_POINT ( 'NONE',  ( -1.720667485819253439, 0.01039692141667864465, -0.6724404558562958600 ) ) ;
#4106 = CARTESIAN_POINT ( 'NONE',  ( 3.234487288991934495, 0.2222137397541779635, 0.3886423683733717382 ) ) ;
#4107 = CARTESIAN_POINT ( 'NONE',  ( -2.566391064299994973, 0.1877132172139852340, -0.5324572152803194180 ) ) ;
#4108 = CARTESIAN_POINT ( 'NONE',  ( -7.386177444877716880, -0.7156207175618535254, -2.263009602503970985 ) ) ;
#4109 = CARTESIAN_POINT ( 'NONE',  ( -11.07111453715869942, 0.4402809798485501913, 0.3493700738672048667 ) ) ;
#4110 = CARTESIAN_POINT ( 'NONE',  ( 3.238236000511458546, 0.3711184067723679592, 0.3442432785423382713 ) ) ;
#4111 = CARTESIAN_POINT ( 'NONE',  ( 1.258675872299999776, 0.3784527088407946271, -0.7774614931507328741 ) ) ;
#4112 = CARTESIAN_POINT ( 'NONE',  ( 14.18003476748963188, 0.5715764085644713388, -0.3458680204324413032 ) ) ;
#4113 = CARTESIAN_POINT ( 'NONE',  ( -0.8031577666839507801, -0.04413801566226371181, -0.9271452465197009829 ) ) ;
#4114 = EDGE_LOOP ( 'NONE', ( #2256, #443 ) ) ;
#4115 = SHAPE_DEFINITION_REPRESENTATION ( #1963, #2090 ) ;
#4116 = CARTESIAN_POINT ( 'NONE',  ( 3.213514100463737755, -0.1315220583752789163, 0.9129873320730834685 ) ) ;
#4117 = CARTESIAN_POINT ( 'NONE',  ( -2.566391064299998970, -0.08532816737578685640, -0.8040493688205244682 ) ) ;
#4118 = CARTESIAN_POINT ( 'NONE',  ( 1.258675872299998444, 0.007474766215792833998, 0.7063279034842602222 ) ) ;
#4119 = CARTESIAN_POINT ( 'NONE',  ( -13.71563426151441512, 0.6801698262606945544, 0.9740111156114189539 ) ) ;
#4120 = CARTESIAN_POINT ( 'NONE',  ( -1.258675872299999554, 0.2356762540161818076, 0.7836271850150856588 ) ) ;
#4121 = CARTESIAN_POINT ( 'NONE',  ( 3.251726938723300986, 0.3756177769156398560, 0.1177774179020815160 ) ) ;
#4122 = CARTESIAN_POINT ( 'NONE',  ( -2.566391064300002967, 0.7044045885559632181, 0.7787421838138853802 ) ) ;
#4123 = CARTESIAN_POINT ( 'NONE',  ( 2.262831038812125772, -0.03942066914645901005, 0.7316036743234796136 ) ) ;
#4124 = CARTESIAN_POINT ( 'NONE',  ( -0.7444503870787636535, 0.2441809847860766935, 0.9740787610724760404 ) ) ;
#4125 = CARTESIAN_POINT ( 'NONE',  ( -7.383975190152503032, -0.6517638639228394704, -2.168267152397125752 ) ) ;
#4126 = CARTESIAN_POINT ( 'NONE',  ( 14.33582779230000703, 0.4444049877457958986, -0.1932852663062803733 ) ) ;
#4127 = CARTESIAN_POINT ( 'NONE',  ( 14.33582779229998749, 0.2740310107649542304, -0.02396128660550602210 ) ) ;
#4128 = CARTESIAN_POINT ( 'NONE',  ( -2.566391064299999858, 0.6174570415925533240, 0.8331329886902907322 ) ) ;
#4129 = CARTESIAN_POINT ( 'NONE',  ( -0.9737211400023397800, 0.6062517808110060580, 0.7458492458201001485 ) ) ;
#4130 = CARTESIAN_POINT ( 'NONE',  ( 2.566391064300002967, 0.2779933088318996548, 0.2930249154348122387 ) ) ;
#4131 = CARTESIAN_POINT ( 'NONE',  ( -3.234487288991935827, 0.3245179231315603596, -0.4040374584105553835 ) ) ;
#4132 = CARTESIAN_POINT ( 'NONE',  ( -7.386177484714094632, -0.7158058547716379394, -2.263161168144958602 ) ) ;
#4133 = CARTESIAN_POINT ( 'NONE',  ( -3.215130954596592261, -0.04726965782316011611, -0.8006703144817938211 ) ) ;
#4134 = CARTESIAN_POINT ( 'NONE',  ( -1.079654371959909431, 0.006215731867661123018, 0.5880858279589605830 ) ) ;
#4135 = CARTESIAN_POINT ( 'NONE',  ( -7.343311241169489634, -0.1710837889464003891, -1.416502125670223267 ) ) ;
#4136 = CARTESIAN_POINT ( 'NONE',  ( 14.33582779229998749, 0.5747217863438648378, -0.3435055260991150550 ) ) ;
#4137 = CARTESIAN_POINT ( 'NONE',  ( 1.636973836195244836, 0.4929899397279634554, -0.7486444878972057237 ) ) ;
#4138 = CARTESIAN_POINT ( 'NONE',  ( 2.262870805590947221, -0.04554067288560806337, 0.7422502080694265425 ) ) ;
#4139 = CARTESIAN_POINT ( 'NONE',  ( 1.258675872299999776, -0.01739908614693343181, 0.7774545015736927800 ) ) ;
#4140 = CARTESIAN_POINT ( 'NONE',  ( 2.566391064300000302, -0.07597446161203728898, 0.7915761697283881793 ) ) ;
#4141 = CARTESIAN_POINT ( 'NONE',  ( -2.566391064300002078, -0.07616432442902150435, -0.7941040225884897774 ) ) ;
#4142 = CARTESIAN_POINT ( 'NONE',  ( 1.719868575477537131, 0.03523875930162276293, 0.6214997192005781157 ) ) ;
#4143 = DIRECTION ( 'NONE',  ( 0.000000000000000000, 0.000000000000000000, 1.000000000000000000 ) ) ;
#4144 = CARTESIAN_POINT ( 'NONE',  ( -2.121073820999897386, 0.4060732396652786402, 0.2365610832548476761 ) ) ;
#4145 = CARTESIAN_POINT ( 'NONE',  ( 3.258804152211468796, 0.4317132300975799475, 0.009752333220942623754 ) ) ;
#4146 = CARTESIAN_POINT ( 'NONE',  ( -7.172893417226204882, 1.084134993696820315, 1.510526404543050205 ) ) ;
#4147 = CARTESIAN_POINT ( 'NONE',  ( 2.262847655286621240, -0.04125561373643842067, 0.7344966475157536090 ) ) ;
#4148 = EDGE_CURVE ( 'NONE', #3660, #3450, #1075, .T. ) ;
#4149 = CARTESIAN_POINT ( 'NONE',  ( -1.258675872299999776, 0.4430490530218027523, 0.7425673861385798658 ) ) ;
#4150 = B_SPLINE_SURFACE_WITH_KNOTS ( 'NONE', 3, 1, ( 
 ( #392, #5198 ),
 ( #1740, #4767 ),
 ( #2491, #4231 ),
 ( #5547, #3376 ),
 ( #2269, #30 ) ),
 .UNSPECIFIED., .F., .F., .F.,
 ( 4, 1, 4 ),
 ( 2, 2 ),
 ( 0.000000000000000000, 0.5674381419550632577, 0.9823769722850707042 ),
 ( 0.000000000000000000, 1.000000000000000000 ),
 .UNSPECIFIED. ) ;
#4151 = AXIS2_PLACEMENT_3D ( 'NONE', #2990, #3761, #5534 ) ;
#4152 = CARTESIAN_POINT ( 'NONE',  ( -2.566391064299997637, -0.01696890633307328311, -0.7151038234205485677 ) ) ;
#4153 = CARTESIAN_POINT ( 'NONE',  ( 2.566391064300004743, 0.2241878980495738971, 0.4948884805799602660 ) ) ;
#4154 = CARTESIAN_POINT ( 'NONE',  ( 3.213615528278150890, -0.1139871784106426811, 0.8903210880893761558 ) ) ;
#4155 = CARTESIAN_POINT ( 'NONE',  ( -11.10167298898695165, 0.9440069804248001351, 1.591573324556935232 ) ) ;
#4156 = CARTESIAN_POINT ( 'NONE',  ( -1.258675872299999776, -0.02150121441190814414, -0.7855185813269786044 ) ) ;
#4157 = CARTESIAN_POINT ( 'NONE',  ( 14.33582779229999460, 0.3863096406821101003, -0.1761466419104591175 ) ) ;
#4158 = CARTESIAN_POINT ( 'NONE',  ( -11.08024854322005304, 0.7436020765895002826, 0.6950565195490493453 ) ) ;
#4159 = CARTESIAN_POINT ( 'NONE',  ( -7.386173566417115310, -0.7139693189465549095, -2.260429581679272992 ) ) ;
#4160 = CARTESIAN_POINT ( 'NONE',  ( -7.382190442198355740, -0.6238807652494778866, -2.122044976681687789 ) ) ;
#4161 = CARTESIAN_POINT ( 'NONE',  ( -1.258675872299999776, 0.08385624553148883498, -0.6926416129916971309 ) ) ;
#4162 = CARTESIAN_POINT ( 'NONE',  ( -3.222273566651790322, 0.1445705410127551271, -0.6205177225765383664 ) ) ;
#4163 = CARTESIAN_POINT ( 'NONE',  ( 14.33582779230000703, 0.4444049877457958986, -0.1932852663062803733 ) ) ;
#4164 = CARTESIAN_POINT ( 'NONE',  ( 1.635950608461919087, 0.3847570056612533151, -0.7938110021524366067 ) ) ;
#4165 = CARTESIAN_POINT ( 'NONE',  ( 1.258675872299999776, -0.02065544195270122702, 0.7827807451628266966 ) ) ;
#4166 = CARTESIAN_POINT ( 'NONE',  ( -1.214279827580706517, 0.5990231184924630359, -0.1780575463022788518 ) ) ;
#4167 = CARTESIAN_POINT ( 'NONE',  ( 2.566391064299992752, -0.06936689973508378126, 0.7831187099942045204 ) ) ;
#4168 = CARTESIAN_POINT ( 'NONE',  ( -2.566391064300000302, 0.02524921937527626475, -0.6944116285970545199 ) ) ;
#4169 = CARTESIAN_POINT ( 'NONE',  ( 1.718494221117065512, 0.06077906319042920835, 0.5677967372379786326 ) ) ;
#4170 = CARTESIAN_POINT ( 'NONE',  ( -13.83658932907750660, 0.2766884678586222779, 0.03615011927790810070 ) ) ;
#4171 = CARTESIAN_POINT ( 'NONE',  ( -1.258675872299998000, 0.1623836775222199380, 0.5195526276401580823 ) ) ;
#4172 = CARTESIAN_POINT ( 'NONE',  ( 2.566391064299998082, 0.5978024667232277878, -0.7847109644940198914 ) ) ;
#4173 = CARTESIAN_POINT ( 'NONE',  ( -14.33582779230001591, 0.6963428584758006856, 0.6790688298951825796 ) ) ;
#4174 = CARTESIAN_POINT ( 'NONE',  ( 0.7657418752678477603, 0.4131215229147275347, -0.9574331030381429963 ) ) ;
#4175 = CARTESIAN_POINT ( 'NONE',  ( -1.183745904150338868, 0.7227127685126583101, 0.3310247496589551197 ) ) ;
#4176 = CARTESIAN_POINT ( 'NONE',  ( -3.213769528350774340, -0.1013451729216739705, -0.8737751322975098045 ) ) ;
#4177 = CARTESIAN_POINT ( 'NONE',  ( 2.566391064300002522, 0.1583454535166174126, 0.5623271840731428606 ) ) ;
#4178 = CARTESIAN_POINT ( 'NONE',  ( 7.383678121734852162, -0.6467238091279102763, 2.160068196610716473 ) ) ;
#4179 = CARTESIAN_POINT ( 'NONE',  ( -13.69959855006813143, 0.6827332750969600239, 0.9781930249136979727 ) ) ;
#4180 = CARTESIAN_POINT ( 'NONE',  ( -1.258675872299999776, 0.2092219918565692005, 0.02709910741786038940 ) ) ;
#4181 = CARTESIAN_POINT ( 'NONE',  ( 7.371117525048198615, -0.4963068385056812470, 1.892634283388175742 ) ) ;
#4182 = CARTESIAN_POINT ( 'NONE',  ( -11.07036236497410897, 0.3846529797089617286, 0.2700701148968268628 ) ) ;
#4183 = CARTESIAN_POINT ( 'NONE',  ( -14.33582779229998039, 0.2702850537845378764, 0.01849238691113245028 ) ) ;
#4184 = CARTESIAN_POINT ( 'NONE',  ( -11.07090221362387084, 0.4294140865594794909, 0.3340089515417703492 ) ) ;
#4185 = CARTESIAN_POINT ( 'NONE',  ( 7.163360028463587881, 1.031654831320503174, -1.781614268935169942 ) ) ;
#4186 = CARTESIAN_POINT ( 'NONE',  ( -11.08024854322005304, 0.7436020765895002826, 0.6950565195490493453 ) ) ;
#4187 = CARTESIAN_POINT ( 'NONE',  ( 14.33582779230001236, 0.3565288761344734825, -0.1034816178810320508 ) ) ;
#4188 = CARTESIAN_POINT ( 'NONE',  ( 2.566391064300002078, 0.6760677108621251374, -0.8157107414559777725 ) ) ;
#4189 = CARTESIAN_POINT ( 'NONE',  ( 1.258675872299999776, 0.4716077075243261252, -0.7340569122783361378 ) ) ;
#4190 = CARTESIAN_POINT ( 'NONE',  ( 14.33582779230000703, 0.2748568189133497319, -0.02501825339056507405 ) ) ;
#4191 = CARTESIAN_POINT ( 'NONE',  ( -1.258675872299999776, -0.02004233714915638204, -0.7825869074956643967 ) ) ;
#4192 = CARTESIAN_POINT ( 'NONE',  ( 2.566391064300004743, -0.0002857241197353742887, 0.6930704481075307122 ) ) ;
#4193 = CARTESIAN_POINT ( 'NONE',  ( 0.7386174579950389729, -0.1392397445097269815, 0.9785090151282151982 ) ) ;
#4194 = CARTESIAN_POINT ( 'NONE',  ( -1.638034673059458379, 0.5310565435069529716, 0.7099875987445467551 ) ) ;
#4195 = COLOUR_RGB ( '',0.7921568627450980005, 0.8196078431372548767, 0.9333333333333333481 ) ;
#4196 = CARTESIAN_POINT ( 'NONE',  ( 11.09564843942734669, 0.8856186682778323105, -1.218784479146971966 ) ) ;
#4197 = CARTESIAN_POINT ( 'NONE',  ( -2.566391064299997637, 0.7659602516713414078, 0.5745883309020156648 ) ) ;
#4198 = CARTESIAN_POINT ( 'NONE',  ( 0.7376854393641755214, -0.1343417315601651008, 0.9792113514984751577 ) ) ;
#4199 = CARTESIAN_POINT ( 'NONE',  ( -1.720843035201637283, 0.0002237513226412310668, -0.6929894022776843521 ) ) ;
#4200 = CARTESIAN_POINT ( 'NONE',  ( -1.215889019752888656, 0.7207197982964678173, 0.1801475112482807672 ) ) ;
#4201 = CARTESIAN_POINT ( 'NONE',  ( -3.214931735183702344, -0.05315949004824525176, -0.8088043214628952704 ) ) ;
#4202 = CARTESIAN_POINT ( 'NONE',  ( 14.33582779229999815, 0.5485132923433395646, -0.3108384968621696332 ) ) ;
#4203 = CARTESIAN_POINT ( 'NONE',  ( 11.07048077157876520, 0.3992449538243276197, -0.2926281394876540376 ) ) ;
#4204 = CARTESIAN_POINT ( 'NONE',  ( 0.000000000000000000, 0.8110768568541631973, 0.000000000000000000 ) ) ;
#4205 = CARTESIAN_POINT ( 'NONE',  ( -1.127478027625156587, 0.01587692412374426543, -0.4940839400168658968 ) ) ;
#4206 = CARTESIAN_POINT ( 'NONE',  ( 11.09679597267675888, 0.8947957181592637310, -1.265855497345587111 ) ) ;
#4207 = CARTESIAN_POINT ( 'NONE',  ( -7.386165618180150716, -0.7109372433340743758, -2.257729240114604963 ) ) ;
#4208 = CARTESIAN_POINT ( 'NONE',  ( -14.33582779230001591, 0.2718279402274845213, 0.02114334119739730636 ) ) ;
#4209 = CARTESIAN_POINT ( 'NONE',  ( -2.566391064300002967, 0.2779933088318996548, -0.2930249154348122387 ) ) ;
#4210 = EDGE_LOOP ( 'NONE', ( #1793, #2743, #3632, #1273 ) ) ;
#4211 = CARTESIAN_POINT ( 'NONE',  ( -3.251726938723298321, 0.5228800273101196217, -0.1366624116269646583 ) ) ;
#4212 = CARTESIAN_POINT ( 'NONE',  ( 11.07137811120192694, 0.4743750797720737156, -0.3634729731321315604 ) ) ;
#4213 = CARTESIAN_POINT ( 'NONE',  ( 2.067840328492384749, 0.4837654628782876443, -0.7853737289737269256 ) ) ;
#4214 = CARTESIAN_POINT ( 'NONE',  ( -11.10165595529029403, 0.9692233407456181116, 1.597605906144723642 ) ) ;
#4215 = CARTESIAN_POINT ( 'NONE',  ( -3.246197865685655604, 0.3293116537548371747, -0.2027428770244196210 ) ) ;
#4216 = CARTESIAN_POINT ( 'NONE',  ( -2.566391064299995861, -0.07652544891066652422, -0.7922807719545676974 ) ) ;
#4217 = CARTESIAN_POINT ( 'NONE',  ( 11.07036410196291598, 0.3820670573426424577, -0.2699772425152886512 ) ) ;
#4218 = CARTESIAN_POINT ( 'NONE',  ( 14.33582779229999637, 0.6289676046732018966, -0.8388073672880873577 ) ) ;
#4219 = CARTESIAN_POINT ( 'NONE',  ( 2.566391064299997637, -0.03473435638202906905, 0.7383681580661701771 ) ) ;
#4220 = CARTESIAN_POINT ( 'NONE',  ( -13.84178665901333005, 0.2771989354286255591, 0.03682461041777457256 ) ) ;
#4221 = CARTESIAN_POINT ( 'NONE',  ( -1.635960983394576296, 0.3677660358401030893, 0.7887292685633523481 ) ) ;
#4222 = CARTESIAN_POINT ( 'NONE',  ( 3.303100320852521143, 0.6661778452089306413, -0.9088836235522343987 ) ) ;
#4223 = CARTESIAN_POINT ( 'NONE',  ( -3.286670680321175819, 0.8114371017398251951, 0.4645623192982574756 ) ) ;
#4224 = CARTESIAN_POINT ( 'NONE',  ( 14.12143876995167702, 0.6108772249738495530, -0.6348827355649383497 ) ) ;
#4225 = CARTESIAN_POINT ( 'NONE',  ( -1.716376275880048263, 0.08822252475089248369, -0.5083591025712673739 ) ) ;
#4226 = CARTESIAN_POINT ( 'NONE',  ( -1.258675872299999776, 0.1860484031448106368, 0.7634138802191474671 ) ) ;
#4227 = CARTESIAN_POINT ( 'NONE',  ( -3.215130954596592261, -0.04726965782316011611, -0.8006703144817938211 ) ) ;
#4228 = CARTESIAN_POINT ( 'NONE',  ( 2.566391064300002078, 0.3944919421612503307, 0.3100551653146897957 ) ) ;
#4229 = CARTESIAN_POINT ( 'NONE',  ( 11.07043128420735911, 0.3934901418524591743, -0.2849643520655701368 ) ) ;
#4230 = CARTESIAN_POINT ( 'NONE',  ( -13.67344817176398308, 0.6863152829323379001, 0.9844473022328561473 ) ) ;
#4231 = CARTESIAN_POINT ( 'NONE',  ( -14.30049090487748487, 0.2729269206961200123, 0.5048035854872530148 ) ) ;
#4232 = CARTESIAN_POINT ( 'NONE',  ( 14.33582779230000526, 0.4496541037318765310, -0.2715018007673507539 ) ) ;
#4233 = CARTESIAN_POINT ( 'NONE',  ( -2.566391064300012292, 0.002051354708539086802, -0.7170178208546253984 ) ) ;
#4234 = CARTESIAN_POINT ( 'NONE',  ( -3.213528586439363011, -0.1267400081197260775, -0.9068043663614717698 ) ) ;
#4235 = CARTESIAN_POINT ( 'NONE',  ( -14.33582779230001591, 0.4185095153491783515, 0.2234723757900182461 ) ) ;
#4236 = CARTESIAN_POINT ( 'NONE',  ( 11.10167681409778595, 0.9502235356649126885, -1.598172811134100924 ) ) ;
#4237 = CARTESIAN_POINT ( 'NONE',  ( -11.08600916013221038, 0.8661992636573300208, 0.8755583586500464977 ) ) ;
#4238 = CARTESIAN_POINT ( 'NONE',  ( 3.222273566651790322, 0.1445705410127551271, 0.6205177225765383664 ) ) ;
#4239 = CARTESIAN_POINT ( 'NONE',  ( 1.258675872299999776, 0.5906962991998184753, -0.1559294001025022802 ) ) ;
#4240 = CARTESIAN_POINT ( 'NONE',  ( -2.566391064299997637, 0.6513053441885550132, 0.8356760124223193698 ) ) ;
#4241 = CARTESIAN_POINT ( 'NONE',  ( -7.253879622763348856, 0.4308234729668297680, 0.04737182955632728010 ) ) ;
#4242 = CARTESIAN_POINT ( 'NONE',  ( -3.213535713506975089, -0.1251281749540447963, -0.9047309530074257866 ) ) ;
#4243 = ADVANCED_FACE ( 'NONE', ( #1535 ), #3285, .T. ) ;
#4244 = CARTESIAN_POINT ( 'NONE',  ( 7.386114209883231752, -0.7068642443274794074, 2.251168700346558360 ) ) ;
#4245 = CARTESIAN_POINT ( 'NONE',  ( 7.163360028463587881, 1.028273453781503255, -1.779130549906453362 ) ) ;
#4246 = CARTESIAN_POINT ( 'NONE',  ( 1.718845347744196062, 0.05517297363537682769, 0.5797117355382459536 ) ) ;
#4247 = CARTESIAN_POINT ( 'NONE',  ( 1.258675872299999776, 0.06545184935113557145, 0.7082875908304285817 ) ) ;
#4248 = CARTESIAN_POINT ( 'NONE',  ( -2.068388644178563496, 0.5361313066368922353, 0.7678746042823103579 ) ) ;
#4249 = CARTESIAN_POINT ( 'NONE',  ( 14.33582779229997151, 0.5994652849978963083, -0.7253131953078596483 ) ) ;
#4250 = CARTESIAN_POINT ( 'NONE',  ( -2.566391064300001190, 0.7153412233143596755, 0.1531802513987032821 ) ) ;
#4251 = CARTESIAN_POINT ( 'NONE',  ( 1.258675872299999776, 0.09369475215555363168, 0.6842537844022759108 ) ) ;
#4252 = CARTESIAN_POINT ( 'NONE',  ( -1.258675872300000664, 0.07085459763117694931, -0.5238460133990653356 ) ) ;
#4253 = CARTESIAN_POINT ( 'NONE',  ( 0.7376361199289190873, -0.1382729668552167557, 0.9792483099170830041 ) ) ;
#4254 = CARTESIAN_POINT ( 'NONE',  ( -7.374207631578687305, -0.5283069060090795910, -1.952132195384274294 ) ) ;
#4255 = CARTESIAN_POINT ( 'NONE',  ( 3.214507983570439986, -0.04799007203599751914, 0.8288426882158530518 ) ) ;
#4256 = CARTESIAN_POINT ( 'NONE',  ( 11.07065122060922491, 0.4137556430914575700, -0.3122903471935525310 ) ) ;
#4257 = FACE_OUTER_BOUND ( 'NONE', #4850, .T. ) ;
#4258 = CARTESIAN_POINT ( 'NONE',  ( -1.214279827580706295, 0.5990231184924631469, -0.1780575463022798510 ) ) ;
#4259 = CARTESIAN_POINT ( 'NONE',  ( 3.286670680321183369, 0.6105591953353011192, -0.4595185511914448573 ) ) ;
#4260 = CARTESIAN_POINT ( 'NONE',  ( -11.07110987530487023, 0.4590382481434375772, 0.3469299211182737541 ) ) ;
#4261 = CARTESIAN_POINT ( 'NONE',  ( -14.33582779229998749, 0.2723788161104335748, 0.02184778993906492939 ) ) ;
#4262 = CARTESIAN_POINT ( 'NONE',  ( -3.218376434077921289, 0.02263732371665274842, -0.7010498740040143062 ) ) ;
#4263 = CARTESIAN_POINT ( 'NONE',  ( 14.33582779229998749, 0.6586101929333302296, -0.8137804189619105566 ) ) ;
#4264 = CARTESIAN_POINT ( 'NONE',  ( 1.127478027625157031, 0.01587692412374427930, 0.4940839400168666184 ) ) ;
#4265 = CARTESIAN_POINT ( 'NONE',  ( 7.384623725782351933, -0.6514961270351756761, 2.187813050644402679 ) ) ;
#4266 = CARTESIAN_POINT ( 'NONE',  ( 1.671806375725717553, 0.6034595349304019418, -0.07755659667351630371 ) ) ;
#4267 = CARTESIAN_POINT ( 'NONE',  ( -11.10129956254205297, 1.008118762794194545, 1.546386587056244544 ) ) ;
#4268 = CARTESIAN_POINT ( 'NONE',  ( -2.566391064299991864, 0.5486230975904432539, 0.2725674478823259528 ) ) ;
#4269 = CARTESIAN_POINT ( 'NONE',  ( -3.213543984084352712, -0.1235148655681367197, -0.9026530921539875907 ) ) ;
#4270 = CARTESIAN_POINT ( 'NONE',  ( 7.385187210171984873, -0.6755947475234719279, 2.205860320492727844 ) ) ;
#4271 = CARTESIAN_POINT ( 'NONE',  ( 11.10167298898695165, 0.9597866712645070075, -1.601643713615258147 ) ) ;
#4272 = CARTESIAN_POINT ( 'NONE',  ( 2.566391064299999858, 0.08713925462571009417, 0.5744490631054675056 ) ) ;
#4273 = CARTESIAN_POINT ( 'NONE',  ( 1.214279827580706295, 0.5990231184924631469, 0.1780575463022798510 ) ) ;
#4274 = CARTESIAN_POINT ( 'NONE',  ( -1.258675872299999554, 0.2942151036077323978, 0.7916178421323191161 ) ) ;
#4275 = CARTESIAN_POINT ( 'NONE',  ( 3.303539882159008734, 0.6707478495016888642, -0.9380076497977564154 ) ) ;
#4276 = CARTESIAN_POINT ( 'NONE',  ( 1.258675872300001553, -0.01726703269140893171, 0.7792532158822113031 ) ) ;
#4277 = CARTESIAN_POINT ( 'NONE',  ( 1.228756478188811618, 0.6896867435051637907, -0.02806607775172225566 ) ) ;
#4278 = CARTESIAN_POINT ( 'NONE',  ( -1.258675872299999776, 0.01891383145537004623, -0.6745638740728429061 ) ) ;
#4279 = CARTESIAN_POINT ( 'NONE',  ( 0.7434545231798525000, -0.1362288060422186253, 0.9748525489055744897 ) ) ;
#4280 = CARTESIAN_POINT ( 'NONE',  ( 11.07056001562286518, 0.4163068096870671808, -0.3022246306535135707 ) ) ;
#4281 = CARTESIAN_POINT ( 'NONE',  ( 7.385342730163488412, -0.6793334972951988737, 2.211547427001006039 ) ) ;
#4282 = CARTESIAN_POINT ( 'NONE',  ( 10.84273271562267382, 0.3471547515940417439, -0.1472338090306774538 ) ) ;
#4283 = CARTESIAN_POINT ( 'NONE',  ( 2.566391064299999858, 0.6977246632923270742, -0.7890785553269326069 ) ) ;
#4284 = CARTESIAN_POINT ( 'NONE',  ( 3.238236000511461210, 0.2582707488739023338, 0.3276504414783876773 ) ) ;
#4285 = CARTESIAN_POINT ( 'NONE',  ( -3.213764668813929859, -0.09277631029734353940, -0.8741262160538344483 ) ) ;
#4286 = CARTESIAN_POINT ( 'NONE',  ( -3.213535713506975089, -0.1251281749540447963, -0.9047309530074257866 ) ) ;
#4287 = CARTESIAN_POINT ( 'NONE',  ( -11.07245942222009916, 0.4905925179641302258, 0.4233280114615416423 ) ) ;
#4288 = CARTESIAN_POINT ( 'NONE',  ( 2.566391064300001190, 0.7261137648585593851, -0.7369137058928847406 ) ) ;
#4289 = DIRECTION ( 'NONE',  ( 0.000000000000000000, 0.000000000000000000, 1.000000000000000000 ) ) ;
#4290 = CARTESIAN_POINT ( 'NONE',  ( 11.07034150616660817, 0.3708938321700823715, -0.2553923157620615614 ) ) ;
#4291 = CARTESIAN_POINT ( 'NONE',  ( 2.566391064300004299, 0.7538956159143401781, -0.6455597021635824939 ) ) ;
#4292 = CARTESIAN_POINT ( 'NONE',  ( -1.258675872299999554, -0.01226683537943104238, -0.7602974240711903864 ) ) ;
#4293 = CARTESIAN_POINT ( 'NONE',  ( -7.164340906729647074, 1.075182378542708372, 1.741592395098961576 ) ) ;
#4294 = CARTESIAN_POINT ( 'NONE',  ( -2.566391064300002967, 0.2779933088318996548, -0.2930249154348122387 ) ) ;
#4295 = CARTESIAN_POINT ( 'NONE',  ( -11.07034794026264812, 0.3767581512946676092, 0.2631131288349869979 ) ) ;
#4296 = CARTESIAN_POINT ( 'NONE',  ( 11.07044273712708637, 0.3949263883696438326, -0.2868704267997563284 ) ) ;
#4297 = EDGE_CURVE ( 'NONE', #1454, #5279, #5371, .T. ) ;
#4298 = CARTESIAN_POINT ( 'NONE',  ( 11.10162780486523637, 0.9772811335037969727, -1.591693702679140898 ) ) ;
#4299 = CARTESIAN_POINT ( 'NONE',  ( 1.258675872299999776, 0.2097392064733349382, -0.02518748823033681306 ) ) ;
#4300 = CARTESIAN_POINT ( 'NONE',  ( 1.258675872299999776, 0.1860484031448106368, -0.7634138802191474671 ) ) ;
#4301 = CARTESIAN_POINT ( 'NONE',  ( -2.566391064299998970, 0.7047932489123244215, 0.7781127602920840935 ) ) ;
#4302 = CARTESIAN_POINT ( 'NONE',  ( 14.33582779229999815, 0.6164948245571929553, -0.8310063016307118744 ) ) ;
#4303 = CARTESIAN_POINT ( 'NONE',  ( 11.07090221362387084, 0.4294140865594794909, -0.3340089515417703492 ) ) ;
#4304 = CARTESIAN_POINT ( 'NONE',  ( 2.260722460837450765, 0.04269347094368998452, 0.6583362166735587939 ) ) ;
#4305 = CARTESIAN_POINT ( 'NONE',  ( 13.85215193522889443, 0.2783638695410428632, -0.03827421519857779342 ) ) ;
#4306 = CARTESIAN_POINT ( 'NONE',  ( -2.566391064300004743, -0.0002857241197353742887, -0.6930704481075307122 ) ) ;
#4307 = CARTESIAN_POINT ( 'NONE',  ( 1.258675872299999776, 0.2181947196588319426, -0.1518102932182696929 ) ) ;
#4308 = CARTESIAN_POINT ( 'NONE',  ( 11.07039051539913643, 0.3918404315539564808, -0.2773714435317765070 ) ) ;
#4309 = CARTESIAN_POINT ( 'NONE',  ( 11.07090221362387084, 0.4294140865594794909, -0.3340089515417703492 ) ) ;
#4310 = CARTESIAN_POINT ( 'NONE',  ( -1.258675872299999776, -0.02065544195270122702, -0.7827807451628266966 ) ) ;
#4311 = CARTESIAN_POINT ( 'NONE',  ( -2.566391064299999858, 0.6212848363331431312, 0.8359788181397669327 ) ) ;
#4312 = CARTESIAN_POINT ( 'NONE',  ( 3.289988124143751413, 0.6227703495628940100, -0.5272084256164872862 ) ) ;
#4313 = CARTESIAN_POINT ( 'NONE',  ( -14.33582779229999815, 0.2672293586657576991, 0.01511018575468521183 ) ) ;
#4314 = CARTESIAN_POINT ( 'NONE',  ( -11.07034292943518317, 0.3736159212862066314, 0.2590470712417119459 ) ) ;
#4315 = CARTESIAN_POINT ( 'NONE',  ( -3.224605453205419359, 0.1131718882214966526, -0.5643477272340823303 ) ) ;
#4316 = CARTESIAN_POINT ( 'NONE',  ( 7.164340906729647074, 1.075182378542708372, -1.741592395098961576 ) ) ;
#4317 = CARTESIAN_POINT ( 'NONE',  ( 0.7561469052082789855, 0.3918703501772763942, -0.9651480572575217298 ) ) ;
#4318 = CARTESIAN_POINT ( 'NONE',  ( 2.566391064300004299, -0.08072056156929546811, 0.7989730405522128542 ) ) ;
#4319 = CARTESIAN_POINT ( 'NONE',  ( 2.105360893873370554, 0.6881619153238088815, -0.3342054230803083725 ) ) ;
#4320 = CARTESIAN_POINT ( 'NONE',  ( -1.720934747510330043, -0.01088579781601661800, -0.7153614359226985187 ) ) ;
#4321 = CARTESIAN_POINT ( 'NONE',  ( -2.566391064299998970, 0.7536169185525533054, 0.6468455910025820987 ) ) ;
#4322 = CARTESIAN_POINT ( 'NONE',  ( -2.566391064300008296, 0.5703041776686161857, 0.4427563536196959526 ) ) ;
#4323 = CARTESIAN_POINT ( 'NONE',  ( -2.566391064299999858, -0.07487273928602436457, -0.7901669658921326445 ) ) ;
#4324 = CARTESIAN_POINT ( 'NONE',  ( 7.385687616662236721, -0.6887557274284843434, 2.225594143680896142 ) ) ;
#4325 = CARTESIAN_POINT ( 'NONE',  ( 14.33582779229998039, 0.6936435108175201814, -0.7051170685292814655 ) ) ;
#4326 = CARTESIAN_POINT ( 'NONE',  ( 2.235778189023823082, 0.1582065730385630586, 0.4009279736831160568 ) ) ;
#4327 = CARTESIAN_POINT ( 'NONE',  ( 1.258675872299999776, 0.5176384891878477168, 0.1893318323286347638 ) ) ;
#4328 = CARTESIAN_POINT ( 'NONE',  ( -1.258675872299999776, 0.5355235572255061527, -0.1238952317624720939 ) ) ;
#4329 = VERTEX_POINT ( 'NONE', #259 ) ;
#4330 = CARTESIAN_POINT ( 'NONE',  ( 3.304098318535813483, 0.6956794388409844876, -1.014223726816295468 ) ) ;
#4331 = CARTESIAN_POINT ( 'NONE',  ( 7.382190442198355740, -0.6238807652494778866, 2.122044976681687789 ) ) ;
#4332 = CARTESIAN_POINT ( 'NONE',  ( 2.566391064300002078, -0.08037778763685374250, 0.7972118829136807250 ) ) ;
#4333 = CARTESIAN_POINT ( 'NONE',  ( 2.566391064300006963, -0.05389726286873660482, 0.7716259736014375870 ) ) ;
#4334 = CARTESIAN_POINT ( 'NONE',  ( 13.82993050236436083, 0.2761288907149493932, -0.03534128542077404067 ) ) ;
#4335 = CARTESIAN_POINT ( 'NONE',  ( -1.720208455839772554, 0.02655106189712567316, -0.6394518527606090075 ) ) ;
#4336 = CARTESIAN_POINT ( 'NONE',  ( -1.258675872299999776, 0.08666507442872904698, -0.6902485254317967112 ) ) ;
#4337 = CARTESIAN_POINT ( 'NONE',  ( 11.07034817022688777, 0.3787700368169941156, -0.2640159827791541680 ) ) ;
#4338 = CARTESIAN_POINT ( 'NONE',  ( 7.374207631578687305, -0.5283069060090795910, 1.952132195384274294 ) ) ;
#4339 = CARTESIAN_POINT ( 'NONE',  ( -2.566391064299999858, -0.08593313790457818291, -0.8037880854658676633 ) ) ;
#4340 = CARTESIAN_POINT ( 'NONE',  ( -1.258675872299999776, 0.1222172552842987481, -0.6598393735156037332 ) ) ;
#4341 = CARTESIAN_POINT ( 'NONE',  ( 7.169371095272571992, 0.9643012440218569070, -1.566265087449182358 ) ) ;
#4342 = CARTESIAN_POINT ( 'NONE',  ( -3.213510004782701213, -0.1353511786822618190, -0.9181711899273033994 ) ) ;
#4343 = CARTESIAN_POINT ( 'NONE',  ( -14.33582779229998749, 0.2740310107649542304, 0.02396128660550602210 ) ) ;
#4344 = CARTESIAN_POINT ( 'NONE',  ( -3.289988124143751413, 0.6227703495628940100, 0.5272084256164872862 ) ) ;
#4345 = CARTESIAN_POINT ( 'NONE',  ( 11.10064020906245474, 1.025312601020301084, -1.487178981889159646 ) ) ;
#4346 = CARTESIAN_POINT ( 'NONE',  ( 1.258675872299999776, -0.02011741026279027789, 0.7826106424216403568 ) ) ;
#4347 = CARTESIAN_POINT ( 'NONE',  ( 14.33582779229999637, 0.2669131877324629754, -0.01523243187813656634 ) ) ;
#4348 = CARTESIAN_POINT ( 'NONE',  ( 1.641848757677611736, 0.5942207972541322381, -0.5981737545399887779 ) ) ;
#4349 = CARTESIAN_POINT ( 'NONE',  ( -1.720930216115693856, -0.009766927930611402076, -0.7130972198786236227 ) ) ;
#4350 = CARTESIAN_POINT ( 'NONE',  ( -3.297811762492014243, 0.8291064834792847282, 0.7398160145848809988 ) ) ;
#4351 = CARTESIAN_POINT ( 'NONE',  ( -2.566391064300012292, 0.002051354708539086802, -0.7170178208546253984 ) ) ;
#4352 = CARTESIAN_POINT ( 'NONE',  ( -14.33582779229999993, 0.2825468512182990888, 0.03489719236044171169 ) ) ;
#4353 = CARTESIAN_POINT ( 'NONE',  ( 3.213912593115638039, -0.09264278942670055306, 0.8622643372292144726 ) ) ;
#4354 = CARTESIAN_POINT ( 'NONE',  ( 11.09950223859009810, 1.033149851337789471, -1.410946183837928247 ) ) ;
#4355 = CARTESIAN_POINT ( 'NONE',  ( 1.714286537491196638, 0.1094890146109552542, 0.4609411510351517083 ) ) ;
#4356 = CARTESIAN_POINT ( 'NONE',  ( 0.7583302592817280363, 0.3990316716869976021, -0.9634815497531435957 ) ) ;
#4357 = CARTESIAN_POINT ( 'NONE',  ( -1.258675872299999554, 0.5991110108850331573, 0.2779055640053936238 ) ) ;
#4358 = CARTESIAN_POINT ( 'NONE',  ( -14.33582779229999815, 0.6214170373370894174, 0.8360756231690340545 ) ) ;
#4359 = CARTESIAN_POINT ( 'NONE',  ( -2.566391064299997637, 0.07682925332667388252, -0.5887130562777596055 ) ) ;
#4360 = EDGE_LOOP ( 'NONE', ( #538, #998, #1729, #651, #2800, #4394, #410 ) ) ;
#4361 = CARTESIAN_POINT ( 'NONE',  ( -14.16861115905767043, 0.5168855814864483644, 0.2803084302309055698 ) ) ;
#4362 = CARTESIAN_POINT ( 'NONE',  ( 7.383030595457529266, -0.6363764422951025956, 2.143005718966265682 ) ) ;
#4363 = CARTESIAN_POINT ( 'NONE',  ( 3.213517776500879997, -0.1299630064770301296, 0.9109406108248190304 ) ) ;
#4364 = CARTESIAN_POINT ( 'NONE',  ( 1.258675872300000664, -0.009430519291429784873, 0.7719508688632604754 ) ) ;
#4365 = CARTESIAN_POINT ( 'NONE',  ( 13.85279100457132984, 0.2789747046799348484, -0.03833190426558484576 ) ) ;
#4366 = CARTESIAN_POINT ( 'NONE',  ( -1.679774324006509501, 0.2818471270888193714, 0.02337951982009680088 ) ) ;
#4367 = CARTESIAN_POINT ( 'NONE',  ( 1.258675872299999776, 0.2151684547253857882, -0.2450681791727584435 ) ) ;
#4368 = CARTESIAN_POINT ( 'NONE',  ( 14.33582779229999815, 0.2947908442694675002, -0.04305028799781215887 ) ) ;
#4369 = CARTESIAN_POINT ( 'NONE',  ( 7.379760133548299628, -0.5915863047132186026, 2.066284359497688516 ) ) ;
#4371 = CARTESIAN_POINT ( 'NONE',  ( -2.262870805590947221, -0.04554067288560806337, -0.7422502080694265425 ) ) ;
#4370 = APPLICATION_CONTEXT ( 'automotive_design' ) ;
#4372 = CARTESIAN_POINT ( 'NONE',  ( -2.566391064299999858, 0.6212848363331429091, 0.8359788181397669327 ) ) ;
#4373 = CARTESIAN_POINT ( 'NONE',  ( 14.33582779229999460, 0.6050169935115526920, -0.7822766334314900094 ) ) ;
#4374 = PRESENTATION_LAYER_ASSIGNMENT (  '', '', ( #3741 ) ) ;
#4375 = CARTESIAN_POINT ( 'NONE',  ( -7.386167370851304703, -0.7124091975472874871, -2.258585964424995929 ) ) ;
#4376 = CARTESIAN_POINT ( 'NONE',  ( -7.385950410253391496, -0.6980607723086891259, -2.238995463255593510 ) ) ;
#4377 = ADVANCED_FACE ( 'NONE', ( #2543 ), #5234, .T. ) ;
#4378 = CARTESIAN_POINT ( 'NONE',  ( -14.33582779230000526, 0.4795711764206117556, 0.3203069165691304621 ) ) ;
#4379 = CARTESIAN_POINT ( 'NONE',  ( 13.95942397487364950, 0.2729269206961200123, -0.9221620547810712720 ) ) ;
#4380 = CARTESIAN_POINT ( 'NONE',  ( 11.07034192407119022, 0.3728087815348278822, -0.2575724483303800660 ) ) ;
#4381 = CARTESIAN_POINT ( 'NONE',  ( 1.258675872299999776, 0.4780716448793972395, 0.2545160436765284695 ) ) ;
#4382 = CARTESIAN_POINT ( 'NONE',  ( -1.720937167262004630, -0.01162679508517066272, -0.7168662080081937837 ) ) ;
#4383 = CARTESIAN_POINT ( 'NONE',  ( 14.33582779229999815, 0.6214170373370894174, -0.8360756231690340545 ) ) ;
#4384 = CARTESIAN_POINT ( 'NONE',  ( -11.09679597267687612, 1.026462599629720751, 1.272099149661737316 ) ) ;
#4385 = CARTESIAN_POINT ( 'NONE',  ( -14.33582779229999637, 0.2835713825887986039, 0.03205759708185607765 ) ) ;
#4386 = CARTESIAN_POINT ( 'NONE',  ( -7.385539102374846898, -0.6844605624373631958, -2.219243692258659362 ) ) ;
#4387 = CARTESIAN_POINT ( 'NONE',  ( 2.566391064299999858, -0.06057376778143847007, 0.7718289774829568684 ) ) ;
#4388 = CARTESIAN_POINT ( 'NONE',  ( 14.33582779230001236, 0.6792847505209185233, -0.7715697275389119536 ) ) ;
#4389 = CARTESIAN_POINT ( 'NONE',  ( 1.713111576367744471, 0.1198737099551645535, 0.4372674393376277391 ) ) ;
#4390 = CARTESIAN_POINT ( 'NONE',  ( 1.258675872299999776, 0.2151684547253857882, -0.2450681791727584435 ) ) ;
#4391 = CARTESIAN_POINT ( 'NONE',  ( -1.646325541119257885, 0.6261379858262179354, 0.4944705663909347293 ) ) ;
#4392 = CARTESIAN_POINT ( 'NONE',  ( -7.183786775855154794, 0.8811721723066641143, 1.260212072865999122 ) ) ;
#4393 = CARTESIAN_POINT ( 'NONE',  ( -2.566391064299997637, 0.1349652781638814025, -0.5071579139888887644 ) ) ;
#4394 = ORIENTED_EDGE ( 'NONE', *, *, #675, .T. ) ;
#4395 = CARTESIAN_POINT ( 'NONE',  ( -14.02339220423145072, 0.3365831358378888472, 0.09360231373106119024 ) ) ;
#4396 = CARTESIAN_POINT ( 'NONE',  ( 3.214789383150927993, -0.05757104693742035734, 0.8148734381885984757 ) ) ;
#4397 = CARTESIAN_POINT ( 'NONE',  ( 2.566391064299995861, -0.07652544891066652422, 0.7922807719545676974 ) ) ;
#4398 = CARTESIAN_POINT ( 'NONE',  ( 2.262566051434976355, -0.01390153560760751424, 0.7109480787227765441 ) ) ;
#4399 = CARTESIAN_POINT ( 'NONE',  ( 13.83555927257046569, 0.2764825220424962371, -0.03602097126916129627 ) ) ;
#4400 = CARTESIAN_POINT ( 'NONE',  ( -2.235778189023823082, 0.1582065730385630586, -0.4009279736831160568 ) ) ;
#4401 = CARTESIAN_POINT ( 'NONE',  ( 0.8532829707856126600, 0.5287438043322444381, -0.8833535772798941643 ) ) ;
#4402 = CARTESIAN_POINT ( 'NONE',  ( 7.386177484714094632, -0.7158058547716379394, 2.263161168144958602 ) ) ;
#4403 = CARTESIAN_POINT ( 'NONE',  ( 3.215397473195360512, -0.03989307114934553117, 0.7904249929017733711 ) ) ;
#4404 = CARTESIAN_POINT ( 'NONE',  ( -1.258675872299999776, 0.03214602407514444149, -0.7366824306606825079 ) ) ;
#4405 = CARTESIAN_POINT ( 'NONE',  ( 14.33582779229997151, 0.5994652849978963083, -0.7253131953078596483 ) ) ;
#4406 = CARTESIAN_POINT ( 'NONE',  ( -2.566391064299999858, -0.08254261233167758949, -0.8000199310078754955 ) ) ;
#4407 = CARTESIAN_POINT ( 'NONE',  ( -2.566391064300002078, -0.07432193104645570814, -0.7894623221720229456 ) ) ;
#4408 = CARTESIAN_POINT ( 'NONE',  ( 3.300222438336428255, 0.8211305564090530806, -0.8189903199522280408 ) ) ;
#4409 = CARTESIAN_POINT ( 'NONE',  ( -11.09564843942734669, 0.8856186682778323105, 1.218784479146971966 ) ) ;
#4410 = CARTESIAN_POINT ( 'NONE',  ( -2.566391064299999858, 0.6384633714314211783, 0.8487504489073537384 ) ) ;
#4411 = CARTESIAN_POINT ( 'NONE',  ( 2.566391064299995417, -0.08380790895726064615, 0.8023543562541242125 ) ) ;
#4412 = CARTESIAN_POINT ( 'NONE',  ( 2.217708322828421785, 0.3803936095578958621, 0.3227694591782367395 ) ) ;
#4413 = CARTESIAN_POINT ( 'NONE',  ( -2.566391064300000302, -0.07552213016421704950, -0.7909976000993361733 ) ) ;
#4414 = CARTESIAN_POINT ( 'NONE',  ( -3.275457720200844136, 0.7432056705833807175, 0.2464118143328991872 ) ) ;
#4415 = CARTESIAN_POINT ( 'NONE',  ( -11.07168220751303700, 0.4898211195868463763, 0.3803997461810256220 ) ) ;
#4416 = CARTESIAN_POINT ( 'NONE',  ( -7.384515140688463042, -0.6615725760252996190, -2.183990652391348153 ) ) ;
#4417 = CARTESIAN_POINT ( 'NONE',  ( 14.33582779229998749, 0.6737632029140998569, -0.7862912648881044131 ) ) ;
#4418 = CARTESIAN_POINT ( 'NONE',  ( 2.566391064299998970, 0.5664247651174522113, -0.3871797757269989093 ) ) ;
#4419 = CARTESIAN_POINT ( 'NONE',  ( 0.7371432520549816569, -0.1376419139370736178, 0.9796193809700968202 ) ) ;
#4420 = CARTESIAN_POINT ( 'NONE',  ( -2.566391064300002522, 0.7372814190166450121, 0.2109173110640117921 ) ) ;
#4421 = ORIENTED_EDGE ( 'NONE', *, *, #4508, .F. ) ;
#4422 = CARTESIAN_POINT ( 'NONE',  ( -3.304021602647416067, 0.6824678454031239960, 0.9894673399257897239 ) ) ;
#4423 = EDGE_CURVE ( 'NONE', #5216, #2620, #2442, .T. ) ;
#4424 = CARTESIAN_POINT ( 'NONE',  ( -14.33582779229998394, 0.3698844668354545617, 0.1527091603648646490 ) ) ;
#4425 = ORIENTED_EDGE ( 'NONE', *, *, #3670, .T. ) ;
#4426 = CARTESIAN_POINT ( 'NONE',  ( -14.10341760688994128, 0.7207137670021177556, 0.6698803299062713323 ) ) ;
#4427 = CARTESIAN_POINT ( 'NONE',  ( 11.07034471361332351, 0.3749991530197138712, -0.2608469379870228533 ) ) ;
#4428 = CARTESIAN_POINT ( 'NONE',  ( 7.386131740122245048, -0.7082812822299865418, 2.253077080944475341 ) ) ;
#4429 = CARTESIAN_POINT ( 'NONE',  ( 2.566391064299994973, -0.06296890348863917741, 0.7749087105311884827 ) ) ;
#4430 = CARTESIAN_POINT ( 'NONE',  ( -13.85215193522889443, 0.2783638695410428632, 0.03827421519857779342 ) ) ;
#4431 = CARTESIAN_POINT ( 'NONE',  ( -1.674462358485953484, 0.2942426519469494850, 0.08879195609887695351 ) ) ;
#4432 = CARTESIAN_POINT ( 'NONE',  ( 1.064194388456919826, 0.6596375939953080803, -0.6111709203707419436 ) ) ;
#4433 = CARTESIAN_POINT ( 'NONE',  ( 2.566391064300002967, -0.08596027567774865152, 0.8037832091593354322 ) ) ;
#4434 = CARTESIAN_POINT ( 'NONE',  ( 11.07202485376920009, 0.4763720597139937118, -0.4019842546137570860 ) ) ;
#4435 = CARTESIAN_POINT ( 'NONE',  ( -0.7657418752678478713, 0.4131215229147278123, 0.9574331030381428853 ) ) ;
#4436 = CARTESIAN_POINT ( 'NONE',  ( -1.258675872299999776, -0.01294613271398843517, -0.7620610634319866517 ) ) ;
#4437 = CARTESIAN_POINT ( 'NONE',  ( -14.33582779229996973, 0.2696167692971578322, 0.01832177462150927361 ) ) ;
#4438 = CARTESIAN_POINT ( 'NONE',  ( -7.385981291795688186, -0.6993986750484376680, -2.240880839983709016 ) ) ;
#4439 = CARTESIAN_POINT ( 'NONE',  ( 2.566391064300000302, 0.7376435431819577948, -0.2119862104506574085 ) ) ;
#4440 = CARTESIAN_POINT ( 'NONE',  ( -14.33582779229998927, 0.5938032751779159790, 0.6109660381306921684 ) ) ;
#4441 = CARTESIAN_POINT ( 'NONE',  ( -1.258675872299999776, 0.07919710109772995499, -0.6966080718303367947 ) ) ;
#4442 = CARTESIAN_POINT ( 'NONE',  ( 11.07034185686211636, 0.3724209581386864754, -0.2573119995062732590 ) ) ;
#4443 = CARTESIAN_POINT ( 'NONE',  ( 2.566391064299998970, 0.1593953867594402329, 0.5612634747672319291 ) ) ;
#4444 = CARTESIAN_POINT ( 'NONE',  ( -1.258675872299999110, 0.01206836335572303125, -0.6936248412640804162 ) ) ;
#4445 = CARTESIAN_POINT ( 'NONE',  ( -11.08845723106431258, 0.9127684340187012246, 0.9546888786281373385 ) ) ;
#4446 = CARTESIAN_POINT ( 'NONE',  ( -3.213908770279978011, -0.08166390710332861735, -0.8629493004377506438 ) ) ;
#4447 = CARTESIAN_POINT ( 'NONE',  ( -11.07043128420735911, 0.3934901418524591743, 0.2849643520655701368 ) ) ;
#4448 = CARTESIAN_POINT ( 'NONE',  ( 11.10090844495952922, 1.020667486810866498, -1.508877403995144029 ) ) ;
#4449 = CARTESIAN_POINT ( 'NONE',  ( 2.074292151600405365, 0.4002816688128575939, -0.6299197273219987459 ) ) ;
#4450 = CARTESIAN_POINT ( 'NONE',  ( 14.10341760688994128, 0.7207137670021177556, -0.6698803299062713323 ) ) ;
#4451 = CARTESIAN_POINT ( 'NONE',  ( -2.192496217029860972, 0.4865429073478076405, -0.1872479830966514991 ) ) ;
#4452 = CARTESIAN_POINT ( 'NONE',  ( -14.33582779229999815, 0.6194826437980600620, 0.8346806989243601427 ) ) ;
#4453 = CARTESIAN_POINT ( 'NONE',  ( -14.33582779229998927, 0.3944397934564529140, 0.1879230478312237662 ) ) ;
#4454 = VERTEX_POINT ( 'NONE', #309 ) ;
#4455 = CARTESIAN_POINT ( 'NONE',  ( -13.86217895725230420, 0.7114328330723470595, 0.9121607626603933650 ) ) ;
#4456 = CARTESIAN_POINT ( 'NONE',  ( 7.386161658691488441, -0.7115190107149180765, 2.257393063034827563 ) ) ;
#4457 = CARTESIAN_POINT ( 'NONE',  ( 2.566391064300000302, -0.07542361607356125319, 0.7908715900412356392 ) ) ;
#4458 = CARTESIAN_POINT ( 'NONE',  ( 1.720780769141560196, 0.004453683043597236879, 0.6844631565193514122 ) ) ;
#4459 = CARTESIAN_POINT ( 'NONE',  ( -14.04507699868579351, 0.3319134919834620945, 0.1069572333244703799 ) ) ;
#4460 = CARTESIAN_POINT ( 'NONE',  ( -1.704591162922881820, 0.1787750148508287784, -0.2954099290385444609 ) ) ;
#4461 = CARTESIAN_POINT ( 'NONE',  ( 0.8336028239802991679, 0.04518060286459818498, -0.8998176550808494323 ) ) ;
#4462 = CARTESIAN_POINT ( 'NONE',  ( 3.238236000511461210, 0.2582707488739023338, 0.3276504414783876773 ) ) ;
#4463 = CARTESIAN_POINT ( 'NONE',  ( 13.69886725817996620, 0.6921930562157840860, -0.9801393552526653785 ) ) ;
#4464 = CARTESIAN_POINT ( 'NONE',  ( 1.258675872300000664, -0.01575605409175675695, 0.7698301923037549344 ) ) ;
#4465 = CARTESIAN_POINT ( 'NONE',  ( -1.258675872299999776, 0.07919710109772995499, -0.6966080718303367947 ) ) ;
#4466 = CARTESIAN_POINT ( 'NONE',  ( -3.213519258406521306, -0.1294178001239689457, -0.9102493255770146563 ) ) ;
#4467 = CARTESIAN_POINT ( 'NONE',  ( -2.566391064299997637, -0.05618584084786367588, -0.7661774502298279721 ) ) ;
#4468 = CARTESIAN_POINT ( 'NONE',  ( 14.33582779229998927, 0.6347916602234332517, -0.4292617135157200670 ) ) ;
#4469 = CARTESIAN_POINT ( 'NONE',  ( 14.33582779229999993, 0.2825468512182990888, -0.03489719236044171169 ) ) ;
#4470 = CARTESIAN_POINT ( 'NONE',  ( -14.33582779229998749, 0.5969919612562893940, 0.6681221260949253837 ) ) ;
#4471 = CARTESIAN_POINT ( 'NONE',  ( -1.258675872299999776, 0.01957791763066657822, -0.7470475201971533696 ) ) ;
#4472 = CARTESIAN_POINT ( 'NONE',  ( 11.07034205813912564, 0.3724125952457537636, -0.2576420232797501098 ) ) ;
#4473 = CARTESIAN_POINT ( 'NONE',  ( -2.566391064299999858, -0.05643401702780365126, -0.7664974162150486325 ) ) ;
#4474 = CARTESIAN_POINT ( 'NONE',  ( 7.163360028463587881, 1.028273453781503255, -1.779130549906453362 ) ) ;
#4475 = AXIS2_PLACEMENT_3D ( 'NONE', #2270, #5290, #4099 ) ;
#4476 = CARTESIAN_POINT ( 'NONE',  ( -14.33582779230001591, 0.6061097214875292849, 0.3854216273270247295 ) ) ;
#4477 = CARTESIAN_POINT ( 'NONE',  ( -7.385828999076337276, -0.6878641335562110104, -2.231888520826865285 ) ) ;
#4478 = CARTESIAN_POINT ( 'NONE',  ( -3.213681894702930641, -0.1078545052172662777, -0.8823215028978512731 ) ) ;
#4479 = CARTESIAN_POINT ( 'NONE',  ( 11.09036978648003213, 0.9462862337183267636, -1.019677324081973646 ) ) ;
#4480 = CARTESIAN_POINT ( 'NONE',  ( 2.566391064299999858, 0.5737772487234666929, -0.5300499578945363499 ) ) ;
#4481 = CARTESIAN_POINT ( 'NONE',  ( 14.18081896045977786, 0.6230864955424555429, -0.4155856047491208738 ) ) ;
#4482 = CARTESIAN_POINT ( 'NONE',  ( -1.258675872299999776, 0.1858269470338355100, -0.6036401335576154770 ) ) ;
#4483 = ORIENTED_EDGE ( 'NONE', *, *, #4297, .T. ) ;
#4484 = CARTESIAN_POINT ( 'NONE',  ( -2.566391064299999414, 0.6116605979294992279, 0.8253043168524449857 ) ) ;
#4485 = ORIENTED_EDGE ( 'NONE', *, *, #1526, .T. ) ;
#4486 = APPLICATION_PROTOCOL_DEFINITION ( 'draft international standard', 'automotive_design', 1998, #4964 ) ;
#4487 = CARTESIAN_POINT ( 'NONE',  ( 11.07034185686211636, 0.3724209581386864754, -0.2573119995062732590 ) ) ;
#4488 = CARTESIAN_POINT ( 'NONE',  ( -1.720872755482981020, 0.009022567136095173759, -0.7004962547661272021 ) ) ;
#4489 = CARTESIAN_POINT ( 'NONE',  ( 1.258675872299999332, 0.0009282265413767356362, 0.7243190609378692413 ) ) ;
#4490 = CARTESIAN_POINT ( 'NONE',  ( -14.17732295046934077, 0.5508874102935065187, 0.4544245339648651516 ) ) ;
#4491 = CARTESIAN_POINT ( 'NONE',  ( -1.637408286500281918, 0.2848915199469586601, 0.7202296937830191537 ) ) ;
#4492 = CARTESIAN_POINT ( 'NONE',  ( 7.358886296063404053, -0.3809938565424389467, 1.671135434336687986 ) ) ;
#4493 = CARTESIAN_POINT ( 'NONE',  ( 13.69262918656569816, 0.6864721404626967782, -0.9811965640497586350 ) ) ;
#4494 = CARTESIAN_POINT ( 'NONE',  ( 2.262826198107360742, -0.03896168871718160703, 0.7308806566334857813 ) ) ;
#4495 = LINE ( 'NONE', #5383, #3289 ) ;
#4496 = CARTESIAN_POINT ( 'NONE',  ( -3.213524472031497048, -0.1278137524295571981, -0.9081843232563966417 ) ) ;
#4497 = CARTESIAN_POINT ( 'NONE',  ( -3.213738362521123548, -0.1035167048965728587, -0.8766325294920085387 ) ) ;
#4498 = CARTESIAN_POINT ( 'NONE',  ( 3.293040172460534265, 0.8294104849405894431, -0.6103453543429300243 ) ) ;
#4499 = CARTESIAN_POINT ( 'NONE',  ( 3.213550004848020336, -0.1224386213040611071, 0.9012657867881157525 ) ) ;
#4500 = CARTESIAN_POINT ( 'NONE',  ( -14.33582779229997151, 0.5994652849978963083, 0.7253131953078596483 ) ) ;
#4501 = CARTESIAN_POINT ( 'NONE',  ( -13.69490692406871091, 0.6933118432338949422, 0.9808105402471171130 ) ) ;
#4502 = CARTESIAN_POINT ( 'NONE',  ( 3.213515197402938117, -0.1310474206389299900, 0.9123204835640895682 ) ) ;
#4503 = CARTESIAN_POINT ( 'NONE',  ( -1.258675872299999332, 0.0009282265413767356362, -0.7243190609378692413 ) ) ;
#4504 = CARTESIAN_POINT ( 'NONE',  ( 7.350111090501270539, -0.3043977099262243913, 1.519600375112942992 ) ) ;
#4505 = CARTESIAN_POINT ( 'NONE',  ( -14.33582779230001236, 0.3565288761344734825, 0.1034816178810320508 ) ) ;
#4506 = CARTESIAN_POINT ( 'NONE',  ( -14.33582779230000703, 0.2675730968111448838, 0.01561897754379871009 ) ) ;
#4507 = CARTESIAN_POINT ( 'NONE',  ( -7.377725278635904438, -0.5671987245398537603, -2.022944948886368000 ) ) ;
#4508 = EDGE_CURVE ( 'NONE', #4786, #1825, #4889, .T. ) ;
#4509 = CARTESIAN_POINT ( 'NONE',  ( 14.33582779229998749, 0.4658381063775989817, -0.2162488721527708602 ) ) ;
#4510 = CARTESIAN_POINT ( 'NONE',  ( 2.566391064300002522, 0.5779045281144544743, -0.6156128917455756522 ) ) ;
#4511 = CARTESIAN_POINT ( 'NONE',  ( 2.566391064299997193, -0.08687946767606138931, 0.8058866196417359129 ) ) ;
#4512 = CARTESIAN_POINT ( 'NONE',  ( -2.225350519203624700, 0.3417730896412365937, -0.3661999170360556444 ) ) ;
#4513 = ORIENTED_EDGE ( 'NONE', *, *, #5564, .F. ) ;
#4514 = CARTESIAN_POINT ( 'NONE',  ( -3.304098318535813483, 0.7034574683989125443, 1.019995185186730602 ) ) ;
#4515 = ORIENTED_EDGE ( 'NONE', *, *, #200, .F. ) ;
#4516 = CARTESIAN_POINT ( 'NONE',  ( 7.386146449299495487, -0.7096822718345694447, 2.254950629621462532 ) ) ;
#4517 = CARTESIAN_POINT ( 'NONE',  ( -1.258675872300000664, 0.1631684515481732767, -0.6239030360002925102 ) ) ;
#4518 = CARTESIAN_POINT ( 'NONE',  ( 1.720564324135346546, 0.01483187647086053711, 0.6634328951257398854 ) ) ;
#4519 = CARTESIAN_POINT ( 'NONE',  ( -13.94545491971975970, 0.2945733483570807665, 0.05851834928549298070 ) ) ;
#4520 = CARTESIAN_POINT ( 'NONE',  ( -2.091647793835632374, 0.4083336183382384466, 0.4435922475707870238 ) ) ;
#4521 = B_SPLINE_SURFACE_WITH_KNOTS ( 'NONE', 3, 1, ( 
 ( #4253, #1706 ),
 ( #3878, #332 ),
 ( #4279, #417 ),
 ( #5654, #1736 ),
 ( #847, #3456 ),
 ( #2540, #5137 ),
 ( #359, #880 ),
 ( #2083, #818 ),
 ( #3485, #5223 ),
 ( #3823, #1651 ),
 ( #2112, #1221 ),
 ( #1309, #790 ),
 ( #5194, #5624 ),
 ( #1279, #1678 ),
 ( #3428, #2627 ),
 ( #3058, #2567 ),
 ( #4734, #4307 ),
 ( #2201, #4367 ),
 ( #2596, #25 ),
 ( #3517, #5256 ),
 ( #4461, #5316 ),
 ( #4005, #1342 ),
 ( #1803, #3151 ),
 ( #3090, #912 ),
 ( #975, #3548 ),
 ( #944, #1373 ),
 ( #2721, #3120 ),
 ( #2691, #482 ),
 ( #1834, #545 ),
 ( #4401, #513 ),
 ( #2266, #1405 ),
 ( #2297, #88 ),
 ( #3974, #3580 ),
 ( #4432, #4825 ),
 ( #4857, #4887 ),
 ( #2234, #2660 ),
 ( #58, #5286 ),
 ( #3316, #5489 ),
 ( #4277, #3292 ),
 ( #1978, #1649 ),
 ( #5135, #1593 ),
 ( #5056, #3396 ),
 ( #2434, #5464 ),
 ( #4704, #5031 ),
 ( #4601, #684 ),
 ( #2511, #3342 ),
 ( #3719, #3744 ),
 ( #1219, #4251 ),
 ( #4198, #330 ),
 ( #788, #2081 ),
 ( #2967, #761 ),
 ( #3795, #1543 ),
 ( #1139, #3821 ) ),
 .UNSPECIFIED., .T., .F., .F.,
 ( 4, 1, 1, 1, 1, 1, 1, 1, 1, 1, 1, 1, 1, 1, 1, 1, 1, 1, 1, 1, 1, 1, 1, 1, 1, 1, 1, 1, 1, 1, 1, 1, 1, 1, 1, 1, 1, 1, 1, 1, 1, 1, 1, 1, 1, 1, 1, 1, 1, 1, 4 ),
 ( 2, 2 ),
 ( 0.000000000000000000, 0.0009071869730225001760, 0.003145484593944036789, 0.01215735582497168288, 0.04415362370214004351, 0.04482848395437934869, 0.05460000000005107296, 0.08599275744368251040, 0.1269134837486644019, 0.1619882218343359215, 0.1931279031202673968, 0.2513001235953618018, 0.2793494352173847561, 0.2812500199164993386, 0.2966369751624661211, 0.3121713086411881388, 0.3433343383762111900, 0.3745312319175069238, 0.4059937719891284491, 0.4213448468546254766, 0.4370349827036108525, 0.4462111649800391544, 0.4534738142720254883, 0.4700034780492290398, 0.4758594900501359470, 0.4857738231316721667, 0.5005408858997337784, 0.5038025262993266473, 0.5314428736485379279, 0.5579801329371434360, 0.5664262989871529097, 0.5841051283058658061, 0.6011114366527811059, 0.6223792671221958228, 0.6330776538510651807, 0.6629671682290770862, 0.6919931874275774275, 0.7219150413458930160, 0.7525619998980525027, 0.7548643554379764753, 0.7896017132647896730, 0.8324221744713882210, 0.9131801708613548341, 0.9568848395433335874, 0.9756529348422963155, 0.9936599592682702209, 0.9983556958261430303, 0.9995219610753197648, 0.9996941019960269292, 0.9998254599814010435, 1.000000000000000000 ),
 ( 0.000000000000000000, 1.000000000000000000 ),
 .UNSPECIFIED. ) ;
#4522 = CARTESIAN_POINT ( 'NONE',  ( 3.242150584222105003, 0.2940083833343757336, 0.2656511293464282053 ) ) ;
#4523 = CARTESIAN_POINT ( 'NONE',  ( -7.178822885843161750, 1.062743631335026695, 1.380008654466504892 ) ) ;
#4524 = CARTESIAN_POINT ( 'NONE',  ( 2.566391064299999858, -0.08323276548721099399, 0.8008048755432031207 ) ) ;
#4525 = CARTESIAN_POINT ( 'NONE',  ( 2.566391064299999858, 0.6212848363331431312, -0.8359788181397669327 ) ) ;
#4526 = CARTESIAN_POINT ( 'NONE',  ( -7.386146449299495487, -0.7096822718345694447, -2.254950629621462532 ) ) ;
#4527 = CARTESIAN_POINT ( 'NONE',  ( -3.214526125841332682, -0.06637632060739134809, -0.8269164474279337984 ) ) ;
#4528 = CARTESIAN_POINT ( 'NONE',  ( 3.283121015431009315, 0.7941452160084714329, -0.3911828637508368289 ) ) ;
#4529 = CARTESIAN_POINT ( 'NONE',  ( 7.386100959950991474, -0.7059114850436161159, 2.249877287636487644 ) ) ;
#4530 = CARTESIAN_POINT ( 'NONE',  ( -2.566391064300004743, 0.5813153068161089898, 0.6618547416386370008 ) ) ;
#4531 = CARTESIAN_POINT ( 'NONE',  ( -1.135342538910912635, 0.03109524914022980882, 0.4678582920440295667 ) ) ;
#4532 = CARTESIAN_POINT ( 'NONE',  ( -2.262605598796804784, -0.02705364088866770572, -0.7121183892100640955 ) ) ;
#4533 = CARTESIAN_POINT ( 'NONE',  ( 14.33582779230001591, 0.4185095153491783515, -0.2234723757900182461 ) ) ;
#4534 = CARTESIAN_POINT ( 'NONE',  ( -14.33582779230001591, 0.4045009171206292997, 0.1517627572924934720 ) ) ;
#4535 = CARTESIAN_POINT ( 'NONE',  ( -7.386176111380257758, -0.7151773250741734200, -2.261702928994589801 ) ) ;
#4536 = CARTESIAN_POINT ( 'NONE',  ( -11.07069299799159623, 0.4166779257763771893, 0.3163055910777382018 ) ) ;
#4537 = CARTESIAN_POINT ( 'NONE',  ( 2.566391064299997637, 0.6887142327348920734, -0.09622378694140842903 ) ) ;
#4538 = CARTESIAN_POINT ( 'NONE',  ( 1.636680744347674743, 0.4772274399383911736, -0.7604282364151300211 ) ) ;
#4539 = CARTESIAN_POINT ( 'NONE',  ( 14.01843653560245961, 0.7241134716581634212, -0.7857797766858634070 ) ) ;
#4540 = CARTESIAN_POINT ( 'NONE',  ( -2.566391064300002522, 0.2685659196734959120, -0.4483050925009383070 ) ) ;
#4541 = CARTESIAN_POINT ( 'NONE',  ( -0.9202531498582485758, 0.5740327904365799538, 0.8116371815121068423 ) ) ;
#4542 = ORIENTED_EDGE ( 'NONE', *, *, #4095, .T. ) ;
#4543 = CARTESIAN_POINT ( 'NONE',  ( -13.72966823510759227, 0.6980841477989608856, 0.9697516325671069470 ) ) ;
#4544 = CARTESIAN_POINT ( 'NONE',  ( 2.566391064299997637, -0.08355121436409808366, 0.8014011732201435922 ) ) ;
#4545 = CARTESIAN_POINT ( 'NONE',  ( -1.720703109123199459, 0.02989247781673083290, -0.6817285334271415698 ) ) ;
#4546 = CARTESIAN_POINT ( 'NONE',  ( 1.720880769713178049, -0.003020026505582067838, 0.6995158448998554102 ) ) ;
#4547 = CARTESIAN_POINT ( 'NONE',  ( -13.84282003748154821, 0.2773487361323050959, 0.03696330444080641459 ) ) ;
#4548 = CARTESIAN_POINT ( 'NONE',  ( -1.258675872299997112, 0.1424724434986377464, 0.5976522731461957338 ) ) ;
#4549 = CARTESIAN_POINT ( 'NONE',  ( 7.292176374197826938, 0.1513763500417064645, 0.5707300318652498428 ) ) ;
#4550 = CARTESIAN_POINT ( 'NONE',  ( -11.10064020906245474, 1.025312601020301084, 1.487178981889159646 ) ) ;
#4551 = CARTESIAN_POINT ( 'NONE',  ( 1.720931846657879349, -0.01014015435373773893, 0.7138514746368526120 ) ) ;
#4552 = CARTESIAN_POINT ( 'NONE',  ( -1.258675872299999776, 0.1762500095929560862, -0.1689588619714898210 ) ) ;
#4553 = CARTESIAN_POINT ( 'NONE',  ( -3.214405350152166552, -0.07076984950914652628, -0.8328898056345475087 ) ) ;
#4554 = CARTESIAN_POINT ( 'NONE',  ( 11.08356108920006378, 0.8161857084590580236, -0.7988845939330180279 ) ) ;
#4555 = CARTESIAN_POINT ( 'NONE',  ( 2.566391064300003855, -0.06753329670084315395, 0.7807679957245416968 ) ) ;
#4556 = CARTESIAN_POINT ( 'NONE',  ( -3.304087260389736880, 0.6900419615643026416, 1.006621810258292005 ) ) ;
#4557 = CARTESIAN_POINT ( 'NONE',  ( -1.079654371959908543, 0.006215731867660272136, 0.5880858279589619153 ) ) ;
#4558 = CARTESIAN_POINT ( 'NONE',  ( 7.334580234628383266, -0.1759182235700526842, 1.259434842323860382 ) ) ;
#4559 = EDGE_CURVE ( 'NONE', #506, #4818, #2849, .T. ) ;
#4560 = CARTESIAN_POINT ( 'NONE',  ( -14.33582779229999993, 0.3676651677412505204, 0.1145582534465348634 ) ) ;
#4561 = CARTESIAN_POINT ( 'NONE',  ( -14.33582779230004078, 0.2688660971331378047, 0.01728833504392715895 ) ) ;
#4562 = B_SPLINE_SURFACE_WITH_KNOTS ( 'NONE', 3, 1, ( 
 ( #4866, #154 ),
 ( #3219, #4379 ),
 ( #1415, #126 ),
 ( #3951, #3189 ),
 ( #1382, #3129 ) ),
 .UNSPECIFIED., .F., .F., .F.,
 ( 4, 1, 4 ),
 ( 2, 2 ),
 ( 0.000000000000000000, 0.5674381419550632577, 0.9823769722850707042 ),
 ( 0.000000000000000000, 1.000000000000000000 ),
 .UNSPECIFIED. ) ;
#4563 = CARTESIAN_POINT ( 'NONE',  ( -7.383363203712706380, -0.6415943919684390373, -2.151647062915412523 ) ) ;
#4564 = CARTESIAN_POINT ( 'NONE',  ( -14.33582779229999637, 0.4227356382105103005, 0.1705442167804936682 ) ) ;
#4565 = CARTESIAN_POINT ( 'NONE',  ( 11.09176977704434996, 0.9690009486810280404, -1.069236770539787162 ) ) ;
#4566 = CARTESIAN_POINT ( 'NONE',  ( 1.636083537286588729, 0.4247120562789706288, -0.7876957196681039219 ) ) ;
#4567 = CARTESIAN_POINT ( 'NONE',  ( 2.566391064299999858, -0.08690578296312279072, 0.8057248026979634270 ) ) ;
#4568 = CARTESIAN_POINT ( 'NONE',  ( -0.7423772748560636403, -0.1254767725630772379, -0.9756744258288557736 ) ) ;
#4569 = VERTEX_POINT ( 'NONE', #2464 ) ;
#4570 = CARTESIAN_POINT ( 'NONE',  ( 3.213526465454007219, -0.1272763324753215519, 0.9074943539071569365 ) ) ;
#4571 = CARTESIAN_POINT ( 'NONE',  ( -2.566391064300002522, -0.03131343175720119332, -0.7494979785515832882 ) ) ;
#4572 = CARTESIAN_POINT ( 'NONE',  ( 1.258675872299999776, 0.06519165108980794210, 0.5408631926478442153 ) ) ;
#4573 = CARTESIAN_POINT ( 'NONE',  ( -13.82774569147775523, 0.2757548614533516518, 0.03508974371684250165 ) ) ;
#4574 = CARTESIAN_POINT ( 'NONE',  ( -1.642606127761606638, 0.2697823703113251259, 0.5687255105470824246 ) ) ;
#4575 = CARTESIAN_POINT ( 'NONE',  ( 7.355224577198460345, -0.3486373479473595105, 1.607440693633111595 ) ) ;
#4576 = CARTESIAN_POINT ( 'NONE',  ( -2.566391064300000302, 0.6862015167040260710, 0.8043588025977665978 ) ) ;
#4577 = CARTESIAN_POINT ( 'NONE',  ( 1.720937167262004630, -0.01162679508517066272, 0.7168662080081937837 ) ) ;
#4578 = CARTESIAN_POINT ( 'NONE',  ( -1.258675872299999776, 0.1821615367293938359, 0.4387492842503409318 ) ) ;
#4579 = CARTESIAN_POINT ( 'NONE',  ( -7.385187210171984873, -0.6755947475234719279, -2.205860320492727844 ) ) ;
#4580 = CARTESIAN_POINT ( 'NONE',  ( 11.07279531476497958, 0.5367090451841172172, -0.4333892557971262272 ) ) ;
#4581 = CARTESIAN_POINT ( 'NONE',  ( 14.33582779229999637, 0.2732049710294978673, -0.02290447782720898481 ) ) ;
#4582 = CARTESIAN_POINT ( 'NONE',  ( -7.172771019938256387, 0.9433577847022869278, 1.486595434499124568 ) ) ;
#4583 = CARTESIAN_POINT ( 'NONE',  ( -1.258675872299999776, 0.1821615367293938359, 0.4387492842503409318 ) ) ;
#4584 = CARTESIAN_POINT ( 'NONE',  ( 7.372916085196322022, -0.5147542391003205875, 1.927042644570209573 ) ) ;
#4585 = CARTESIAN_POINT ( 'NONE',  ( -2.566391064299998970, 0.4355439593839210421, -0.2624763984249821047 ) ) ;
#4586 = CARTESIAN_POINT ( 'NONE',  ( -3.213510115474784268, -0.1339051168269554115, -0.9170117566069296844 ) ) ;
#4587 = CARTESIAN_POINT ( 'NONE',  ( -14.33582779229999460, 0.3021531257047850860, 0.06043104887795000546 ) ) ;
#4588 = CARTESIAN_POINT ( 'NONE',  ( 7.163360028463587881, 1.028273453781503255, -1.779130549906453362 ) ) ;
#4589 = CARTESIAN_POINT ( 'NONE',  ( -7.368729077970226804, -0.4272308187102693555, -1.854771617564771713 ) ) ;
#4590 = CARTESIAN_POINT ( 'NONE',  ( 7.214957285190179093, 0.8631016971736894527, -0.6956195575650636620 ) ) ;
#4591 = CARTESIAN_POINT ( 'NONE',  ( 1.636474542561120460, 0.3179545627613125647, -0.7561697518278028829 ) ) ;
#4592 = CARTESIAN_POINT ( 'NONE',  ( 2.262864310994609607, -0.04402538093933496682, 0.7388358190757707833 ) ) ;
#4593 = CARTESIAN_POINT ( 'NONE',  ( 1.258675872299999998, 0.3877643394081785599, -0.7736089910525834057 ) ) ;
#4594 = CARTESIAN_POINT ( 'NONE',  ( 14.33582779229999637, 0.2715526976610915244, -0.02079117861312559240 ) ) ;
#4595 = CARTESIAN_POINT ( 'NONE',  ( -1.720940923299180136, -0.01187051498082562946, -0.7203441789310779386 ) ) ;
#4596 = CARTESIAN_POINT ( 'NONE',  ( 1.258675872299999110, 0.01206836335572303125, 0.6936248412640804162 ) ) ;
#4597 = CARTESIAN_POINT ( 'NONE',  ( 0.000000000000000000, 0.7456910972541630489, 0.000000000000000000 ) ) ;
#4598 = CARTESIAN_POINT ( 'NONE',  ( -2.566391064299998082, 0.5749176158830205940, 0.5585977351300187577 ) ) ;
#4599 = CARTESIAN_POINT ( 'NONE',  ( 14.33582779229999815, 0.6070191811925962355, -0.7963922913042894569 ) ) ;
#4600 = CARTESIAN_POINT ( 'NONE',  ( -2.566391064299998970, 0.7536169185525533054, 0.6468455910025820987 ) ) ;
#4601 = CARTESIAN_POINT ( 'NONE',  ( 0.8785273675272073923, 0.04999444246926538354, 0.8580399081539598072 ) ) ;
#4602 = CARTESIAN_POINT ( 'NONE',  ( -1.258675872299999776, 0.1523046735487117442, 0.5591004946311221024 ) ) ;
#4603 = CARTESIAN_POINT ( 'NONE',  ( -14.33582779230003545, 0.2891099744501472446, 0.04338701621664670105 ) ) ;
#4604 = CARTESIAN_POINT ( 'NONE',  ( 3.246197865685658712, 0.4629851819445303107, 0.2210561488527467422 ) ) ;
#4605 = CARTESIAN_POINT ( 'NONE',  ( 2.566391064300005187, -0.04305779370577792614, 0.7491954178761923711 ) ) ;
#4606 = CARTESIAN_POINT ( 'NONE',  ( 0.7657418752678477603, 0.4131215229147275347, -0.9574331030381429963 ) ) ;
#4607 = CARTESIAN_POINT ( 'NONE',  ( -1.258675872299999776, 0.06584286995628435557, -0.5406566732486947080 ) ) ;
#4608 = CARTESIAN_POINT ( 'NONE',  ( 11.07322850856660956, 0.5131173280690670691, -0.4578246969711310954 ) ) ;
#4609 = CARTESIAN_POINT ( 'NONE',  ( -11.07068672241913454, 0.4287433011959573270, 0.3150231878915806805 ) ) ;
#4610 = CARTESIAN_POINT ( 'NONE',  ( -14.33582779229995907, 0.2677009659349459114, 0.01611069186904587683 ) ) ;
#4611 = CARTESIAN_POINT ( 'NONE',  ( -2.566391064299997637, -0.01696890633307328311, -0.7151038234205485677 ) ) ;
#4612 = CARTESIAN_POINT ( 'NONE',  ( -0.7376361199289189763, -0.1382729668552163949, -0.9792483099170832261 ) ) ;
#4613 = CARTESIAN_POINT ( 'NONE',  ( -14.33582779229998749, 0.4658381063775989817, 0.2162488721527708602 ) ) ;
#4614 = B_SPLINE_CURVE_WITH_KNOTS ( 'NONE', 3,
 ( #2663, #4404, #1435, #2237, #1314 ),
 .UNSPECIFIED., .F., .F.,
 ( 4, 1, 4 ),
 ( 0.9453999999999466164, 0.9902284839543278316, 0.9999999999999995559 ),
 .UNSPECIFIED. ) ;
#4615 = CARTESIAN_POINT ( 'NONE',  ( 3.217385866086526214, 0.04360713746229422788, 0.7326726688612804628 ) ) ;
#4616 = CARTESIAN_POINT ( 'NONE',  ( 1.636488645985191503, 0.4648625248253489550, -0.7685029451531268929 ) ) ;
#4617 = CARTESIAN_POINT ( 'NONE',  ( 2.262866118732331344, -0.04439913682038462706, 0.7395743628225607269 ) ) ;
#4618 = CARTESIAN_POINT ( 'NONE',  ( -0.7657418752678478713, 0.4131215229147278123, 0.9574331030381428853 ) ) ;
#4619 = CARTESIAN_POINT ( 'NONE',  ( 14.33582779229999460, 0.2768740373735862348, -0.02760311232101905765 ) ) ;
#4620 = CARTESIAN_POINT ( 'NONE',  ( 14.33582779229999637, 0.6235403889254867993, -0.8376068082928783687 ) ) ;
#4621 = CARTESIAN_POINT ( 'NONE',  ( 2.260019582622267098, 0.01907231532692735959, 0.6383666680355598588 ) ) ;
#4622 = CARTESIAN_POINT ( 'NONE',  ( 0.9602134677142701857, -0.06107153888123450364, 0.7646775874324664990 ) ) ;
#4623 = CARTESIAN_POINT ( 'NONE',  ( -2.566391064300002078, 0.6760677108621251374, 0.8157107414559777725 ) ) ;
#4624 = CARTESIAN_POINT ( 'NONE',  ( 11.09442057885043909, 0.8737534325572308136, -1.171281657754245309 ) ) ;
#4625 = CARTESIAN_POINT ( 'NONE',  ( -14.33582779229998039, 0.6838005134926349315, 0.7565211054655411882 ) ) ;
#4626 = CARTESIAN_POINT ( 'NONE',  ( 13.76260775404282022, 0.6715462496704200923, -0.9585497232333225481 ) ) ;
#4627 = CARTESIAN_POINT ( 'NONE',  ( -2.262643858718838885, -0.02857656178865782340, -0.7145211465233225478 ) ) ;
#4628 = CARTESIAN_POINT ( 'NONE',  ( -1.185099703253796211, 0.06220860232341991758, 0.3151926676568679309 ) ) ;
#4629 = CARTESIAN_POINT ( 'NONE',  ( -14.33582779230000526, 0.3193767319509610569, 0.08328439289441946780 ) ) ;
#4630 = CARTESIAN_POINT ( 'NONE',  ( 7.325359638934620499, -0.008865313659947407152, 1.122027856729566286 ) ) ;
#4631 = CARTESIAN_POINT ( 'NONE',  ( 14.33582779230001236, 0.2847374761850978153, -0.03772485932503830824 ) ) ;
#4632 = CARTESIAN_POINT ( 'NONE',  ( 0.7374473134651977624, -0.1380869617704678920, 0.9793905479893165733 ) ) ;
#4633 = CARTESIAN_POINT ( 'NONE',  ( -1.258675872299999776, 0.5475040974479106204, 0.5930587806842245735 ) ) ;
#4634 = CARTESIAN_POINT ( 'NONE',  ( 11.08164853378428738, 0.6871082714720273543, -0.7514986618123725703 ) ) ;
#4635 = CARTESIAN_POINT ( 'NONE',  ( -14.33582779230001591, 0.3229238634280748310, 0.07044876791144173700 ) ) ;
#4636 = CARTESIAN_POINT ( 'NONE',  ( -7.386131740122245048, -0.7082812822299865418, -2.253077080944475341 ) ) ;
#4637 = CARTESIAN_POINT ( 'NONE',  ( -3.234487288991934495, 0.2222137397541779635, -0.3886423683733717382 ) ) ;
#4638 = CARTESIAN_POINT ( 'NONE',  ( -1.228094795072778300, 0.08846616142087521117, -0.1146292529545445416 ) ) ;
#4639 = CARTESIAN_POINT ( 'NONE',  ( -2.566391064300002522, 0.1583454535166174126, -0.5623271840731428606 ) ) ;
#4640 = CARTESIAN_POINT ( 'NONE',  ( 3.220603786594428808, 0.1133819847643865453, 0.6558115631850464089 ) ) ;
#4641 = CARTESIAN_POINT ( 'NONE',  ( 1.258675872299999554, 0.2942151036077323978, -0.7916178421323191161 ) ) ;
#4642 = CARTESIAN_POINT ( 'NONE',  ( -11.10167681409778595, 0.9529111363013480496, 1.600126938549241817 ) ) ;
#4643 = CARTESIAN_POINT ( 'NONE',  ( 3.213535713506975089, -0.1251281749540447963, 0.9047309530074257866 ) ) ;
#4644 = FACE_OUTER_BOUND ( 'NONE', #3174, .T. ) ;
#4645 = CARTESIAN_POINT ( 'NONE',  ( 2.566391064300006519, 0.05075451273089957860, 0.6244676531079260684 ) ) ;
#4646 = CARTESIAN_POINT ( 'NONE',  ( -13.82930390905863582, 0.2759661023143126224, 0.03526832973085243517 ) ) ;
#4647 = CARTESIAN_POINT ( 'NONE',  ( -2.566391064300001190, 0.6364509809057845580, 0.8416613285787714061 ) ) ;
#4648 = AXIS2_PLACEMENT_3D ( 'NONE', #4597, #1135, #4143 ) ;
#4649 = CARTESIAN_POINT ( 'NONE',  ( 2.566391064300005187, 0.5747548299926726889, -0.5571324934245466265 ) ) ;
#4650 = CARTESIAN_POINT ( 'NONE',  ( -7.190559425789142978, 1.007565359115511150, 1.144257566974597795 ) ) ;
#4651 = DIRECTION ( 'NONE',  ( -0.9859409396226633815, 0.000000000000000000, -0.1670941757691735141 ) ) ;
#4652 = CARTESIAN_POINT ( 'NONE',  ( -2.253473087640277317, 0.07328495064297960160, -0.5488466856923525095 ) ) ;
#4653 = CARTESIAN_POINT ( 'NONE',  ( -1.102175554564277959, 0.6820356517648242800, 0.5389681714041762994 ) ) ;
#4654 = CARTESIAN_POINT ( 'NONE',  ( -11.07153015935746510, 0.4582324534324287435, 0.3752459354308491646 ) ) ;
#4655 = CARTESIAN_POINT ( 'NONE',  ( 2.566391064299998970, 0.4355439593839210421, 0.2624763984249821047 ) ) ;
#4656 = CARTESIAN_POINT ( 'NONE',  ( 3.214789383150927993, -0.05757104693742035734, 0.8148734381885984757 ) ) ;
#4657 = FACE_OUTER_BOUND ( 'NONE', #5093, .T. ) ;
#4658 = CARTESIAN_POINT ( 'NONE',  ( 2.566391064299999858, 0.7441728428364996484, -0.7152302913175379029 ) ) ;
#4659 = CARTESIAN_POINT ( 'NONE',  ( 3.258804152211468796, 0.4317132300975799475, 0.009752333220942623754 ) ) ;
#4660 = CARTESIAN_POINT ( 'NONE',  ( -2.566391064300002967, -0.08534037549491135799, -0.8040629379944895794 ) ) ;
#4661 = CARTESIAN_POINT ( 'NONE',  ( -3.213522606298378381, -0.1283484693563677892, -0.9088730069157231473 ) ) ;
#4662 = CARTESIAN_POINT ( 'NONE',  ( -2.566391064300000302, 0.2157200755080715127, -0.3890557640026759412 ) ) ;
#4663 = CARTESIAN_POINT ( 'NONE',  ( -0.9140464189358308289, -0.07796409365467166230, -0.8171882215369155045 ) ) ;
#4664 = CARTESIAN_POINT ( 'NONE',  ( -7.274768759909084892, 0.4158831620880453217, -0.3066911187095764935 ) ) ;
#4665 = CARTESIAN_POINT ( 'NONE',  ( 11.07337290650053774, 0.5577488833906580901, -0.4578763654736974775 ) ) ;
#4666 = CARTESIAN_POINT ( 'NONE',  ( 2.113003090248565918, 0.6835544569253456659, -0.2765019428127395984 ) ) ;
#4667 = CARTESIAN_POINT ( 'NONE',  ( -2.566391064300000302, 0.7371724097763783234, 0.7074852882727921122 ) ) ;
#4668 = CARTESIAN_POINT ( 'NONE',  ( -7.315731052281774893, -0.02744844990823190611, -0.9511505847596519736 ) ) ;
#4669 = EDGE_CURVE ( 'NONE', #3538, #3022, #3324, .T. ) ;
#4670 = CARTESIAN_POINT ( 'NONE',  ( -2.566391064299994529, -0.07322037986087749639, -0.7880529610063583545 ) ) ;
#4671 = CARTESIAN_POINT ( 'NONE',  ( 2.566391064300003855, -0.06753329670084315395, 0.7807679957245416968 ) ) ;
#4672 = CARTESIAN_POINT ( 'NONE',  ( 2.566391064299997637, 0.6757472866483793528, -0.8160377745188437393 ) ) ;
#4673 = CARTESIAN_POINT ( 'NONE',  ( 2.566391064300002522, -0.03041029555260352235, 0.7327251067986877420 ) ) ;
#4674 = CARTESIAN_POINT ( 'NONE',  ( 1.203235179604958960, 0.07497340354041034938, -0.2402401427500110431 ) ) ;
#4675 = CARTESIAN_POINT ( 'NONE',  ( -2.566391064299998970, 0.6644551997764902573, 0.8265945761488515675 ) ) ;
#4676 = CARTESIAN_POINT ( 'NONE',  ( 14.33582779229998927, 0.5938032751779159790, -0.6109660381306921684 ) ) ;
#4677 = CARTESIAN_POINT ( 'NONE',  ( -3.283121015431009315, 0.7941452160084714329, 0.3911828637508368289 ) ) ;
#4678 = FACE_OUTER_BOUND ( 'NONE', #4910, .T. ) ;
#4679 = CARTESIAN_POINT ( 'NONE',  ( -1.258675872300000886, 0.05227710749355835712, -0.5791185528625161227 ) ) ;
#4680 = CARTESIAN_POINT ( 'NONE',  ( -0.7371432520549816569, -0.1376419139370736178, -0.9796193809700968202 ) ) ;
#4681 = CARTESIAN_POINT ( 'NONE',  ( -14.33582779229999637, 0.3406344758467942380, 0.1120552799881373851 ) ) ;
#4682 = CARTESIAN_POINT ( 'NONE',  ( 7.385551055234916618, -0.6774181702442796382, 2.219666810165882076 ) ) ;
#4683 = CARTESIAN_POINT ( 'NONE',  ( 11.07069299799159623, 0.4166779257763771893, -0.3163055910777382018 ) ) ;
#4684 = CARTESIAN_POINT ( 'NONE',  ( -2.566391064299998970, -0.02388846694797146578, -0.7422646928822130841 ) ) ;
#4685 = CARTESIAN_POINT ( 'NONE',  ( -1.005348615402454904, 0.2086104023340810687, -0.7169657736109916746 ) ) ;
#4686 = CARTESIAN_POINT ( 'NONE',  ( 11.09442057885043909, 0.8737534325572308136, -1.171281657754245309 ) ) ;
#4687 = CARTESIAN_POINT ( 'NONE',  ( -7.386177305473072607, -0.7153244911296964270, -2.262584201630299496 ) ) ;
#4688 = CARTESIAN_POINT ( 'NONE',  ( -11.07034953979818859, 0.3774640727502495130, 0.2640227915337822195 ) ) ;
#4689 = CARTESIAN_POINT ( 'NONE',  ( -7.374207631578687305, -0.5283069060090795910, -1.952132195384274294 ) ) ;
#4690 = CARTESIAN_POINT ( 'NONE',  ( 14.33582779229999637, 0.6235403889254867993, -0.8376068082928783687 ) ) ;
#4691 = CARTESIAN_POINT ( 'NONE',  ( 1.135342538910913301, 0.03109524914023056863, -0.4678582920440282900 ) ) ;
#4692 = CARTESIAN_POINT ( 'NONE',  ( 11.07068672241913454, 0.4287433011959573270, -0.3150231878915806805 ) ) ;
#4693 = CARTESIAN_POINT ( 'NONE',  ( 2.121073820999947124, 0.6741608843814014262, -0.2198719830803154140 ) ) ;
#4694 = CARTESIAN_POINT ( 'NONE',  ( -14.33582779229998749, 0.6737632029140998569, 0.7862912648881044131 ) ) ;
#4695 = CARTESIAN_POINT ( 'NONE',  ( -3.279372303911495923, 0.5737853331560606174, 0.3236223884014012842 ) ) ;
#4696 = CARTESIAN_POINT ( 'NONE',  ( -2.566391064300000302, -0.07542361607356125319, -0.7908715900412356392 ) ) ;
#4697 = CARTESIAN_POINT ( 'NONE',  ( 7.385754652286258271, -0.6908670120413044069, 2.228679562964002603 ) ) ;
#4698 = CARTESIAN_POINT ( 'NONE',  ( 7.163387227860913420, 1.040205650159049533, -1.783283855583146060 ) ) ;
#4699 = CARTESIAN_POINT ( 'NONE',  ( 2.566391064300000302, 0.2773786448166217777, 0.2939991862930459998 ) ) ;
#4700 = CARTESIAN_POINT ( 'NONE',  ( 1.170083095194946576, 0.05183288169194982808, -0.3687725577475756689 ) ) ;
#4701 = CARTESIAN_POINT ( 'NONE',  ( -1.258675872299999776, 0.3493849846719507823, 0.7860124645990496095 ) ) ;
#4702 = CARTESIAN_POINT ( 'NONE',  ( 3.298215384823771412, 0.6445697153096110465, -0.7246340782151236004 ) ) ;
#4703 = CARTESIAN_POINT ( 'NONE',  ( 1.715379796020039205, 0.2090241975508013716, 0.5207369636268122104 ) ) ;
#4704 = CARTESIAN_POINT ( 'NONE',  ( 1.005348615402454904, 0.2086104023340810687, 0.7169657736109916746 ) ) ;
#4705 = CARTESIAN_POINT ( 'NONE',  ( -1.719171185472962327, 0.04952777485287548909, -0.5916370098613288331 ) ) ;
#4706 = CARTESIAN_POINT ( 'NONE',  ( -1.005348615402454904, 0.2086104023340810687, -0.7169657736109916746 ) ) ;
#4707 = CARTESIAN_POINT ( 'NONE',  ( -14.33582779229997684, 0.3448496399749636510, 0.1178363831224438496 ) ) ;
#4708 = CARTESIAN_POINT ( 'NONE',  ( 7.378806454679342153, -0.5517391352854529307, 2.049203167517315460 ) ) ;
#4709 = CARTESIAN_POINT ( 'NONE',  ( 7.383030595457529266, -0.6363764422951025956, 2.143005718966265682 ) ) ;
#4710 = CARTESIAN_POINT ( 'NONE',  ( 1.005348615402456014, 0.2086104023340819291, 0.7169657736109902313 ) ) ;
#4711 = DIRECTION ( 'NONE',  ( -0.000000000000000000, 1.000000000000000000, -0.000000000000000000 ) ) ;
#4712 = CARTESIAN_POINT ( 'NONE',  ( 11.08024854321998198, 0.6625541294862579145, -0.7069376662773985132 ) ) ;
#4713 = CARTESIAN_POINT ( 'NONE',  ( -11.07056001562286518, 0.4163068096870671808, 0.3022246306535135707 ) ) ;
#4714 = CARTESIAN_POINT ( 'NONE',  ( -14.33582779230000703, 0.2710022508974705424, 0.02008681427405124495 ) ) ;
#4715 = CARTESIAN_POINT ( 'NONE',  ( -7.372916085196322022, -0.5147542391003205875, -1.927042644570209573 ) ) ;
#4716 = CARTESIAN_POINT ( 'NONE',  ( 2.566391064299998970, 0.6957495076645362486, -0.7918421656782637097 ) ) ;
#4717 = CARTESIAN_POINT ( 'NONE',  ( 2.566391064299998970, -0.08532816737578685640, 0.8040493688205244682 ) ) ;
#4718 = CARTESIAN_POINT ( 'NONE',  ( 7.385196613088521822, -0.6665433131216458307, 2.206533514546255237 ) ) ;
#4719 = CARTESIAN_POINT ( 'NONE',  ( 2.566391064299992752, 0.5284872775687883273, 0.1485367977735623235 ) ) ;
#4720 = CARTESIAN_POINT ( 'NONE',  ( -2.262859864531967524, -0.04309375632331659961, -0.7373906622025105939 ) ) ;
#4721 = CARTESIAN_POINT ( 'NONE',  ( -11.10064020906245474, 1.025312601020301084, 1.487178981889159646 ) ) ;
#4722 = CARTESIAN_POINT ( 'NONE',  ( -11.07889445398566863, 0.6377604159991867583, 0.6630812502557121846 ) ) ;
#4723 = CARTESIAN_POINT ( 'NONE',  ( -14.33582779229999815, 0.2729295939272631810, 0.02255223518675455313 ) ) ;
#4724 = CARTESIAN_POINT ( 'NONE',  ( 14.33582779230003545, 0.2891099744501472446, -0.04338701621664670105 ) ) ;
#4725 = CARTESIAN_POINT ( 'NONE',  ( 2.566391064299998970, -0.02388846694797146578, 0.7422646928822130841 ) ) ;
#4726 = CARTESIAN_POINT ( 'NONE',  ( 2.566391064299999858, 0.3374324073568418791, 0.1960836232861907502 ) ) ;
#4727 = CARTESIAN_POINT ( 'NONE',  ( 1.258675872299999776, 0.5475040974479106204, -0.5930587806842245735 ) ) ;
#4728 = CARTESIAN_POINT ( 'NONE',  ( -1.636680744347674743, 0.4772274399383911736, 0.7604282364151300211 ) ) ;
#4729 = CARTESIAN_POINT ( 'NONE',  ( 11.10167681409778595, 0.9477751058641109561, -1.596392582430129714 ) ) ;
#4730 = CARTESIAN_POINT ( 'NONE',  ( 11.07124399325339326, 0.4462425609246408187, -0.3578966516271154252 ) ) ;
#4731 = CARTESIAN_POINT ( 'NONE',  ( 2.262012527865741696, 0.008756488683675784160, 0.6897707240177272103 ) ) ;
#4732 = CARTESIAN_POINT ( 'NONE',  ( 13.84178665901333005, 0.2771989354286255591, -0.03682461041777457256 ) ) ;
#4733 = CARTESIAN_POINT ( 'NONE',  ( -2.566391064299997637, -0.007435872358453375977, -0.7025356902246600033 ) ) ;
#4734 = CARTESIAN_POINT ( 'NONE',  ( 1.135342538910912635, 0.03109524914022980882, -0.4678582920440295667 ) ) ;
#4735 = CARTESIAN_POINT ( 'NONE',  ( 14.33582779229998039, 0.2702850537845378764, -0.01849238691113245028 ) ) ;
#4736 = CARTESIAN_POINT ( 'NONE',  ( 11.07279531476495293, 0.5008041225500445837, -0.4388555222243474829 ) ) ;
#4737 = CARTESIAN_POINT ( 'NONE',  ( 3.214032072880452784, -0.07388706435284228546, 0.8551002109663304873 ) ) ;
#4738 = CARTESIAN_POINT ( 'NONE',  ( -1.224807099046314685, 0.6492237216765117669, -0.07307682243511276488 ) ) ;
#4739 = CARTESIAN_POINT ( 'NONE',  ( 14.33582779229999815, 0.5653885306861676785, -0.4905546278825559936 ) ) ;
#4740 = CARTESIAN_POINT ( 'NONE',  ( -7.386177444877716880, -0.7156207175618535254, -2.263009602503970985 ) ) ;
#4741 = CARTESIAN_POINT ( 'NONE',  ( -14.33582779229996973, 0.2696167692971578322, 0.01832177462150927361 ) ) ;
#4742 = CARTESIAN_POINT ( 'NONE',  ( -2.566391064300005187, 0.1184886313697069149, -0.5305539313109606248 ) ) ;
#4743 = CARTESIAN_POINT ( 'NONE',  ( 7.163986464583252278, 1.068660359876917321, -1.755317687070677479 ) ) ;
#4744 = CARTESIAN_POINT ( 'NONE',  ( 0.7441986708340774248, 0.3520295670649108977, -0.9742679225691385225 ) ) ;
#4745 = CARTESIAN_POINT ( 'NONE',  ( 7.386177172611645858, -0.7144428378780595112, 2.262029740003955069 ) ) ;
#4746 = CARTESIAN_POINT ( 'NONE',  ( 2.098218654270381123, 0.6877914806375752255, -0.3925541892942054911 ) ) ;
#4747 = CARTESIAN_POINT ( 'NONE',  ( -2.566391064299997637, -0.07169840415697685543, -0.7861050283667490035 ) ) ;
#4748 = CARTESIAN_POINT ( 'NONE',  ( -11.10147844624075297, 0.9967068102927231221, 1.567991413246081933 ) ) ;
#4749 = CARTESIAN_POINT ( 'NONE',  ( -2.566391064299992752, 0.5662835875113934048, 0.3856553806160232245 ) ) ;
#4750 = CARTESIAN_POINT ( 'NONE',  ( -14.33582779229999637, 0.2726542069458835482, 0.02220000643435668386 ) ) ;
#4751 = CARTESIAN_POINT ( 'NONE',  ( 7.385342730163488412, -0.6793334972951988737, 2.211547427001006039 ) ) ;
#4752 = CARTESIAN_POINT ( 'NONE',  ( 3.300222438336428255, 0.8211305564090530806, -0.8189903199522280408 ) ) ;
#4753 = CARTESIAN_POINT ( 'NONE',  ( 1.258675872300002663, 0.1473788568083738149, 0.2713484099752354606 ) ) ;
#4754 = CARTESIAN_POINT ( 'NONE',  ( 1.258675872299999776, 0.1821615367293938359, -0.4387492842503409318 ) ) ;
#4755 = CARTESIAN_POINT ( 'NONE',  ( -1.659148957883747277, 0.6385601201696364804, 0.2631541398542656673 ) ) ;
#4756 = EDGE_LOOP ( 'NONE', ( #625, #5370 ) ) ;
#4757 = CARTESIAN_POINT ( 'NONE',  ( -1.258675872299999776, 0.4775784253650838251, -0.3511043369514059154 ) ) ;
#4758 = CARTESIAN_POINT ( 'NONE',  ( 11.07057528618249975, 0.4079309788149474425, -0.3043419691009077166 ) ) ;
#4759 = CARTESIAN_POINT ( 'NONE',  ( 11.07035131530893501, 0.3781706112584551360, -0.2649341473290375837 ) ) ;
#4760 = CARTESIAN_POINT ( 'NONE',  ( 2.566391064299998970, -0.07066404471200436743, 0.7884164723757396409 ) ) ;
#4761 = CARTESIAN_POINT ( 'NONE',  ( 13.82561853157266363, 0.2757964418239181037, -0.03485067864432866286 ) ) ;
#4762 = CARTESIAN_POINT ( 'NONE',  ( -2.566391064299992752, 0.04230083738326208265, -0.6359548812959412434 ) ) ;
#4763 = CARTESIAN_POINT ( 'NONE',  ( -1.258675872299999776, 0.08441072811330309345, -0.6921693337213619124 ) ) ;
#4764 = CARTESIAN_POINT ( 'NONE',  ( 11.07042960325043879, 0.3991138580734756580, -0.2847317133894963215 ) ) ;
#4765 = CARTESIAN_POINT ( 'NONE',  ( 11.07111453715869942, 0.4402809798485501913, -0.3493700738672048667 ) ) ;
#4766 = CARTESIAN_POINT ( 'NONE',  ( -1.720939892747754829, -0.01275333052685295385, -0.7192029326753305307 ) ) ;
#4767 = CARTESIAN_POINT ( 'NONE',  ( -13.95942397487364950, 0.2729269206961200123, 0.9221620547810712720 ) ) ;
#4768 = CARTESIAN_POINT ( 'NONE',  ( 2.566391064299998082, 0.5978024667232277878, -0.7847109644940198914 ) ) ;
#4769 = CARTESIAN_POINT ( 'NONE',  ( -2.566391064300002967, -0.08446060911739952659, -0.8022300293064732468 ) ) ;
#4770 = CARTESIAN_POINT ( 'NONE',  ( -14.33582779229999637, 0.2726542069458835482, 0.02220000643435668386 ) ) ;
#4771 = CARTESIAN_POINT ( 'NONE',  ( -14.33582779230001591, 0.5980261428415347691, 0.6967181126209598396 ) ) ;
#4772 = CARTESIAN_POINT ( 'NONE',  ( 7.166042569024830833, 1.089202646654637174, -1.685625767823075272 ) ) ;
#4773 = CARTESIAN_POINT ( 'NONE',  ( 0.7545486363475482072, 0.1942265812274561188, -0.9663674644158181115 ) ) ;
#4774 = CARTESIAN_POINT ( 'NONE',  ( 14.33582779230002302, 0.2687350757121523270, -0.01683352771487484426 ) ) ;
#4775 = CARTESIAN_POINT ( 'NONE',  ( 2.566391064300005187, 0.6883813951917863161, -0.09558186322640628563 ) ) ;
#4776 = CARTESIAN_POINT ( 'NONE',  ( -1.258675872299999776, -0.01719267569842770210, -0.7738001437931103510 ) ) ;
#4777 = CARTESIAN_POINT ( 'NONE',  ( -2.566391064300002078, 0.7713698616263573449, 0.5224859428081213286 ) ) ;
#4778 = CARTESIAN_POINT ( 'NONE',  ( -3.258804152211468796, 0.4317132300975799475, -0.009752333220942623754 ) ) ;
#4779 = CARTESIAN_POINT ( 'NONE',  ( -2.566391064300007407, -0.07156843832380085924, -0.7859386314247499561 ) ) ;
#4780 = CARTESIAN_POINT ( 'NONE',  ( 14.33582779229997151, 0.2872895322974885479, -0.04102666929185287692 ) ) ;
#4781 = CARTESIAN_POINT ( 'NONE',  ( 7.172893417226204882, 1.084134993696820315, -1.510526404543050205 ) ) ;
#4782 = CARTESIAN_POINT ( 'NONE',  ( 2.566391064299997637, 0.1175956287970374575, 0.5318154822233917001 ) ) ;
#4783 = CARTESIAN_POINT ( 'NONE',  ( 1.258675872299999776, 0.5891137465680771346, -0.1423079592423311668 ) ) ;
#4784 = CARTESIAN_POINT ( 'NONE',  ( -1.258675872299999998, 0.5129427100767364189, 0.6596157718590932584 ) ) ;
#4785 = CARTESIAN_POINT ( 'NONE',  ( -2.566391064300005187, 0.5747548299926726889, 0.5571324934245466265 ) ) ;
#4786 = VERTEX_POINT ( 'NONE', #3801 ) ;
#4787 = CARTESIAN_POINT ( 'NONE',  ( -14.10798283481356208, 0.4065944537538419556, 0.1623016764682081170 ) ) ;
#4788 = CARTESIAN_POINT ( 'NONE',  ( 3.216519702238465950, -0.01320852673407419201, 0.7528155038259518594 ) ) ;
#4789 = CARTESIAN_POINT ( 'NONE',  ( 11.07034373274870909, 0.3743012030387133926, -0.2599444411248798548 ) ) ;
#4790 = CARTESIAN_POINT ( 'NONE',  ( 2.566391064300002078, -0.07616432442902150435, 0.7941040225884897774 ) ) ;
#4791 = CARTESIAN_POINT ( 'NONE',  ( 13.83866352663869037, 0.2769480815906826265, -0.03641470995759268220 ) ) ;
#4792 = CARTESIAN_POINT ( 'NONE',  ( -1.258675872299997112, 0.1330460739675379811, -0.3229786023542671192 ) ) ;
#4793 = FACE_OUTER_BOUND ( 'NONE', #1366, .T. ) ;
#4794 = EDGE_CURVE ( 'NONE', #4847, #3935, #1680, .T. ) ;
#4795 = CARTESIAN_POINT ( 'NONE',  ( 14.33582779229997684, 0.3116739415007228065, -0.05948598262155881111 ) ) ;
#4796 = CARTESIAN_POINT ( 'NONE',  ( 3.216119017226774623, -0.02212397077444645463, 0.7654710146100468515 ) ) ;
#4797 = CARTESIAN_POINT ( 'NONE',  ( -1.720940559663614478, -0.01315459468166911214, -0.7199017822479084616 ) ) ;
#4798 = CARTESIAN_POINT ( 'NONE',  ( -0.7376361199289189763, -0.1382729668552163949, -0.9792483099170832261 ) ) ;
#4799 = CARTESIAN_POINT ( 'NONE',  ( 7.177830107840851959, 0.9143106947769836790, -1.378908542096856982 ) ) ;
#4800 = CARTESIAN_POINT ( 'NONE',  ( -14.33582779229995907, 0.2677009659349459114, 0.01611069186904587683 ) ) ;
#4801 = CARTESIAN_POINT ( 'NONE',  ( -7.386016818352246993, -0.7010554776885496997, -2.243199402205115600 ) ) ;
#4802 = CARTESIAN_POINT ( 'NONE',  ( -2.566391064299997637, 0.3378088358503230082, -0.1954470371749100210 ) ) ;
#4803 = CARTESIAN_POINT ( 'NONE',  ( 1.042652361945181738, -0.02694323924675177256, 0.6535839991453915587 ) ) ;
#4804 = CARTESIAN_POINT ( 'NONE',  ( 11.07034817022688777, 0.3787700368169941156, -0.2640159827791541680 ) ) ;
#4805 = CARTESIAN_POINT ( 'NONE',  ( 1.701260809539956620, 0.4100054195611865238, 0.3082607092107658153 ) ) ;
#4806 = CARTESIAN_POINT ( 'NONE',  ( -1.720928465654510076, -0.009392450981463008192, -0.7123406152300877370 ) ) ;
#4807 = CARTESIAN_POINT ( 'NONE',  ( 14.33582779229999815, 0.6194826437980600620, -0.8346806989243601427 ) ) ;
#4808 = CARTESIAN_POINT ( 'NONE',  ( -7.198066459451006871, 0.9668458968159656663, 1.001990559362440303 ) ) ;
#4809 = CARTESIAN_POINT ( 'NONE',  ( -14.33582779229998927, 0.2891738714763150697, 0.03756055461992897915 ) ) ;
#4810 = CARTESIAN_POINT ( 'NONE',  ( -3.213849365141725922, -0.09627196106766701400, -0.8670764777856675432 ) ) ;
#4811 = CARTESIAN_POINT ( 'NONE',  ( 14.33582779230000526, 0.2783397887452312425, -0.02948404386641100342 ) ) ;
#4812 = CARTESIAN_POINT ( 'NONE',  ( 2.566391064300001190, 0.7261137648585593851, -0.7369137058928847406 ) ) ;
#4813 = CARTESIAN_POINT ( 'NONE',  ( 1.258675872299999110, 0.1609602600339161138, 0.2195471838584281687 ) ) ;
#4814 = CARTESIAN_POINT ( 'NONE',  ( 1.258675872299999776, 0.1523046735487117442, -0.5591004946311221024 ) ) ;
#4815 = CARTESIAN_POINT ( 'NONE',  ( -1.258675872299999776, 0.5988216490963143013, 0.3390101130228563298 ) ) ;
#4816 = CARTESIAN_POINT ( 'NONE',  ( -14.33582779230000526, 0.6095538910904499952, 0.8106134454375096832 ) ) ;
#4817 = CARTESIAN_POINT ( 'NONE',  ( -3.219632743142198272, 0.04366231369196243994, -0.6700668538369307647 ) ) ;
#4818 = VERTEX_POINT ( 'NONE', #4179 ) ;
#4819 = CARTESIAN_POINT ( 'NONE',  ( 3.304021602647416067, 0.6824678454031239960, -0.9894673399257897239 ) ) ;
#4820 = CARTESIAN_POINT ( 'NONE',  ( 7.383678121734852162, -0.6467238091279102763, 2.160068196610716473 ) ) ;
#4821 = CARTESIAN_POINT ( 'NONE',  ( 11.07034794026264812, 0.3767581512946676092, -0.2631131288349869979 ) ) ;
#4822 = CARTESIAN_POINT ( 'NONE',  ( 1.719484378752607956, 0.09806365158644866908, 0.6212219328962061971 ) ) ;
#4823 = FACE_BOUND ( 'NONE', #2318, .T. ) ;
#4824 = CARTESIAN_POINT ( 'NONE',  ( -1.258675872299999110, 0.1023217339484649019, -0.4257736333245570881 ) ) ;
#4825 = CARTESIAN_POINT ( 'NONE',  ( 1.258675872299999776, 0.5208820195508625517, -0.6494261152893827660 ) ) ;
#4826 = CARTESIAN_POINT ( 'NONE',  ( 3.213510061458836997, -0.1349824278439541447, 0.9177187915526674455 ) ) ;
#4827 = CARTESIAN_POINT ( 'NONE',  ( 14.33582779229999637, 0.3150891637325661243, -0.07755715547801710075 ) ) ;
#4828 = CARTESIAN_POINT ( 'NONE',  ( 13.67883661820241237, 0.6968545162061268172, -0.9835340852437631787 ) ) ;
#4829 = CARTESIAN_POINT ( 'NONE',  ( 14.33582779229999815, 0.6070191811925962355, -0.7963922913042894569 ) ) ;
#4830 = CARTESIAN_POINT ( 'NONE',  ( -7.386174997647644069, -0.7139329191397839613, -2.260850466524851221 ) ) ;
#4831 = CARTESIAN_POINT ( 'NONE',  ( -3.213543984084352712, -0.1235148655681367197, -0.9026530921539875907 ) ) ;
#4832 = CARTESIAN_POINT ( 'NONE',  ( 2.566391064299997637, 0.7730487403278015757, -0.3968286673134049924 ) ) ;
#4833 = CARTESIAN_POINT ( 'NONE',  ( -7.214957285190354952, 0.6972520365087926386, 0.6965964149845575992 ) ) ;
#4834 = CARTESIAN_POINT ( 'NONE',  ( -13.68421733769820392, 0.6957835123767639462, 0.9826221777926547052 ) ) ;
#4835 = CARTESIAN_POINT ( 'NONE',  ( 2.566391064299997637, -0.04294509975682392344, 0.7608639358271664932 ) ) ;
#4836 = CARTESIAN_POINT ( 'NONE',  ( 2.566391064299997637, 0.3952335694184964110, 0.3092071731242613808 ) ) ;
#4837 = CARTESIAN_POINT ( 'NONE',  ( -1.258675872299999332, -0.01749536608269076227, -0.7746163054740434761 ) ) ;
#4838 =( NAMED_UNIT ( * ) SI_UNIT ( $, .STERADIAN. ) SOLID_ANGLE_UNIT ( ) );
#4839 = EDGE_CURVE ( 'NONE', #3022, #3538, #1584, .T. ) ;
#4840 = CARTESIAN_POINT ( 'NONE',  ( -2.566391064300001190, 0.7153412233143596755, 0.1531802513987032821 ) ) ;
#4841 = CARTESIAN_POINT ( 'NONE',  ( -2.566391064300002522, -0.03171164776116909556, -0.7498864790970671823 ) ) ;
#4842 = CARTESIAN_POINT ( 'NONE',  ( -11.07048077157876520, 0.3992449538243276197, 0.2926281394876540376 ) ) ;
#4843 = CARTESIAN_POINT ( 'NONE',  ( 3.301101560949412761, 0.8154292316748902314, -0.8519257145556906607 ) ) ;
#4844 = CARTESIAN_POINT ( 'NONE',  ( 1.258675872299997112, 0.1424724434986377464, -0.5976522731461957338 ) ) ;
#4845 = CARTESIAN_POINT ( 'NONE',  ( 14.05573302594384444, 0.7244064892949945156, -0.7418572118919473102 ) ) ;
#4846 = CARTESIAN_POINT ( 'NONE',  ( -1.258675872299999998, 0.5536307944055239849, 0.5779066774100436454 ) ) ;
#4847 = VERTEX_POINT ( 'NONE', #3773 ) ;
#4848 = CARTESIAN_POINT ( 'NONE',  ( -3.295793650833274135, 0.6385609624964008191, 0.6600194700553472238 ) ) ;
#4849 = CARTESIAN_POINT ( 'NONE',  ( -7.358886296063404053, -0.3809938565424389467, -1.671135434336687986 ) ) ;
#4850 = EDGE_LOOP ( 'NONE', ( #5307, #168, #5068, #1485, #598, #2741, #996, #4421, #4515, #79 ) ) ;
#4851 = CARTESIAN_POINT ( 'NONE',  ( -14.17886262067055902, 0.6388893312504744237, 0.4393577491539306101 ) ) ;
#4852 = CARTESIAN_POINT ( 'NONE',  ( 3.216946304780028854, -0.004273707827704060526, 0.7400436602281175169 ) ) ;
#4853 = CARTESIAN_POINT ( 'NONE',  ( 3.213522606298378381, -0.1283484693563677892, 0.9088730069157231473 ) ) ;
#4854 = CARTESIAN_POINT ( 'NONE',  ( 1.258675872299999776, -0.009350251414504540462, 0.7523593191719417650 ) ) ;
#4855 = CARTESIAN_POINT ( 'NONE',  ( 13.93320072836070977, 0.2966699468247200322, -0.05567803320221469121 ) ) ;
#4856 = CARTESIAN_POINT ( 'NONE',  ( -1.714286537491196638, 0.1094890146109552542, -0.4609411510351517083 ) ) ;
#4857 = CARTESIAN_POINT ( 'NONE',  ( 1.102175554564277959, 0.6820356517648242800, -0.5389681714041762994 ) ) ;
#4858 = CARTESIAN_POINT ( 'NONE',  ( 3.213510004782701213, -0.1353511786822618190, 0.9181711899273033994 ) ) ;
#4859 = CARTESIAN_POINT ( 'NONE',  ( 11.07220648676634411, 0.4824565283476320299, -0.4110807053007488054 ) ) ;
#4860 = CARTESIAN_POINT ( 'NONE',  ( -14.33582779230001591, 0.6364368721025990272, 0.8357336610318519821 ) ) ;
#4861 = CARTESIAN_POINT ( 'NONE',  ( 2.085272427186414520E-17, 0.8110768568541631973, -0.1702754156250000095 ) ) ;
#4862 = CARTESIAN_POINT ( 'NONE',  ( -3.213511581603802014, -0.1333813242999122850, -0.9151358473950220729 ) ) ;
#4863 = CARTESIAN_POINT ( 'NONE',  ( -3.213550004848020336, -0.1224386213040611071, -0.9012657867881157525 ) ) ;
#4864 = CARTESIAN_POINT ( 'NONE',  ( 14.33582779230001236, 0.6794202412714819284, -0.5238641997831625652 ) ) ;
#4865 = CARTESIAN_POINT ( 'NONE',  ( -14.33582779230001591, 0.4987806165016757109, 0.3532845186840471996 ) ) ;
#4866 = CARTESIAN_POINT ( 'NONE',  ( 13.67344817176398131, 0.7284478141877915869, -0.9844473022328561473 ) ) ;
#4867 = CARTESIAN_POINT ( 'NONE',  ( 2.566391064299997637, -0.08355121436409808366, 0.8014011732201435922 ) ) ;
#4868 = CARTESIAN_POINT ( 'NONE',  ( 1.714286537491270579, 0.2306390543516924352, 0.5004458039333843367 ) ) ;
#4869 = CARTESIAN_POINT ( 'NONE',  ( -2.566391064300003855, -0.04339823812138667025, -0.7496372599688214677 ) ) ;
#4870 = CARTESIAN_POINT ( 'NONE',  ( 2.566391064299999858, 0.6212848363331429091, -0.8359788181397669327 ) ) ;
#4871 = CARTESIAN_POINT ( 'NONE',  ( -2.566391064300000302, 0.7744045673380924866, 0.4596974028143747670 ) ) ;
#4872 = CARTESIAN_POINT ( 'NONE',  ( -3.215731290980015977, -0.002447574551599685302, -0.7816848870793131621 ) ) ;
#4873 = CARTESIAN_POINT ( 'NONE',  ( -11.07057528618249975, 0.4079309788149474425, 0.3043419691009077166 ) ) ;
#4874 = CARTESIAN_POINT ( 'NONE',  ( 14.33582779230001591, 0.6874900684653041383, -0.7412459757884437561 ) ) ;
#4875 = CARTESIAN_POINT ( 'NONE',  ( 1.639587022358325541, 0.2598548387852592789, -0.6471425796920642348 ) ) ;
#4876 = CARTESIAN_POINT ( 'NONE',  ( 13.70172788049995205, 0.6969535972120677325, -0.9778000486537481439 ) ) ;
#4877 = CARTESIAN_POINT ( 'NONE',  ( -2.566391064299998082, 0.7661382486161449901, 0.5731271425894270966 ) ) ;
#4878 = ORIENTED_EDGE ( 'NONE', *, *, #2225, .F. ) ;
#4879 = CARTESIAN_POINT ( 'NONE',  ( -14.33582779229999460, 0.6050169935115526920, 0.7822766334314900094 ) ) ;
#4880 = CARTESIAN_POINT ( 'NONE',  ( -2.566391064300002522, 0.1513337238122320905, -0.4836864606480205109 ) ) ;
#4881 = ORIENTED_EDGE ( 'NONE', *, *, #1199, .F. ) ;
#4882 = CARTESIAN_POINT ( 'NONE',  ( 3.213512292437616491, -0.1325012073930175172, 0.9143312445239524244 ) ) ;
#4883 = CARTESIAN_POINT ( 'NONE',  ( 7.386114209883231752, -0.7068642443274794074, 2.251168700346558360 ) ) ;
#4884 = CARTESIAN_POINT ( 'NONE',  ( 1.258675872300000886, -0.01012808891964741588, 0.7544758840160573632 ) ) ;
#4885 = CARTESIAN_POINT ( 'NONE',  ( -1.258675872299999776, -0.02273335072856126279, -0.7834376915565920418 ) ) ;
#4886 = CARTESIAN_POINT ( 'NONE',  ( -2.242027648676451435, 0.1327655789990081492, -0.4464108697557007677 ) ) ;
#4887 = CARTESIAN_POINT ( 'NONE',  ( 1.258675872299999776, 0.5475040974479106204, -0.5930587806842245735 ) ) ;
#4888 = CARTESIAN_POINT ( 'NONE',  ( 2.566391064299998082, -0.08499481954710089160, 0.8041606444785430741 ) ) ;
#4889 = B_SPLINE_CURVE_WITH_KNOTS ( 'NONE', 3,
 ( #5599, #1682, #363, #5573, #3403, #4684 ),
 .UNSPECIFIED., .F., .F.,
 ( 4, 1, 1, 4 ),
 ( 0.5115619354531574237, 0.5732423483049127189, 0.7095139779054974172, 0.9364767817554829898 ),
 .UNSPECIFIED. ) ;
#4890 = CARTESIAN_POINT ( 'NONE',  ( 14.33582779229998394, 0.3698844668354545617, -0.1527091603648646490 ) ) ;
#4891 = CARTESIAN_POINT ( 'NONE',  ( -2.566391064300002522, 0.6641799401265697789, 0.8268135171164625596 ) ) ;
#4892 = CARTESIAN_POINT ( 'NONE',  ( 1.258675872299999554, -0.01488602610117629489, 0.7674457401963945546 ) ) ;
#4893 = CARTESIAN_POINT ( 'NONE',  ( 6.958643439132329078, 1.010827515693944134, -1.738701607537536775 ) ) ;
#4894 = CARTESIAN_POINT ( 'NONE',  ( -7.386150724003353929, -0.7101485001918858009, -2.255568408387930379 ) ) ;
#4895 = CARTESIAN_POINT ( 'NONE',  ( -14.33582779229999815, 0.2776070247042315975, 0.02854348996036445291 ) ) ;
#4896 = CARTESIAN_POINT ( 'NONE',  ( 11.09176977704434996, 0.9690009486810280404, -1.069236770539787162 ) ) ;
#4897 = CARTESIAN_POINT ( 'NONE',  ( -11.09679597267675888, 0.8947957181592637310, 1.265855497345587111 ) ) ;
#4898 = CARTESIAN_POINT ( 'NONE',  ( -0.7434545231798525000, -0.1362288060422186253, -0.9748525489055744897 ) ) ;
#4899 = CARTESIAN_POINT ( 'NONE',  ( 7.386174997647644069, -0.7139329191397839613, 2.260850466524851221 ) ) ;
#4900 = CARTESIAN_POINT ( 'NONE',  ( -2.566391064299997637, -0.05861106211421267254, -0.7693025799642720930 ) ) ;
#4901 = CARTESIAN_POINT ( 'NONE',  ( 1.258675872299999776, -0.02011741026279027789, 0.7826106424216403568 ) ) ;
#4902 = B_SPLINE_CURVE_WITH_KNOTS ( 'NONE', 3,
 ( #2095, #5122, #3919, #2636, #370, #1716, #2122, #1746, #4803, #4264, #5607, #3438, #1289, #3, #3496, #5176, #4691, #398, #2524, #5204, #1260, #343, #5233, #4773, #3010, #2577, #4744, #4317, #857 ),
 .UNSPECIFIED., .F., .F.,
 ( 4, 1, 1, 1, 1, 1, 1, 1, 1, 1, 1, 1, 1, 1, 1, 1, 1, 1, 1, 1, 1, 1, 1, 1, 1, 1, 4 ),
 ( 0.000000000000000000, 0.0009071869730225002844, 0.003145484593944037222, 0.01215735582497168461, 0.04415362370214005044, 0.04482848395437935562, 0.05460000000005107990, 0.08599275744368252428, 0.1269134837486644296, 0.1619882218343359492, 0.1931279031202674246, 0.2513001235953618573, 0.2793494352173848116, 0.2812500199164993941, 0.2966369751624661766, 0.3121713086411881943, 0.3433343383762112455, 0.3745312319175069793, 0.4059937719891285046, 0.4213448468546255321, 0.4370349827036109081, 0.4462111649800392099, 0.4534738142720255438, 0.4700034780492290953, 0.4758594900501360025, 0.4857738231316722222, 0.5000000000000000000 ),
 .UNSPECIFIED. ) ;
#4903 = CARTESIAN_POINT ( 'NONE',  ( -7.274768759909084892, 0.4158831620880453217, -0.3066911187095764935 ) ) ;
#4904 = CARTESIAN_POINT ( 'NONE',  ( -3.214141682481680640, -0.06675921013156738137, -0.8479121887645275635 ) ) ;
#4905 = CARTESIAN_POINT ( 'NONE',  ( -14.33582779229998749, 0.2803532260719836522, 0.03207187138670223453 ) ) ;
#4906 = CARTESIAN_POINT ( 'NONE',  ( 3.230937624101776873, 0.2776632843524307614, 0.4625452691259948068 ) ) ;
#4907 = CARTESIAN_POINT ( 'NONE',  ( 1.649189022532687954, 0.2928053853321994637, -0.4404805874686188449 ) ) ;
#4908 = CARTESIAN_POINT ( 'NONE',  ( 0.7423772748560614199, -0.1254767725630781261, 0.9756744258288569949 ) ) ;
#4909 = CARTESIAN_POINT ( 'NONE',  ( -2.566391064300002967, 0.1887834893465547281, -0.5313610422048838933 ) ) ;
#4910 = EDGE_LOOP ( 'NONE', ( #2681, #4058 ) ) ;
#4911 = CARTESIAN_POINT ( 'NONE',  ( -7.172771019938256387, 0.9433577847022869278, 1.486595434499124568 ) ) ;
#4912 = VERTEX_POINT ( 'NONE', #5546 ) ;
#4913 = CARTESIAN_POINT ( 'NONE',  ( -13.99844075059173143, 0.7234226296665403622, 0.8067433917955234568 ) ) ;
#4914 = CARTESIAN_POINT ( 'NONE',  ( 3.213511581603802014, -0.1333813242999122850, 0.9151358473950220729 ) ) ;
#4915 = CARTESIAN_POINT ( 'NONE',  ( -1.258675872299999332, -0.003749373123778710661, -0.7669588444385477821 ) ) ;
#4916 = CARTESIAN_POINT ( 'NONE',  ( 1.720698549826602752, 0.008914412915101688900, 0.6754446708825578849 ) ) ;
#4917 = CARTESIAN_POINT ( 'NONE',  ( -13.73140712826881860, 0.6771902249723464884, 0.9692551719939835886 ) ) ;
#4918 = CARTESIAN_POINT ( 'NONE',  ( -2.238983269045666802, 0.1455638386742729717, -0.4236706278307596496 ) ) ;
#4919 = CARTESIAN_POINT ( 'NONE',  ( 14.33582779229999815, 0.4052034457502691200, -0.2036777105423799028 ) ) ;
#4920 = CARTESIAN_POINT ( 'NONE',  ( 13.69223892888122940, 0.6939553244612964855, -0.9812627036971781624 ) ) ;
#4921 = CARTESIAN_POINT ( 'NONE',  ( 1.720926595393059033, -0.009018042637148412574, 0.7115852933507621492 ) ) ;
#4922 = DIRECTION ( 'NONE',  ( 0.000000000000000000, 0.000000000000000000, 1.000000000000000000 ) ) ;
#4923 = ADVANCED_FACE ( 'NONE', ( #4657 ), #3375, .F. ) ;
#4924 = CARTESIAN_POINT ( 'NONE',  ( -2.566391064299999414, -0.07762742065533111135, -0.7936899432210974270 ) ) ;
#4925 = CARTESIAN_POINT ( 'NONE',  ( -3.213802637995188505, -0.09917191526893427700, -0.8709091624861012848 ) ) ;
#4926 = CARTESIAN_POINT ( 'NONE',  ( 3.258804152211473681, 0.5953591385424407134, 0.02844413906839005426 ) ) ;
#4927 = CARTESIAN_POINT ( 'NONE',  ( 14.33582779229998039, 0.2836425417792225456, -0.03631073067407317861 ) ) ;
#4928 = CARTESIAN_POINT ( 'NONE',  ( 1.064194388456920493, 0.6596375939953075251, -0.6111709203707420546 ) ) ;
#4929 = CARTESIAN_POINT ( 'NONE',  ( -2.566391064299999858, 0.6212848363331431312, 0.8359788181397669327 ) ) ;
#4930 = CARTESIAN_POINT ( 'NONE',  ( 7.386167370851304703, -0.7124091975472874871, 2.258585964424995929 ) ) ;
#4931 = CARTESIAN_POINT ( 'NONE',  ( -1.258675872300000886, -0.01012808891964741588, -0.7544758840160573632 ) ) ;
#4932 = FILL_AREA_STYLE ('',( #5330 ) ) ;
#4933 = CARTESIAN_POINT ( 'NONE',  ( -3.222273566651790322, 0.1445705410127551271, -0.6205177225765383664 ) ) ;
#4934 = CARTESIAN_POINT ( 'NONE',  ( -2.566391064299988756, 0.02454986625764705652, -0.6950940774356416663 ) ) ;
#4935 = CARTESIAN_POINT ( 'NONE',  ( -2.566391064300000302, 0.04306127636700908534, -0.6349236823779879080 ) ) ;
#4936 = CARTESIAN_POINT ( 'NONE',  ( 3.265881365699653482, 0.6625838567160606818, -0.08352545497836270927 ) ) ;
#4937 = CARTESIAN_POINT ( 'NONE',  ( 1.258675872299997334, 0.1871782899050447868, -0.4151729820964887852 ) ) ;
#4938 = CARTESIAN_POINT ( 'NONE',  ( 2.566391064299998970, -0.02388846694797146578, 0.7422646928822130841 ) ) ;
#4939 = CARTESIAN_POINT ( 'NONE',  ( -1.710567124133606010, 0.2939399839870205366, -0.4386661997732911877 ) ) ;
#4940 = EDGE_LOOP ( 'NONE', ( #5475, #4513, #2771, #137 ) ) ;
#4941 = DIRECTION ( 'NONE',  ( -0.1670941757691735419, 0.000000000000000000, 0.9859409396226634925 ) ) ;
#4942 = ORIENTED_EDGE ( 'NONE', *, *, #631, .F. ) ;
#4943 = CARTESIAN_POINT ( 'NONE',  ( -13.93367352175613227, 0.7190448476477906414, 0.8643005708167176282 ) ) ;
#4944 = CARTESIAN_POINT ( 'NONE',  ( 11.07034527051784956, 0.3753477752583264659, -0.2612984674688605402 ) ) ;
#4945 = CARTESIAN_POINT ( 'NONE',  ( -1.258675872299999332, 0.02503487456620977908, -0.7424116169670722520 ) ) ;
#4946 = CARTESIAN_POINT ( 'NONE',  ( 1.258675872299999776, 0.002858405822264101920, 0.7190280654465451837 ) ) ;
#4947 = CARTESIAN_POINT ( 'NONE',  ( -14.14947695643335557, 0.4186395697255723691, 0.2285968629388223372 ) ) ;
#4948 = CARTESIAN_POINT ( 'NONE',  ( -2.129501663731407923, 0.3980751496497938469, 0.1863738717336292927 ) ) ;
#4949 = CARTESIAN_POINT ( 'NONE',  ( 7.305776072860613368, 0.04880085127267751177, 0.7900307338902735621 ) ) ;
#4950 = CARTESIAN_POINT ( 'NONE',  ( -3.301101560949412761, 0.8154292316748902314, 0.8519257145556906607 ) ) ;
#4951 = CARTESIAN_POINT ( 'NONE',  ( 2.262862226170333280, -0.04352968620319773441, 0.7381245922491245226 ) ) ;
#4952 = DIRECTION ( 'NONE',  ( 0.000000000000000000, 0.000000000000000000, 1.000000000000000000 ) ) ;
#4953 = CARTESIAN_POINT ( 'NONE',  ( -14.33582779230000526, 0.2699057177842149047, 0.01867899006235869755 ) ) ;
#4954 = CARTESIAN_POINT ( 'NONE',  ( -3.214185828674219536, -0.07953823552457879587, -0.8447388823525698864 ) ) ;
#4955 = CARTESIAN_POINT ( 'NONE',  ( 7.175300563889513761, 1.076236834009815402, -1.456327174614377329 ) ) ;
#4956 = CARTESIAN_POINT ( 'NONE',  ( 3.213633299334432536, -0.1121850984701845827, 0.8879759112077189043 ) ) ;
#4957 = CARTESIAN_POINT ( 'NONE',  ( -2.566391064299999858, 0.6212848363331429091, 0.8359788181397669327 ) ) ;
#4958 = CARTESIAN_POINT ( 'NONE',  ( -13.67344817176398131, 0.6978775534352680276, 0.9844473022328561473 ) ) ;
#4959 = CARTESIAN_POINT ( 'NONE',  ( -1.720855439021271138, -0.0007736943122581799344, -0.6949969931569802695 ) ) ;
#4960 = CARTESIAN_POINT ( 'NONE',  ( 2.566391064300006519, 0.08800275005419101737, 0.5732498842151784180 ) ) ;
#4961 = CARTESIAN_POINT ( 'NONE',  ( -3.242150584222105003, 0.4173265541009812396, -0.2832293701751708026 ) ) ;
#4962 = CARTESIAN_POINT ( 'NONE',  ( -11.07034185686211636, 0.3724209581386864754, 0.2573119995062732590 ) ) ;
#4963 = CARTESIAN_POINT ( 'NONE',  ( -7.380680663151522936, -0.6032975769638169172, -2.086746502385829594 ) ) ;
#4964 = APPLICATION_CONTEXT ( 'automotive_design' ) ;
#4965 = CARTESIAN_POINT ( 'NONE',  ( 3.246197865685658712, 0.4629851819445303107, 0.2210561488527467422 ) ) ;
#4966 = CARTESIAN_POINT ( 'NONE',  ( 1.258675872300002219, 0.1358122183023627305, -0.6236911560283524558 ) ) ;
#4967 = CARTESIAN_POINT ( 'NONE',  ( 0.7374473134651955419, -0.1380869617704688079, 0.9793905479893176835 ) ) ;
#4968 = CARTESIAN_POINT ( 'NONE',  ( -1.258675872299999776, 0.2956773245275617357, -0.4983177776111922253 ) ) ;
#4969 = DIRECTION ( 'NONE',  ( -0.000000000000000000, 1.000000000000000000, -0.000000000000000000 ) ) ;
#4970 = VERTEX_POINT ( 'NONE', #4230 ) ;
#4971 = CARTESIAN_POINT ( 'NONE',  ( -14.02804712262246234, 0.7243011034333558529, 0.7750112606787196157 ) ) ;
#4972 = CARTESIAN_POINT ( 'NONE',  ( 7.386167370851304703, -0.7124091975472874871, 2.258585964424995929 ) ) ;
#4973 = CARTESIAN_POINT ( 'NONE',  ( -1.720941773259709207, -0.01337925187485936029, -0.7220109618014763919 ) ) ;
#4974 = CARTESIAN_POINT ( 'NONE',  ( 1.720855439021271138, -0.0007736943122581799344, 0.6949969931569802695 ) ) ;
#4975 = CARTESIAN_POINT ( 'NONE',  ( -13.93473377278511016, 0.6425703795998298773, 0.8637497217206527855 ) ) ;
#4976 = CARTESIAN_POINT ( 'NONE',  ( -1.655631855712892175, 0.3055789159423948353, 0.3387391254057032786 ) ) ;
#4977 = CARTESIAN_POINT ( 'NONE',  ( 7.334580234628383266, -0.1759182235700526842, 1.259434842323860382 ) ) ;
#4978 = CARTESIAN_POINT ( 'NONE',  ( -11.10090844495952922, 1.020667486810866498, 1.508877403995144029 ) ) ;
#4979 = CARTESIAN_POINT ( 'NONE',  ( 2.566391064300002522, -0.07880059180115094042, 0.7951900372222864277 ) ) ;
#4980 = CARTESIAN_POINT ( 'NONE',  ( 10.68407904580783274, 0.9573588863341132571, -1.614717051293065753 ) ) ;
#4981 = EDGE_CURVE ( 'NONE', #5279, #166, #249, .T. ) ;
#4982 = CARTESIAN_POINT ( 'NONE',  ( -2.566391064300002078, -0.02564076338652544751, -0.7264862312844073688 ) ) ;
#4983 = CARTESIAN_POINT ( 'NONE',  ( 3.219438534451744882, 0.09004885124835074195, 0.6818642337364870798 ) ) ;
#4984 = CARTESIAN_POINT ( 'NONE',  ( 7.385917891833303273, -0.6967145907460585708, 2.237089768797157596 ) ) ;
#4985 = CARTESIAN_POINT ( 'NONE',  ( -14.33582779230000526, 0.6032839344735975162, 0.7680729175490913496 ) ) ;
#4986 = CARTESIAN_POINT ( 'NONE',  ( -1.258675872299999776, 0.5733481183677442417, 0.5199713544341112437 ) ) ;
#4987 = CARTESIAN_POINT ( 'NONE',  ( 11.07279531476495293, 0.5008041225500445837, -0.4388555222243474829 ) ) ;
#4988 = CARTESIAN_POINT ( 'NONE',  ( -11.07202072982161312, 0.5053654573734270850, 0.3977014165667447920 ) ) ;
#4989 = CARTESIAN_POINT ( 'NONE',  ( -3.213510999724884964, -0.1333035697289662591, -0.9156167140751768629 ) ) ;
#4990 = CARTESIAN_POINT ( 'NONE',  ( -14.33582779230001591, 0.3364070870698369631, 0.1062831684414998479 ) ) ;
#4991 = CARTESIAN_POINT ( 'NONE',  ( -11.07636988083695506, 0.6480747758181537588, 0.5684391891153282028 ) ) ;
#4992 = CARTESIAN_POINT ( 'NONE',  ( 2.566391064299997637, 0.7548896488314887909, -0.2724738925326049555 ) ) ;
#4993 = CARTESIAN_POINT ( 'NONE',  ( 1.258675872299999554, 0.2756564552197464657, -0.7906725719106124650 ) ) ;
#4994 = CARTESIAN_POINT ( 'NONE',  ( 2.262867649111052426, -0.04503877582592979989, 0.7403279639105863064 ) ) ;
#4995 = CARTESIAN_POINT ( 'NONE',  ( -0.7376361199289189763, -0.1382729668552163949, -0.9792483099170832261 ) ) ;
#4996 = ORIENTED_EDGE ( 'NONE', *, *, #2367, .T. ) ;
#4997 = CARTESIAN_POINT ( 'NONE',  ( 2.566391064299997637, -0.07817784963558853384, 0.7943943504367168007 ) ) ;
#4998 = CARTESIAN_POINT ( 'NONE',  ( -2.566391064300002078, 0.002643011341486619595, -0.7164420475350367079 ) ) ;
#4999 = CARTESIAN_POINT ( 'NONE',  ( 2.566391064300006963, 0.01681199788994603914, 0.6702886685728105531 ) ) ;
#5000 = CARTESIAN_POINT ( 'NONE',  ( 0.000000000000000000, -0.1697095371458367807, 0.000000000000000000 ) ) ;
#5001 = CARTESIAN_POINT ( 'NONE',  ( -1.258675872299997556, 0.1303523767992819660, 0.6500848511213447312 ) ) ;
#5002 = CARTESIAN_POINT ( 'NONE',  ( 11.08894684525065166, 0.8028532970896450349, -0.9817959013609283137 ) ) ;
#5003 = CARTESIAN_POINT ( 'NONE',  ( -7.164770572209262944, 1.080569643824575321, 1.726289417795361159 ) ) ;
#5004 = CARTESIAN_POINT ( 'NONE',  ( 1.720933357162332644, -0.01051519938353469297, 0.7146110971603082396 ) ) ;
#5005 = CARTESIAN_POINT ( 'NONE',  ( -1.228094795072778078, 0.08846616142087504464, -0.1146292529545435424 ) ) ;
#5006 = CARTESIAN_POINT ( 'NONE',  ( -2.566391064299998970, -0.02998582986422305280, -0.7321705169620851272 ) ) ;
#5007 = CARTESIAN_POINT ( 'NONE',  ( 3.220603786594428808, 0.1133819847643865453, 0.6558115631850464089 ) ) ;
#5008 = CARTESIAN_POINT ( 'NONE',  ( 3.213575308861357005, -0.1186666738178596414, 0.8963925929692235783 ) ) ;
#5009 = CARTESIAN_POINT ( 'NONE',  ( -14.33582779229999815, 0.6214170373370894174, 0.8360756231690340545 ) ) ;
#5010 = CARTESIAN_POINT ( 'NONE',  ( -1.185099703253796211, 0.06220860232341991758, 0.3151926676568679309 ) ) ;
#5011 = CARTESIAN_POINT ( 'NONE',  ( 7.362364418996402371, -0.4124702315618016257, 1.732521220601438428 ) ) ;
#5012 = CARTESIAN_POINT ( 'NONE',  ( -11.08164853378435311, 0.7749678437405405074, 0.7390869957795198619 ) ) ;
#5013 = CARTESIAN_POINT ( 'NONE',  ( -3.213510546927415668, -0.1348335751786384207, -0.9166429135454431387 ) ) ;
#5014 = B_SPLINE_SURFACE_WITH_KNOTS ( 'NONE', 3, 1, ( 
 ( #3983, #1813 ),
 ( #953, #2700 ),
 ( #4898, #4441 ),
 ( #556, #522 ),
 ( #2275, #4471 ),
 ( #4045, #3621 ),
 ( #1443, #1014 ),
 ( #3725, #4156 ),
 ( #1146, #5418 ),
 ( #4205, #2416 ),
 ( #284, #4607 ),
 ( #1499, #1120 ),
 ( #3701, #3774 ),
 ( #613, #5446 ),
 ( #5010, #4180 ),
 ( #2009, #2815 ),
 ( #4531, #2867 ),
 ( #4557, #2392 ),
 ( #3750, #714 ),
 ( #5521, #4583 ),
 ( #233, #690 ),
 ( #5087, #3675 ),
 ( #3246, #1550 ),
 ( #1984, #2034 ),
 ( #2465, #2440 ),
 ( #260, #1600 ),
 ( #1575, #5495 ),
 ( #1524, #3272 ),
 ( #2364, #665 ),
 ( #5063, #1959 ),
 ( #4104, #3349 ),
 ( #4129, #1096 ),
 ( #182, #3323 ),
 ( #2789, #2893 ),
 ( #640, #4633 ),
 ( #1933, #4986 ),
 ( #1069, #3298 ),
 ( #5470, #209 ),
 ( #2842, #5037 ),
 ( #4738, #1283 ),
 ( #4258, #5574 ),
 ( #2945, #310 ),
 ( #3490, #337 ),
 ( #4685, #2600 ),
 ( #5116, #768 ),
 ( #2116, #2919 ),
 ( #3460, #4340 ),
 ( #3855, #1683 ),
 ( #1197, #421 ),
 ( #2062, #3432 ),
 ( #2518, #2088 ),
 ( #1656, #5600 ),
 ( #2172, #2143 ) ),
 .UNSPECIFIED., .T., .F., .F.,
 ( 4, 1, 1, 1, 1, 1, 1, 1, 1, 1, 1, 1, 1, 1, 1, 1, 1, 1, 1, 1, 1, 1, 1, 1, 1, 1, 1, 1, 1, 1, 1, 1, 1, 1, 1, 1, 1, 1, 1, 1, 1, 1, 1, 1, 1, 1, 1, 1, 1, 1, 4 ),
 ( 2, 2 ),
 ( 0.000000000000000000, 0.0009071869730225001760, 0.003145484593944036789, 0.01215735582497168288, 0.04415362370214004351, 0.04482848395437934869, 0.05460000000005107296, 0.08599275744368251040, 0.1269134837486644019, 0.1619882218343359215, 0.1931279031202673968, 0.2513001235953618018, 0.2793494352173847561, 0.2812500199164993386, 0.2966369751624661211, 0.3121713086411881388, 0.3433343383762111900, 0.3745312319175069238, 0.4059937719891284491, 0.4213448468546254766, 0.4370349827036108525, 0.4462111649800391544, 0.4534738142720254883, 0.4700034780492290398, 0.4758594900501359470, 0.4857738231316721667, 0.5005408858997337784, 0.5038025262993266473, 0.5314428736485379279, 0.5579801329371434360, 0.5664262989871529097, 0.5841051283058658061, 0.6011114366527811059, 0.6223792671221958228, 0.6330776538510651807, 0.6629671682290770862, 0.6919931874275774275, 0.7219150413458930160, 0.7525619998980525027, 0.7548643554379764753, 0.7896017132647896730, 0.8324221744713882210, 0.9131801708613548341, 0.9568848395433335874, 0.9756529348422963155, 0.9936599592682702209, 0.9983556958261430303, 0.9995219610753197648, 0.9996941019960269292, 0.9998254599814010435, 1.000000000000000000 ),
 ( 0.000000000000000000, 1.000000000000000000 ),
 .UNSPECIFIED. ) ;
#5015 = CARTESIAN_POINT ( 'NONE',  ( -11.07185146866730996, 0.4703059911959275308, 0.3929785119872546972 ) ) ;
#5016 = CARTESIAN_POINT ( 'NONE',  ( -1.258675872299999998, 0.3877643394081785599, 0.7736089910525834057 ) ) ;
#5017 = CARTESIAN_POINT ( 'NONE',  ( -2.566391064300002522, 0.5282371156294568548, -0.1488664627500904114 ) ) ;
#5018 = CARTESIAN_POINT ( 'NONE',  ( 14.33582779230001236, 0.4870031049852234784, -0.2394587988910357179 ) ) ;
#5019 = CARTESIAN_POINT ( 'NONE',  ( 1.258675872299999554, 0.2356762540161818076, -0.7836271850150856588 ) ) ;
#5020 = CARTESIAN_POINT ( 'NONE',  ( 1.720941530413841125, -0.01426313029916537536, 0.7217842870360297036 ) ) ;
#5021 = ADVANCED_FACE ( 'NONE', ( #4257 ), #5433, .T. ) ;
#5022 = AXIS2_PLACEMENT_3D ( 'NONE', #1036, #3213, #4922 ) ;
#5023 = CARTESIAN_POINT ( 'NONE',  ( -7.163360028463587881, 1.028273453781503255, 1.779130549906453362 ) ) ;
#5024 = CARTESIAN_POINT ( 'NONE',  ( 14.33582779229998927, 0.2721034007584537950, -0.02149557257027873494 ) ) ;
#5025 = CARTESIAN_POINT ( 'NONE',  ( -1.258675872299999998, 0.07132568973297644110, -0.7033136470350138669 ) ) ;
#5026 = CARTESIAN_POINT ( 'NONE',  ( 2.253473087640277317, 0.07328495064297960160, 0.5488466856923525095 ) ) ;
#5027 = CARTESIAN_POINT ( 'NONE',  ( -13.93320072836070977, 0.2966699468247200322, 0.05567803320221469121 ) ) ;
#5028 = CARTESIAN_POINT ( 'NONE',  ( -1.652301502329886373, 0.3002218118772553290, 0.3895229689514334570 ) ) ;
#5029 = CARTESIAN_POINT ( 'NONE',  ( 7.177830107840851959, 0.9143106947769836790, -1.378908542096856982 ) ) ;
#5030 = CARTESIAN_POINT ( 'NONE',  ( -7.163986464583252278, 1.068660359876917321, 1.755317687070677479 ) ) ;
#5031 = CARTESIAN_POINT ( 'NONE',  ( 1.258675872299999776, 0.4236098497879670632, 0.3599711740977548646 ) ) ;
#5032 = CARTESIAN_POINT ( 'NONE',  ( -1.258675872299999776, 0.5920505904506498940, 0.4355004626024153169 ) ) ;
#5033 = CARTESIAN_POINT ( 'NONE',  ( -7.384515140688463042, -0.6615725760252996190, -2.183990652391348153 ) ) ;
#5034 = CARTESIAN_POINT ( 'NONE',  ( 14.33582779229999993, 0.3676651677412505204, -0.1145582534465348634 ) ) ;
#5035 = CARTESIAN_POINT ( 'NONE',  ( 11.07041039831776708, 0.3906230862810274318, -0.2811738785426399767 ) ) ;
#5036 = CARTESIAN_POINT ( 'NONE',  ( -7.164733598028534267, 0.9979779784737315973, 1.698809966483282086 ) ) ;
#5037 = CARTESIAN_POINT ( 'NONE',  ( -1.258675872299999776, 0.5971867877268597358, 0.2166596400355197127 ) ) ;
#5038 = CARTESIAN_POINT ( 'NONE',  ( 3.221856121637455939, 0.07684129210880215333, 0.6202321614908551384 ) ) ;
#5039 = CARTESIAN_POINT ( 'NONE',  ( -14.33582779230001236, 0.4870031049852234784, 0.2394587988910357179 ) ) ;
#5040 = CARTESIAN_POINT ( 'NONE',  ( -14.33582779229994841, 0.2684327213008794732, 0.01688112499493317487 ) ) ;
#5041 = CARTESIAN_POINT ( 'NONE',  ( -2.566391064299997637, 0.03455826391489102978, -0.6464318519656679918 ) ) ;
#5042 = CARTESIAN_POINT ( 'NONE',  ( -2.069372012209279355, 0.5664554212569375968, 0.7418963040051830271 ) ) ;
#5043 = CARTESIAN_POINT ( 'NONE',  ( -7.315731052281376989, 0.07489718086284015419, -0.9660996370391408128 ) ) ;
#5044 = CARTESIAN_POINT ( 'NONE',  ( 3.218364512014179724, 0.06678635641848110205, 0.7074881528953530507 ) ) ;
#5045 = CARTESIAN_POINT ( 'NONE',  ( 1.258675872299999776, 0.4320168707368661210, -0.7495925281058444245 ) ) ;
#5046 = CARTESIAN_POINT ( 'NONE',  ( 2.262871084584682446, -0.04707593439142069430, 0.7439713798184693916 ) ) ;
#5047 = CARTESIAN_POINT ( 'NONE',  ( 14.36236317983895816, 1.097021471348827548, -0.8676921490353862731 ) ) ;
#5048 = CARTESIAN_POINT ( 'NONE',  ( 14.33582779230000526, 0.2759573985691594067, -0.02642796223963408617 ) ) ;
#5049 = CARTESIAN_POINT ( 'NONE',  ( -2.566391064300001190, -0.08610356496847819396, -0.8048901884144472607 ) ) ;
#5050 = CARTESIAN_POINT ( 'NONE',  ( 2.258059744635360744, 0.03894702743538431405, 0.6059311615632188008 ) ) ;
#5051 = CARTESIAN_POINT ( 'NONE',  ( -13.83096959794845482, 0.2762732779991934340, 0.03546347267239423340 ) ) ;
#5052 = CARTESIAN_POINT ( 'NONE',  ( -1.638034673059467705, 0.2714615665763995267, 0.6986394260897430541 ) ) ;
#5053 = CARTESIAN_POINT ( 'NONE',  ( 3.286670680321183369, 0.6105591953353011192, -0.4595185511914448573 ) ) ;
#5054 = AXIS2_PLACEMENT_3D ( 'NONE', #2562, #5189, #3023 ) ;
#5055 = CARTESIAN_POINT ( 'NONE',  ( -3.303320101505768491, 0.7785861288146066483, 0.9585444354215797436 ) ) ;
#5056 = CARTESIAN_POINT ( 'NONE',  ( 1.193668140350566897, 0.5314182671567125871, 0.2966704511235819797 ) ) ;
#5057 = CARTESIAN_POINT ( 'NONE',  ( -2.262555414798817832, -0.02522819045325431705, -0.7092359943568445901 ) ) ;
#5058 = CARTESIAN_POINT ( 'NONE',  ( -1.258675872299999776, 0.5891137465680771346, 0.1423079592423311668 ) ) ;
#5059 = CARTESIAN_POINT ( 'NONE',  ( -14.33582779229999993, 0.3086338872172894598, 0.06898440223458973675 ) ) ;
#5060 = CARTESIAN_POINT ( 'NONE',  ( 7.358978094029017036, -0.3229494295795875547, 1.681437191489378646 ) ) ;
#5061 = CARTESIAN_POINT ( 'NONE',  ( 7.383975190152503032, -0.6517638639228394704, 2.168267152397125752 ) ) ;
#5062 = CARTESIAN_POINT ( 'NONE',  ( -2.262871084584682446, -0.04707593439142069430, -0.7439713798184693916 ) ) ;
#5063 = CARTESIAN_POINT ( 'NONE',  ( -0.8532829707856126600, 0.5287438043322444381, 0.8833535772798941643 ) ) ;
#5064 = CARTESIAN_POINT ( 'NONE',  ( 3.228173087582955958, 0.1556297225075068680, 0.4974116631902433250 ) ) ;
#5065 = CARTESIAN_POINT ( 'NONE',  ( -7.382355976030335221, -0.6064477243860152411, -2.127873238111445353 ) ) ;
#5066 = CARTESIAN_POINT ( 'NONE',  ( -7.386136957047659379, -0.7087499142440691902, -2.253705404223715014 ) ) ;
#5067 = CARTESIAN_POINT ( 'NONE',  ( -2.566391064299997637, 0.1349652781638814025, -0.5071579139888887644 ) ) ;
#5068 = ORIENTED_EDGE ( 'NONE', *, *, #631, .T. ) ;
#5069 = CARTESIAN_POINT ( 'NONE',  ( -3.224568131962418871, 0.1836713743570837221, -0.5753843464882447689 ) ) ;
#5070 = CARTESIAN_POINT ( 'NONE',  ( 11.07168220751303700, 0.4898211195868463763, -0.3803997461810256220 ) ) ;
#5071 = CARTESIAN_POINT ( 'NONE',  ( 2.072622653093195932, 0.6138350480402620102, -0.6780651556486098075 ) ) ;
#5072 = CARTESIAN_POINT ( 'NONE',  ( -2.566391064299997637, 0.6757472866483793528, 0.8160377745188437393 ) ) ;
#5073 = CARTESIAN_POINT ( 'NONE',  ( 11.07036909814039127, 0.3832513091149549189, -0.2715171082355882781 ) ) ;
#5074 = CARTESIAN_POINT ( 'NONE',  ( -2.262871084584682446, -0.04707593439142069430, -0.7439713798184693916 ) ) ;
#5075 = CARTESIAN_POINT ( 'NONE',  ( 1.258675872300003995, 0.02570659796288884621, 0.6554949044408732162 ) ) ;
#5076 = CARTESIAN_POINT ( 'NONE',  ( 1.258675872299999776, 0.01991067574578704591, 0.6729159131458579690 ) ) ;
#5077 = CARTESIAN_POINT ( 'NONE',  ( -1.635950608461919087, 0.3847570056612533151, 0.7938110021524366067 ) ) ;
#5078 = CARTESIAN_POINT ( 'NONE',  ( 14.33582779229999815, 0.5653885306861676785, -0.4905546278825559936 ) ) ;
#5079 = CARTESIAN_POINT ( 'NONE',  ( -11.09785170326633441, 1.031691827695897956, 1.322144967480585631 ) ) ;
#5080 = DIRECTION ( 'NONE',  ( 0.1670941757691735419, 0.000000000000000000, -0.9859409396226634925 ) ) ;
#5081 = CARTESIAN_POINT ( 'NONE',  ( -1.718494221117065512, 0.06077906319042920835, -0.5677967372379786326 ) ) ;
#5082 = CARTESIAN_POINT ( 'NONE',  ( -1.258675872299999776, 0.1241863558087338976, -0.3588501414392746280 ) ) ;
#5083 = CARTESIAN_POINT ( 'NONE',  ( -3.214789383150927993, -0.05757104693742035734, -0.8148734381885984757 ) ) ;
#5084 = CARTESIAN_POINT ( 'NONE',  ( 3.230937624101776873, 0.2776632843524307614, 0.4625452691259948068 ) ) ;
#5085 = CARTESIAN_POINT ( 'NONE',  ( 7.384254249594209618, -0.6567137285538965363, 2.176241960996398550 ) ) ;
#5086 = CARTESIAN_POINT ( 'NONE',  ( 0.7423772748560636403, -0.1254767725630772379, 0.9756744258288557736 ) ) ;
#5087 = CARTESIAN_POINT ( 'NONE',  ( -0.7957529479449909626, 0.09504494060570244096, 0.9328873578202769856 ) ) ;
#5088 = CARTESIAN_POINT ( 'NONE',  ( 3.251726938723300986, 0.3756177769156398560, 0.1177774179020815160 ) ) ;
#5089 = EDGE_CURVE ( 'NONE', #840, #934, #3775, .T. ) ;
#5090 = CARTESIAN_POINT ( 'NONE',  ( -2.566391064300004299, -0.08072056156929546811, -0.7989730405522128542 ) ) ;
#5091 = CARTESIAN_POINT ( 'NONE',  ( -14.33582779229999815, 0.2701732744515621398, 0.01902883247113864099 ) ) ;
#5092 = CARTESIAN_POINT ( 'NONE',  ( -11.07202485376920009, 0.4763720597139937118, 0.4019842546137570860 ) ) ;
#5093 = EDGE_LOOP ( 'NONE', ( #3995, #969, #2715, #1857 ) ) ;
#5094 = CARTESIAN_POINT ( 'NONE',  ( -11.07337290650053774, 0.5577488833906580901, 0.4578763654736974775 ) ) ;
#5095 = CARTESIAN_POINT ( 'NONE',  ( 11.07087893423843994, 0.4438227733416122422, -0.3307785643049006019 ) ) ;
#5096 = CARTESIAN_POINT ( 'NONE',  ( 2.566391064300000302, 0.6255201466919896314, -0.8391276209789331197 ) ) ;
#5097 = B_SPLINE_CURVE_WITH_KNOTS ( 'NONE', 3,
 ( #4034, #4885, #3609, #115, #629, #1892, #2264 ),
 .UNSPECIFIED., .F., .F.,
 ( 4, 1, 1, 1, 4 ),
 ( 0.000000000000000000, 0.2247494352173335930, 0.3916111649799878802, 0.4212594900500846729, 0.4454000004099990528 ),
 .UNSPECIFIED. ) ;
#5098 = CARTESIAN_POINT ( 'NONE',  ( -14.33582779230001236, 0.6538576352875453690, 0.8200293234528589492 ) ) ;
#5099 = CARTESIAN_POINT ( 'NONE',  ( -3.286670680321183369, 0.6105591953353011192, 0.4595185511914448573 ) ) ;
#5100 = CARTESIAN_POINT ( 'NONE',  ( -7.386107741020221162, -0.7063886960636578394, -2.250524921101245912 ) ) ;
#5101 = CARTESIAN_POINT ( 'NONE',  ( 7.386100959950991474, -0.7059114850436161159, 2.249877287636487644 ) ) ;
#5102 = CARTESIAN_POINT ( 'NONE',  ( 2.566391064299999858, 0.6254865429034448532, -0.8391026377555442783 ) ) ;
#5103 = CARTESIAN_POINT ( 'NONE',  ( 2.257254010730132432, 0.04588899542192678010, 0.5944997582191168251 ) ) ;
#5104 = CARTESIAN_POINT ( 'NONE',  ( -13.82617713098633416, 0.2756232485104277985, 0.03491287754250103903 ) ) ;
#5105 = CARTESIAN_POINT ( 'NONE',  ( -1.635950608461919087, 0.3757017724186503260, 0.7916453234217510904 ) ) ;
#5106 = CIRCLE ( 'NONE', #4019, 1.225982992500000091 ) ;
#5107 = CARTESIAN_POINT ( 'NONE',  ( 11.09312386627857805, 0.8589530985915940775, -1.123741983756468388 ) ) ;
#5108 = CARTESIAN_POINT ( 'NONE',  ( -2.566391064300000302, 0.7376435431819577948, 0.2119862104506574085 ) ) ;
#5109 = CARTESIAN_POINT ( 'NONE',  ( 14.01947680676878427, 0.6290470212689802665, -0.7847069838451898871 ) ) ;
#5110 = CARTESIAN_POINT ( 'NONE',  ( -2.566391064300000302, -0.01316642008666069931, -0.7100969026461230182 ) ) ;
#5111 = CARTESIAN_POINT ( 'NONE',  ( -1.258675872299999776, 0.2405340044216433826, 0.7878028887092277666 ) ) ;
#5112 = CARTESIAN_POINT ( 'NONE',  ( -7.376613503270243122, -0.5545360133220003096, -2.000098920253904566 ) ) ;
#5113 = CARTESIAN_POINT ( 'NONE',  ( 14.33582779229998927, 0.2891738714763150697, -0.03756055461992897915 ) ) ;
#5114 = CARTESIAN_POINT ( 'NONE',  ( 11.07044273712708637, 0.3949263883696438326, -0.2868704267997563284 ) ) ;
#5115 = CARTESIAN_POINT ( 'NONE',  ( -10.68407904580783274, 0.9573588863341132571, 1.614717051293065753 ) ) ;
#5116 = CARTESIAN_POINT ( 'NONE',  ( -0.8785273675272073923, 0.04999444246926538354, -0.8580399081539598072 ) ) ;
#5117 = CARTESIAN_POINT ( 'NONE',  ( 2.566391064300002967, 0.4726292730512318685, -0.05684823029609387818 ) ) ;
#5118 = CARTESIAN_POINT ( 'NONE',  ( -3.213510288089585387, -0.1342358601240564164, -0.9169182594824460963 ) ) ;
#5119 = CARTESIAN_POINT ( 'NONE',  ( -7.386120366228747791, -0.7073382300710950865, -2.251808662590658816 ) ) ;
#5120 = CARTESIAN_POINT ( 'NONE',  ( -14.33582779229998927, 0.3490524908501557166, 0.1236265013925349349 ) ) ;
#5121 = CARTESIAN_POINT ( 'NONE',  ( -0.7585626797280815570, -0.1327911289726518562, -0.9632620328663553666 ) ) ;
#5122 = CARTESIAN_POINT ( 'NONE',  ( 0.7386174579950411934, -0.1392397445097260655, 0.9785090151282140880 ) ) ;
#5123 = CARTESIAN_POINT ( 'NONE',  ( 14.33582779229999815, 0.3453571389648049661, -0.09244052986636962232 ) ) ;
#5124 = CARTESIAN_POINT ( 'NONE',  ( 2.091647793835634594, 0.6825678440752227516, -0.4511326380383122170 ) ) ;
#5125 = CARTESIAN_POINT ( 'NONE',  ( -14.33582779229996973, 0.6428617253377597596, 0.8313018627916159975 ) ) ;
#5126 = CARTESIAN_POINT ( 'NONE',  ( -14.33582779230001591, 0.4185095153491783515, 0.2234723757900182461 ) ) ;
#5127 = CARTESIAN_POINT ( 'NONE',  ( -11.07037344107934196, 0.3841997245579408249, 0.2727526543090741384 ) ) ;
#5128 = CARTESIAN_POINT ( 'NONE',  ( 11.07035326644464135, 0.3788778057575792335, -0.2658472562748557810 ) ) ;
#5129 = CARTESIAN_POINT ( 'NONE',  ( 2.566391064299997637, 0.6513053441885550132, -0.8356760124223193698 ) ) ;
#5130 = CARTESIAN_POINT ( 'NONE',  ( 2.168403062102301604, 0.3382531816057488538, 0.02420483843251900261 ) ) ;
#5131 = CARTESIAN_POINT ( 'NONE',  ( -13.83555927257046569, 0.2764825220424962371, 0.03602097126916129627 ) ) ;
#5132 = CARTESIAN_POINT ( 'NONE',  ( -2.069074968765405753, 0.5594361711974169538, 0.7489529838137514162 ) ) ;
#5133 = CARTESIAN_POINT ( 'NONE',  ( 3.279372303911495923, 0.5737853331560606174, -0.3236223884014012842 ) ) ;
#5134 = CARTESIAN_POINT ( 'NONE',  ( -11.09036978648003213, 0.9462862337183267636, 1.019677324081973646 ) ) ;
#5135 = CARTESIAN_POINT ( 'NONE',  ( 1.214279827580706295, 0.5990231184924631469, 0.1780575463022798510 ) ) ;
#5136 = CARTESIAN_POINT ( 'NONE',  ( -1.718118291916559404, 0.06634605528125597784, -0.5558915437416699357 ) ) ;
#5137 = CARTESIAN_POINT ( 'NONE',  ( 1.258675872299999776, -0.01049949573222265162, 0.7723126382064948725 ) ) ;
#5138 = CARTESIAN_POINT ( 'NONE',  ( -14.33582779229999460, 0.3236523383765705364, 0.08902063099486436093 ) ) ;
#5139 = CARTESIAN_POINT ( 'NONE',  ( 2.566391064300009628, 0.04700941754159277536, 0.6731297582540329838 ) ) ;
#5140 = CARTESIAN_POINT ( 'NONE',  ( 11.07050966162478645, 0.4021333900153140628, -0.2965046104551730677 ) ) ;
#5141 = CARTESIAN_POINT ( 'NONE',  ( 1.193668140350567120, 0.5314182671567128091, 0.2966704511235808139 ) ) ;
#5142 = CARTESIAN_POINT ( 'NONE',  ( 0.000000000000000000, 0.8110768568541631973, 1.160597232900000053 ) ) ;
#5143 = CARTESIAN_POINT ( 'NONE',  ( 7.190559425789259329, 0.8434800761315862649, -1.131529985597312216 ) ) ;
#5144 = CARTESIAN_POINT ( 'NONE',  ( -11.07034153230753581, 0.3713381459630512027, 0.2559964002065368005 ) ) ;
#5145 = CARTESIAN_POINT ( 'NONE',  ( -11.07034373274870909, 0.3743012030387133926, 0.2599444411248798548 ) ) ;
#5146 = CARTESIAN_POINT ( 'NONE',  ( -11.07469448229275777, 0.5503367158786203195, 0.5166184563753206671 ) ) ;
#5147 = CARTESIAN_POINT ( 'NONE',  ( 3.303843635609017060, 0.7517011047781748667, -0.9966640480939435998 ) ) ;
#5148 = CARTESIAN_POINT ( 'NONE',  ( 2.262871043903772250, -0.04669315337780566288, 0.7435612743233583899 ) ) ;
#5149 = CARTESIAN_POINT ( 'NONE',  ( 3.219438534451744882, 0.09004885124835074195, 0.6818642337364870798 ) ) ;
#5150 = CARTESIAN_POINT ( 'NONE',  ( 2.150118928718768530, 0.6158470029120906020, -0.04079869943145592037 ) ) ;
#5151 = CARTESIAN_POINT ( 'NONE',  ( -2.566391064300002967, -0.07351902195333381851, -0.7884351533470541629 ) ) ;
#5152 = CARTESIAN_POINT ( 'NONE',  ( -7.165274186050378802, 1.084856694791691778, 1.709605710933363332 ) ) ;
#5153 = CARTESIAN_POINT ( 'NONE',  ( -2.566391064300002967, 0.3762190141939036336, -0.1295184816354462698 ) ) ;
#5154 = CARTESIAN_POINT ( 'NONE',  ( -7.386054509704601756, -0.7030185401998576555, -2.245920445980187363 ) ) ;
#5155 = CARTESIAN_POINT ( 'NONE',  ( 2.566391064299991864, -0.05180395374162454630, 0.7605212772217248007 ) ) ;
#5156 = CARTESIAN_POINT ( 'NONE',  ( -1.720942054258024045, -0.01462813830555694493, -0.7235825107210811513 ) ) ;
#5157 = CARTESIAN_POINT ( 'NONE',  ( 2.566391064299997637, 0.2464190534494634099, 0.3423249503564597118 ) ) ;
#5158 = CARTESIAN_POINT ( 'NONE',  ( 1.102175554564277959, 0.6820356517648242800, -0.5389681714041762994 ) ) ;
#5159 = CARTESIAN_POINT ( 'NONE',  ( -1.636022584557232928, 0.3532707846808323948, 0.7816271548954453197 ) ) ;
#5160 = CARTESIAN_POINT ( 'NONE',  ( 7.163948215430758992, 1.006245529243340098, -1.730992972585864820 ) ) ;
#5161 = CARTESIAN_POINT ( 'NONE',  ( 11.07111453715869942, 0.4402809798485501913, -0.3493700738672048667 ) ) ;
#5162 = CARTESIAN_POINT ( 'NONE',  ( 2.566391064300000302, 0.02524921937527626475, 0.6944116285970545199 ) ) ;
#5163 = CARTESIAN_POINT ( 'NONE',  ( 13.83096959794845482, 0.2762732779991934340, -0.03546347267239423340 ) ) ;
#5164 = CARTESIAN_POINT ( 'NONE',  ( -2.260407755904864757, 0.01435055181026566491, -0.6460095681229818254 ) ) ;
#5165 = CARTESIAN_POINT ( 'NONE',  ( -1.258675872299999776, 0.2788876371925312903, -0.5183818891684500718 ) ) ;
#5166 = B_SPLINE_CURVE_WITH_KNOTS ( 'NONE', 3,
 ( #4958, #5359, #4834, #492, #4501, #922, #1042, #5265, #5327, #1351, #3161, #1474, #97, #3649, #35, #2336, #5389, #3098, #2307, #584, #4015, #1904, #3590, #1843 ),
 .UNSPECIFIED., .F., .F.,
 ( 4, 2, 2, 2, 2, 2, 2, 2, 2, 2, 2, 4 ),
 ( 0.000000000000000000, 0.0004236692881893570342, 0.0006355039322839563503, 0.0007414212543313351009, 0.0007943799153550262651, 0.0008473385763787172125, 0.0008738179068906141858, 0.0009002972374025111591, 0.0009532558984264573277, 0.001059173220474511319, 0.001271007864570456456, 0.001694677152762511093 ),
 .UNSPECIFIED. ) ;
#5167 = CARTESIAN_POINT ( 'NONE',  ( 7.386165618180150716, -0.7109372433340743758, 2.257729240114604963 ) ) ;
#5168 = CARTESIAN_POINT ( 'NONE',  ( 11.07083330186155123, 0.4254835865613705859, -0.3285127843921087365 ) ) ;
#5169 = CARTESIAN_POINT ( 'NONE',  ( 2.566391064299999858, -0.08694497503564364849, 0.8057091551671229368 ) ) ;
#5170 = CARTESIAN_POINT ( 'NONE',  ( 1.636618093017123021, 0.4730656502933212604, -0.7630839873460766309 ) ) ;
#5171 = CARTESIAN_POINT ( 'NONE',  ( 14.33582779229998039, 0.5217340706311784926, -0.3951141221265145886 ) ) ;
#5172 = CARTESIAN_POINT ( 'NONE',  ( -2.566391064299995417, -0.08380790895726064615, -0.8023543562541242125 ) ) ;
#5173 = CARTESIAN_POINT ( 'NONE',  ( -14.33582779229999637, 0.2707256833639803406, 0.01973412840305474591 ) ) ;
#5174 = CARTESIAN_POINT ( 'NONE',  ( -14.33582779230000526, 0.4496541037318765310, 0.2715018007673507539 ) ) ;
#5175 = CARTESIAN_POINT ( 'NONE',  ( 3.303956636039224293, 0.7406880169823613080, -1.007533333638091610 ) ) ;
#5176 = CARTESIAN_POINT ( 'NONE',  ( 1.170083095194947020, 0.05183288169195048728, -0.3687725577475744476 ) ) ;
#5177 = CARTESIAN_POINT ( 'NONE',  ( 2.566391064300002522, -0.08649240556370924038, 0.8053546735816653479 ) ) ;
#5178 = CARTESIAN_POINT ( 'NONE',  ( 1.258675872299999998, 0.5805125218059536962, -0.07500113882259203113 ) ) ;
#5179 = CARTESIAN_POINT ( 'NONE',  ( -2.262857226351946860, -0.04262494384758527127, -0.7366709650018373745 ) ) ;
#5180 = CARTESIAN_POINT ( 'NONE',  ( -14.33582779230001236, 0.6792847505209185233, 0.7715697275389119536 ) ) ;
#5181 = CARTESIAN_POINT ( 'NONE',  ( -11.08356108920001404, 0.7193925534327261229, 0.8117344923848148763 ) ) ;
#5182 = CARTESIAN_POINT ( 'NONE',  ( -7.385917891833303273, -0.6967145907460585708, -2.237089768797157596 ) ) ;
#5183 = CARTESIAN_POINT ( 'NONE',  ( 2.566391064299999858, -0.03433701248552972762, 0.7378501586674132140 ) ) ;
#5184 = CARTESIAN_POINT ( 'NONE',  ( 11.09785170326633441, 1.031691827695897956, -1.322144967480585631 ) ) ;
#5185 = CARTESIAN_POINT ( 'NONE',  ( 2.566391064299999414, 0.4474791290975190239, -0.005709839452651276244 ) ) ;
#5186 = CARTESIAN_POINT ( 'NONE',  ( 1.144513272756321864, 0.7052178821978855039, -0.4437463628818935080 ) ) ;
#5187 = CARTESIAN_POINT ( 'NONE',  ( -2.566391064300005187, 0.7375266281943672064, 0.7064336813571709950 ) ) ;
#5188 = EDGE_LOOP ( 'NONE', ( #3113, #1024 ) ) ;
#5189 = DIRECTION ( 'NONE',  ( 0.000000000000000000, 1.000000000000000000, 0.000000000000000000 ) ) ;
#5190 = CARTESIAN_POINT ( 'NONE',  ( 11.07073728560295045, 0.4196067331776577869, -0.3203478976752118235 ) ) ;
#5191 = CARTESIAN_POINT ( 'NONE',  ( 2.262322768898490821, -0.002575933116323218721, 0.7003278843245289709 ) ) ;
#5192 = CARTESIAN_POINT ( 'NONE',  ( 14.13609039390841282, 0.4012271399724993137, -0.2030312258010623372 ) ) ;
#5193 = CARTESIAN_POINT ( 'NONE',  ( -1.717718046467629378, 0.07187392538147928389, -0.5439956726031065504 ) ) ;
#5194 = CARTESIAN_POINT ( 'NONE',  ( 1.229655614175521494, 0.09431884930773726250, -0.09144961687170768960 ) ) ;
#5195 = CARTESIAN_POINT ( 'NONE',  ( 2.566391064299992308, 0.06941609025290267077, 0.6511109027512677061 ) ) ;
#5196 = CARTESIAN_POINT ( 'NONE',  ( 3.217875189050350748, 0.01365021210878425255, 0.7141588902839017816 ) ) ;
#5197 = CARTESIAN_POINT ( 'NONE',  ( -1.258675872299996223, -0.01978745642615568553, -0.7806122636814495364 ) ) ;
#5198 = CARTESIAN_POINT ( 'NONE',  ( -13.67344817176398131, 0.2729269206961200123, 0.9844473022328561473 ) ) ;
#5199 = CARTESIAN_POINT ( 'NONE',  ( 14.33582779229998749, 0.5969919612562893940, -0.6681221260949253837 ) ) ;
#5200 = CARTESIAN_POINT ( 'NONE',  ( -11.07034259446943736, 0.3731988095819859241, 0.2585733320866940854 ) ) ;
#5201 = CARTESIAN_POINT ( 'NONE',  ( -14.33582779229999815, 0.2729295939272631810, 0.02255223518675455313 ) ) ;
#5202 = CARTESIAN_POINT ( 'NONE',  ( -11.09964185513539370, 0.9119973558241344369, 1.401949008052324475 ) ) ;
#5203 = CARTESIAN_POINT ( 'NONE',  ( 7.168823707401364764, 1.092416737470708776, -1.608978532981607756 ) ) ;
#5204 = CARTESIAN_POINT ( 'NONE',  ( 0.9055131085599467111, 0.001771483707524670274, -0.8294124616362195113 ) ) ;
#5205 = CARTESIAN_POINT ( 'NONE',  ( 11.07034153230753581, 0.3713381459630512027, -0.2559964002065368005 ) ) ;
#5206 = CARTESIAN_POINT ( 'NONE',  ( 1.258675872299999554, 0.5991110108850331573, -0.2779055640053936238 ) ) ;
#5207 = CARTESIAN_POINT ( 'NONE',  ( -1.720905550756553826, -0.005769198002586707445, -0.7050437254268380194 ) ) ;
#5208 = CARTESIAN_POINT ( 'NONE',  ( -11.08356108920006378, 0.8161857084590580236, 0.7988845939330180279 ) ) ;
#5209 = CARTESIAN_POINT ( 'NONE',  ( -7.292176374197826938, 0.1513763500417064645, -0.5707300318652498428 ) ) ;
#5210 = CARTESIAN_POINT ( 'NONE',  ( -11.07034871801162978, 0.3771110930548068341, 0.2635677718762159394 ) ) ;
#5211 = CARTESIAN_POINT ( 'NONE',  ( 2.566391064299997637, -0.05618584084786367588, 0.7661774502298279721 ) ) ;
#5212 = CARTESIAN_POINT ( 'NONE',  ( 2.566391064299998970, 0.7536169185525533054, -0.6468455910025820987 ) ) ;
#5213 = CARTESIAN_POINT ( 'NONE',  ( 2.201209749345340860, 0.2644643645259558418, 0.1952589934700185714 ) ) ;
#5214 = CARTESIAN_POINT ( 'NONE',  ( 0.8031577666839488927, -0.04413801566226461387, 0.9271452465197023152 ) ) ;
#5215 = CARTESIAN_POINT ( 'NONE',  ( -2.566391064299992308, 0.6481727202048482850, 0.02237217408551734829 ) ) ;
#5216 = VERTEX_POINT ( 'NONE', #4725 ) ;
#5217 = CARTESIAN_POINT ( 'NONE',  ( 7.163360028463587881, 1.028273453781503255, -1.779130549906453362 ) ) ;
#5218 = CARTESIAN_POINT ( 'NONE',  ( 14.33582779230000526, 0.2978175556620826780, -0.05474034332613505333 ) ) ;
#5219 = CARTESIAN_POINT ( 'NONE',  ( 11.07035040557855687, 0.3778172718300149002, -0.2644782566023957115 ) ) ;
#5220 = CARTESIAN_POINT ( 'NONE',  ( 1.258675872299999332, -0.003749373123778710661, 0.7669588444385477821 ) ) ;
#5221 = CARTESIAN_POINT ( 'NONE',  ( 13.86454444621559645, 0.2799085368786874417, -0.04019421387030597259 ) ) ;
#5222 = CARTESIAN_POINT ( 'NONE',  ( -1.258675872299999776, 0.1852645503318698650, -0.1153185099501030236 ) ) ;
#5223 = CARTESIAN_POINT ( 'NONE',  ( 1.258675872299999776, -0.01294613271398843517, 0.7620610634319866517 ) ) ;
#5224 = CARTESIAN_POINT ( 'NONE',  ( 7.380713812416804132, -0.5797727885432789607, 2.090182249070404730 ) ) ;
#5225 = CARTESIAN_POINT ( 'NONE',  ( 14.33582779230001591, 0.3364070870698369631, -0.1062831684414998479 ) ) ;
#5226 = CARTESIAN_POINT ( 'NONE',  ( -2.262871084584682446, -0.04762336890258531130, -0.7438898529317354846 ) ) ;
#5227 = CARTESIAN_POINT ( 'NONE',  ( 13.68441153805286348, 0.6862237389475691618, -0.9825892653261034670 ) ) ;
#5228 = CARTESIAN_POINT ( 'NONE',  ( 11.10035332575002087, 0.9167930851687232652, -1.445035245959855663 ) ) ;
#5229 = CARTESIAN_POINT ( 'NONE',  ( -3.213510546927415668, -0.1348335751786384207, -0.9166429135454431387 ) ) ;
#5230 = CARTESIAN_POINT ( 'NONE',  ( -7.386093866986817247, -0.7054326754510420461, -2.249225818117104314 ) ) ;
#5231 = CARTESIAN_POINT ( 'NONE',  ( -2.566391064300002967, 0.4726292730512318685, 0.05684823029609387818 ) ) ;
#5232 = CARTESIAN_POINT ( 'NONE',  ( 14.33582779229999815, 0.6629321557264521436, -0.8072173364576378241 ) ) ;
#5233 = CARTESIAN_POINT ( 'NONE',  ( 0.7729511345561485003, 0.1422322401643167089, -0.9516972718744797222 ) ) ;
#5234 = TOROIDAL_SURFACE ( 'NONE', #5601, 1.160597232900000053, 0.06538575959999999576 ) ;
#5235 = CARTESIAN_POINT ( 'NONE',  ( 2.566391064299998082, -0.08499481954710089160, 0.8041606444785430741 ) ) ;
#5236 = CARTESIAN_POINT ( 'NONE',  ( 2.566391064300005187, 0.7375266281943672064, -0.7064336813571709950 ) ) ;
#5237 = CARTESIAN_POINT ( 'NONE',  ( -2.262810032545591543, -0.03758536488798434189, -0.7287127619233040310 ) ) ;
#5238 = LENGTH_MEASURE_WITH_UNIT ( LENGTH_MEASURE( 0.02539999999999999897 ), #3072 );
#5239 = CARTESIAN_POINT ( 'NONE',  ( -2.566391064299997637, 0.7730487403278015757, 0.3968286673134049924 ) ) ;
#5240 = CARTESIAN_POINT ( 'NONE',  ( -14.33582779230000703, 0.2734122955926004961, 0.02185709819379478419 ) ) ;
#5241 = CARTESIAN_POINT ( 'NONE',  ( -11.07039222437198411, 0.3877634028198636562, 0.2774124566565996375 ) ) ;
#5242 = CARTESIAN_POINT ( 'NONE',  ( 11.07054117396364745, 0.4050287593794559271, -0.3004092968502320438 ) ) ;
#5243 = CARTESIAN_POINT ( 'NONE',  ( 2.566391064300000302, 0.7462321566845196985, -0.6773908150377587756 ) ) ;
#5244 = CARTESIAN_POINT ( 'NONE',  ( 2.566391064300002967, 0.2149208992047365596, 0.3902585332386256378 ) ) ;
#5245 = CARTESIAN_POINT ( 'NONE',  ( 1.258675872299999776, 0.1755760944068340823, 0.6133632895623466474 ) ) ;
#5246 = CARTESIAN_POINT ( 'NONE',  ( -1.678446332626430948, 0.5767234967162917503, -0.01204155880304463161 ) ) ;
#5247 = CARTESIAN_POINT ( 'NONE',  ( -7.163387227860913420, 1.020359083069594552, 1.770369998838519088 ) ) ;
#5248 = CARTESIAN_POINT ( 'NONE',  ( -7.372916085196322022, -0.5147542391003205875, -1.927042644570209573 ) ) ;
#5249 = ORIENTED_EDGE ( 'NONE', *, *, #360, .F. ) ;
#5250 = CARTESIAN_POINT ( 'NONE',  ( 2.566391064299999858, 0.6039488199271454416, -0.8078606111973953841 ) ) ;
#5251 = CARTESIAN_POINT ( 'NONE',  ( 3.214931735183702344, -0.05315949004824525176, 0.8088043214628952704 ) ) ;
#5252 = CARTESIAN_POINT ( 'NONE',  ( 2.566391064299997637, -0.08093854921521413670, 0.7979201790678288608 ) ) ;
#5253 = CARTESIAN_POINT ( 'NONE',  ( 2.566391064299997637, 0.1372545966597367162, 0.5836129979302524529 ) ) ;
#5254 = CARTESIAN_POINT ( 'NONE',  ( 14.00481345324369364, 0.3140578830160841717, -0.08353221822251631623 ) ) ;
#5255 = CARTESIAN_POINT ( 'NONE',  ( -2.566391064299997637, 0.1175956287970374575, -0.5318154822233917001 ) ) ;
#5256 = CARTESIAN_POINT ( 'NONE',  ( 1.258675872299999776, 0.1821615367293938359, -0.4387492842503409318 ) ) ;
#5257 = CARTESIAN_POINT ( 'NONE',  ( 7.386177172611645858, -0.7144428378780595112, 2.262029740003955069 ) ) ;
#5258 = CARTESIAN_POINT ( 'NONE',  ( 7.365648746223445009, -0.4430102278434037699, 1.791474307114628184 ) ) ;
#5259 = CARTESIAN_POINT ( 'NONE',  ( 13.67344817176398308, 0.6863152829323379001, -0.9844473022328561473 ) ) ;
#5260 = EDGE_CURVE ( 'NONE', #194, #3538, #2783, .T. ) ;
#5261 = CARTESIAN_POINT ( 'NONE',  ( 7.167181543787845222, 0.9790411258937056216, -1.623451510437202261 ) ) ;
#5262 = CARTESIAN_POINT ( 'NONE',  ( -3.213509988586876975, -0.1355761240523706557, -0.9183357527312923096 ) ) ;
#5263 = CARTESIAN_POINT ( 'NONE',  ( -11.07035534908020402, 0.3795854631468402185, 0.2667616916994368648 ) ) ;
#5264 = CARTESIAN_POINT ( 'NONE',  ( -14.33582779229999637, 0.5469911081246038309, 0.4465090625369943500 ) ) ;
#5265 = CARTESIAN_POINT ( 'NONE',  ( -13.70211913894777567, 0.6910977273102791862, 0.9795882367071728769 ) ) ;
#5266 = CARTESIAN_POINT ( 'NONE',  ( 14.33582779229999993, 0.2674099003160529953, -0.01524678816250808061 ) ) ;
#5267 = CARTESIAN_POINT ( 'NONE',  ( 2.239063619241368208, 0.2607897166462823657, 0.4510910210092898276 ) ) ;
#5268 = CARTESIAN_POINT ( 'NONE',  ( -1.720922495944284369, -0.008268784931360543752, -0.7100746702211577777 ) ) ;
#5269 = CARTESIAN_POINT ( 'NONE',  ( -2.566391064300002522, 0.7666982610052333058, 0.3342586906425947246 ) ) ;
#5270 = CARTESIAN_POINT ( 'NONE',  ( -3.215063655410704158, -0.02529249362723735503, -0.8054972759231889823 ) ) ;
#5271 = CARTESIAN_POINT ( 'NONE',  ( -7.385754652286258271, -0.6908670120413044069, -2.228679562964002603 ) ) ;
#5272 = CARTESIAN_POINT ( 'NONE',  ( 3.303007708879138082, 0.7882088167290565162, -0.9397676258432556828 ) ) ;
#5273 = CARTESIAN_POINT ( 'NONE',  ( 2.566391064300000302, 0.5762625682408568650, -0.5871218499160306692 ) ) ;
#5274 = CARTESIAN_POINT ( 'NONE',  ( 14.08295168040105239, 0.3813301449958249045, -0.1371288649579953667 ) ) ;
#5275 = CARTESIAN_POINT ( 'NONE',  ( -2.121073820999947124, 0.6741608843814014262, 0.2198719830803154140 ) ) ;
#5276 = VERTEX_POINT ( 'NONE', #809 ) ;
#5277 = CARTESIAN_POINT ( 'NONE',  ( -3.302544649012232991, 0.6618955724470024782, 0.8792750732221994436 ) ) ;
#5278 = CARTESIAN_POINT ( 'NONE',  ( -2.566391064299998970, 0.1675908800069880744, -0.4601380894964779422 ) ) ;
#5279 = VERTEX_POINT ( 'NONE', #2130 ) ;
#5280 = CARTESIAN_POINT ( 'NONE',  ( -14.18081896045977786, 0.6230864955424555429, 0.4155856047491208738 ) ) ;
#5281 = CARTESIAN_POINT ( 'NONE',  ( 2.566391064300000302, 0.04306127636700908534, 0.6349236823779879080 ) ) ;
#5282 = CARTESIAN_POINT ( 'NONE',  ( 2.566391064299997637, -0.07817784963558853384, 0.7943943504367168007 ) ) ;
#5283 = CARTESIAN_POINT ( 'NONE',  ( 1.720485965024823427, 0.01777604069918526861, 0.6574325954345785483 ) ) ;
#5284 = LINE ( 'NONE', #3118, #1548 ) ;
#5285 = CARTESIAN_POINT ( 'NONE',  ( -2.209637592076866497, 0.2421634705939052223, -0.2412334352854685338 ) ) ;
#5286 = CARTESIAN_POINT ( 'NONE',  ( 1.258675872299999776, 0.5920505904506498940, -0.4355004626024153169 ) ) ;
#5287 = CARTESIAN_POINT ( 'NONE',  ( 11.07034151270275224, 0.3711157418923222706, -0.2556010034918992924 ) ) ;
#5288 = CARTESIAN_POINT ( 'NONE',  ( 3.218376434077921289, 0.02263732371665274842, 0.7010498740040143062 ) ) ;
#5289 = CARTESIAN_POINT ( 'NONE',  ( -2.566391064299997637, 0.6513053441885550132, 0.8356760124223193698 ) ) ;
#5290 = DIRECTION ( 'NONE',  ( 0.000000000000000000, 1.000000000000000000, 0.000000000000000000 ) ) ;
#5291 = CARTESIAN_POINT ( 'NONE',  ( -7.386164672742117965, -0.7120017937148299669, -2.258003804601496523 ) ) ;
#5292 = CARTESIAN_POINT ( 'NONE',  ( -11.07036909814039127, 0.3832513091149549189, 0.2715171082355882781 ) ) ;
#5293 = CARTESIAN_POINT ( 'NONE',  ( 2.566391064300002078, 0.7596091003275459164, -0.6159999660799205801 ) ) ;
#5294 = CARTESIAN_POINT ( 'NONE',  ( -3.258804152211468796, 0.4317132300975799475, -0.009752333220942623754 ) ) ;
#5295 = DIRECTION ( 'NONE',  ( -0.000000000000000000, -1.000000000000000000, -0.000000000000000000 ) ) ;
#5296 = CARTESIAN_POINT ( 'NONE',  ( 7.386177444877716880, -0.7156207175618535254, 2.263009602503970985 ) ) ;
#5297 = CARTESIAN_POINT ( 'NONE',  ( 2.566391064300002967, 0.1887834893465547281, 0.5313610422048838933 ) ) ;
#5298 = CARTESIAN_POINT ( 'NONE',  ( -2.566391064299998970, -0.03906366922471580377, -0.7440055512701732043 ) ) ;
#5299 = CARTESIAN_POINT ( 'NONE',  ( 2.566391064299999858, 0.6174570415925533240, -0.8331329886902907322 ) ) ;
#5300 = CARTESIAN_POINT ( 'NONE',  ( -14.33582779229997684, 0.6939694044740275514, 0.5849752999373830642 ) ) ;
#5301 = CARTESIAN_POINT ( 'NONE',  ( -14.33582779229997684, 0.3116739415007228065, 0.05948598262155881111 ) ) ;
#5302 = CARTESIAN_POINT ( 'NONE',  ( -11.07042050367036978, 0.3920557022436585437, 0.2830654947973318958 ) ) ;
#5303 = CARTESIAN_POINT ( 'NONE',  ( 7.167181543787826570, 1.092208052909745319, -1.652690226046754196 ) ) ;
#5304 = CARTESIAN_POINT ( 'NONE',  ( 1.258675872300001997, 0.1279785758353899627, -0.6769224231853757656 ) ) ;
#5305 = CARTESIAN_POINT ( 'NONE',  ( 1.258675872299999776, 0.08666507442872904698, 0.6902485254317967112 ) ) ;
#5306 = CARTESIAN_POINT ( 'NONE',  ( -2.566391064300001190, 0.7664895716068573783, 0.3328559271086082294 ) ) ;
#5307 = ORIENTED_EDGE ( 'NONE', *, *, #3784, .T. ) ;
#5308 = CARTESIAN_POINT ( 'NONE',  ( -2.566391064299999858, 0.6212848363331429091, 0.8359788181397669327 ) ) ;
#5309 = CARTESIAN_POINT ( 'NONE',  ( -7.362364418996402371, -0.4124702315618016257, -1.732521220601438428 ) ) ;
#5310 = ORIENTED_EDGE ( 'NONE', *, *, #2988, .F. ) ;
#5311 = CARTESIAN_POINT ( 'NONE',  ( 11.07034230402291541, 0.3729752081712620626, -0.2581651750621936636 ) ) ;
#5312 = CARTESIAN_POINT ( 'NONE',  ( 2.566391064300000302, -0.07597446161203728898, 0.7915761697283881793 ) ) ;
#5313 = CARTESIAN_POINT ( 'NONE',  ( 2.566391064300002967, -0.06478618287377196916, 0.7772428842206139388 ) ) ;
#5314 = CARTESIAN_POINT ( 'NONE',  ( -14.11146014126308934, 0.3762546487841235132, 0.1674347508823493813 ) ) ;
#5315 = CARTESIAN_POINT ( 'NONE',  ( -1.666618909397006965, 0.3062285181913229626, 0.1879242135480928277 ) ) ;
#5316 = CARTESIAN_POINT ( 'NONE',  ( 1.258675872299999776, 0.1645230057966818316, -0.5110726767305835416 ) ) ;
#5317 = CARTESIAN_POINT ( 'NONE',  ( 3.213509985887135656, -0.1362876198016519935, 0.9183214324288432318 ) ) ;
#5318 = CARTESIAN_POINT ( 'NONE',  ( 7.274768759909416183, 0.2800486778710002955, 0.2906356889508295294 ) ) ;
#5319 = CARTESIAN_POINT ( 'NONE',  ( -14.33582779229999637, 0.6235403889254867993, 0.8376068082928783687 ) ) ;
#5320 = CARTESIAN_POINT ( 'NONE',  ( 1.258675872299998666, -0.01604501500338044451, 0.7706247265695839177 ) ) ;
#5321 = EDGE_CURVE ( 'NONE', #472, #934, #1184, .T. ) ;
#5322 = CARTESIAN_POINT ( 'NONE',  ( -1.258675872299999776, 0.2642715263411890558, 0.7987794847395497388 ) ) ;
#5323 = CARTESIAN_POINT ( 'NONE',  ( -11.07034205813912564, 0.3724125952457537636, 0.2576420232797501098 ) ) ;
#5324 = CARTESIAN_POINT ( 'NONE',  ( -14.33582779230000703, 0.2814504096408577682, 0.03348424185543179971 ) ) ;
#5325 = CARTESIAN_POINT ( 'NONE',  ( 14.33582779229998749, 0.6549442607889625068, -0.4660096410389788502 ) ) ;
#5326 = CARTESIAN_POINT ( 'NONE',  ( -7.183786775855154794, 0.8811721723066641143, 1.260212072865999122 ) ) ;
#5327 = CARTESIAN_POINT ( 'NONE',  ( -13.70275918987721830, 0.6908486482787800087, 0.9794797628846444448 ) ) ;
#5328 = CARTESIAN_POINT ( 'NONE',  ( 7.386171818000079270, -0.7132398193663039843, 2.259746843035629560 ) ) ;
#5329 = CARTESIAN_POINT ( 'NONE',  ( -1.720867218470572668, -0.001771662176928591155, -0.6970050072676310382 ) ) ;
#5330 = FILL_AREA_STYLE_COLOUR ( '', #4195 ) ;
#5331 = CARTESIAN_POINT ( 'NONE',  ( -14.33582779229998749, 0.6549442607889625068, 0.4660096410389788502 ) ) ;
#5332 = CARTESIAN_POINT ( 'NONE',  ( -11.07202072982161312, 0.5053654573734270850, 0.3977014165667447920 ) ) ;
#5333 = AXIS2_PLACEMENT_3D ( 'NONE', #5428, #4969, #243 ) ;
#5334 = CARTESIAN_POINT ( 'NONE',  ( -3.213656608912854651, -0.1100207200368180926, -0.8851530355903473035 ) ) ;
#5335 = CARTESIAN_POINT ( 'NONE',  ( 7.305776072860220793, 0.1597487055855941751, 0.8056378367807326413 ) ) ;
#5336 = CARTESIAN_POINT ( 'NONE',  ( 1.644172742592869163, 0.2760642704689664217, -0.5343690126978137833 ) ) ;
#5337 = CARTESIAN_POINT ( 'NONE',  ( 13.95607195791371957, 0.7209489762981066141, -0.8463066966899990273 ) ) ;
#5338 = CARTESIAN_POINT ( 'NONE',  ( -1.258675872300000442, 0.2598816574792277567, -0.5343349847059785107 ) ) ;
#5339 = VECTOR ( 'NONE', #2558, 39.37007874015748143 ) ;
#5340 = ORIENTED_EDGE ( 'NONE', *, *, #2650, .T. ) ;
#5341 = CARTESIAN_POINT ( 'NONE',  ( -11.09880415586327729, 0.9071946494991909304, 1.357636687669415476 ) ) ;
#5342 = CARTESIAN_POINT ( 'NONE',  ( -14.33582779229999815, 0.4052034457502691200, 0.2036777105423799028 ) ) ;
#5343 = VERTEX_POINT ( 'NONE', #1133 ) ;
#5344 =( LENGTH_UNIT ( ) NAMED_UNIT ( * ) SI_UNIT ( $, .METRE. ) );
#5345 = CARTESIAN_POINT ( 'NONE',  ( 14.33582779230003545, 0.2693676482534038685, -0.01797790243984773509 ) ) ;
#5346 = CARTESIAN_POINT ( 'NONE',  ( 3.213528586439363011, -0.1267400081197260775, 0.9068043663614717698 ) ) ;
#5347 = CARTESIAN_POINT ( 'NONE',  ( 2.262312306633408543, -0.01794825805892257681, 0.6977147535337437922 ) ) ;
#5348 = CARTESIAN_POINT ( 'NONE',  ( -1.258675872299999998, 0.1979291922254022007, 0.7685086100014798527 ) ) ;
#5349 = CARTESIAN_POINT ( 'NONE',  ( -2.192496217029698435, 0.2859170535725318874, -0.1490370375031890571 ) ) ;
#5350 = CARTESIAN_POINT ( 'NONE',  ( 11.07889445398566863, 0.6377604159991867583, -0.6630812502557121846 ) ) ;
#5351 = CARTESIAN_POINT ( 'NONE',  ( 13.70529877025310483, 0.6891446092736073226, -0.9790493627737913984 ) ) ;
#5352 = CARTESIAN_POINT ( 'NONE',  ( 1.720922495944284369, -0.008268784931360543752, 0.7100746702211577777 ) ) ;
#5353 = CARTESIAN_POINT ( 'NONE',  ( 0.000000000000000000, 0.7456910972541630489, 0.000000000000000000 ) ) ;
#5354 = CARTESIAN_POINT ( 'NONE',  ( -11.07034720659498817, 0.3764057560674028968, 0.2626590265354240561 ) ) ;
#5355 = CARTESIAN_POINT ( 'NONE',  ( -2.566391064299991864, -0.05180395374162454630, -0.7605212772217248007 ) ) ;
#5356 = CARTESIAN_POINT ( 'NONE',  ( 3.275457720200844136, 0.7432056705833807175, -0.2464118143328991872 ) ) ;
#5357 = CARTESIAN_POINT ( 'NONE',  ( 7.385615760051284617, -0.6866202062458071076, 2.222448773969356584 ) ) ;
#5358 = CARTESIAN_POINT ( 'NONE',  ( 0.7916154058921602843, 0.4650189944046825841, -0.9364328692231268514 ) ) ;
#5359 = CARTESIAN_POINT ( 'NONE',  ( -13.67883661820241237, 0.6968545162061268172, 0.9835340852437631787 ) ) ;
#5360 = CARTESIAN_POINT ( 'NONE',  ( 7.386169752707673730, -0.7129496373007785381, 2.259210219947851428 ) ) ;
#5361 = CARTESIAN_POINT ( 'NONE',  ( -2.566391064299995861, -0.06624058040995965679, -0.7791095601863226028 ) ) ;
#5362 = CARTESIAN_POINT ( 'NONE',  ( 14.33582779230000526, 0.6095538910904499952, -0.8106134454375096832 ) ) ;
#5363 = CARTESIAN_POINT ( 'NONE',  ( -2.566391064300004743, 0.2241878980495738971, -0.4948884805799602660 ) ) ;
#5364 = CARTESIAN_POINT ( 'NONE',  ( -14.33582779229999815, 0.2947908442694675002, 0.04305028799781215887 ) ) ;
#5365 = CARTESIAN_POINT ( 'NONE',  ( -11.07061197586862455, 0.4108399669613256311, 0.3083023963068225459 ) ) ;
#5366 = CARTESIAN_POINT ( 'NONE',  ( 3.271410438737288651, 0.7107443250068208318, -0.1758090811018144239 ) ) ;
#5367 = CARTESIAN_POINT ( 'NONE',  ( 2.080604105849534591, 0.3998639223676569432, -0.5492612357110718824 ) ) ;
#5368 = CARTESIAN_POINT ( 'NONE',  ( 14.15391499363386707, 0.4797132410139584580, -0.2389986622943166550 ) ) ;
#5369 = CARTESIAN_POINT ( 'NONE',  ( -1.712719922660011163, 0.2591087511569095114, -0.4731966563260746605 ) ) ;
#5370 = ORIENTED_EDGE ( 'NONE', *, *, #3670, .F. ) ;
#5371 = B_SPLINE_CURVE_WITH_KNOTS ( 'NONE', 3,
 ( #4606, #125, #181, #5358, #3188, #3648, #2415, #208, #4928, #232, #3674, #3297, #1119, #689, #1041, #2788, #5141, #2973, #4710, #3431, #2115, #740, #5086, #2061, #1627, #2087, #4632, #2892 ),
 .UNSPECIFIED., .F., .F.,
 ( 4, 1, 1, 1, 1, 1, 1, 1, 1, 1, 1, 1, 1, 1, 1, 1, 1, 1, 1, 1, 1, 1, 1, 1, 1, 4 ),
 ( 0.5000000000000000000, 0.5005408858997337784, 0.5038025262993266473, 0.5314428736485379279, 0.5579801329371434360, 0.5664262989871529097, 0.5841051283058658061, 0.6011114366527812169, 0.6223792671221959338, 0.6330776538510651807, 0.6629671682290771972, 0.6919931874275775385, 0.7219150413458930160, 0.7525619998980526137, 0.7548643554379765863, 0.7896017132647896730, 0.8324221744713882210, 0.9131801708613549451, 0.9568848395433335874, 0.9756529348422964265, 0.9936599592682702209, 0.9983556958261430303, 0.9995219610753198758, 0.9996941019960270403, 0.9998254599814011545, 1.000000000000000000 ),
 .UNSPECIFIED. ) ;
#5372 = CARTESIAN_POINT ( 'NONE',  ( -0.9737211400023410013, 0.6062517808110053918, 0.7458492458201001485 ) ) ;
#5373 = ORIENTED_EDGE ( 'NONE', *, *, #5089, .F. ) ;
#5374 = CARTESIAN_POINT ( 'NONE',  ( 14.33582779230004078, 0.2688660971331378047, -0.01728833504392715895 ) ) ;
#5375 = CARTESIAN_POINT ( 'NONE',  ( -2.262794268309785473, -0.03078955642459485498, -0.7270981315842104387 ) ) ;
#5376 = CARTESIAN_POINT ( 'NONE',  ( 1.258675872299996445, -0.005269446511640098890, 0.7412487581539396464 ) ) ;
#5377 = CARTESIAN_POINT ( 'NONE',  ( -13.76260775404282022, 0.6715462496704200923, 0.9585497232333225481 ) ) ;
#5378 = CARTESIAN_POINT ( 'NONE',  ( -2.069988952239612878, 0.4234369615795224306, 0.7038802718960488480 ) ) ;
#5379 = CARTESIAN_POINT ( 'NONE',  ( 11.07541360312906953, 0.5669675343948877844, -0.5435301834291871304 ) ) ;
#5380 = CARTESIAN_POINT ( 'NONE',  ( -11.10147844624075297, 0.9967068102927231221, 1.567991413246081933 ) ) ;
#5381 = B_SPLINE_CURVE_WITH_KNOTS ( 'NONE', 3,
 ( #2669, #460, #1875, #3558, #2210, #1780 ),
 .UNSPECIFIED., .F., .F.,
 ( 4, 1, 1, 4 ),
 ( 0.9364767817554829898, 0.9709513977905490645, 0.9999999999999992228, 1.000620100789585409 ),
 .UNSPECIFIED. ) ;
#5382 = CARTESIAN_POINT ( 'NONE',  ( 2.566391064300000302, -0.07552213016421704950, 0.7909976000993361733 ) ) ;
#5383 = CARTESIAN_POINT ( 'NONE',  ( -13.67344817176398131, 1.097021471348827548, 0.9844473022328561473 ) ) ;
#5384 = CARTESIAN_POINT ( 'NONE',  ( -14.33582779229999815, 0.2701732744515621398, 0.01902883247113864099 ) ) ;
#5385 = CARTESIAN_POINT ( 'NONE',  ( -14.33582779230000526, 0.2978175556620826780, 0.05474034332613505333 ) ) ;
#5386 = CARTESIAN_POINT ( 'NONE',  ( 2.566391064299997637, 0.7548896488314887909, -0.2724738925326049555 ) ) ;
#5387 = CARTESIAN_POINT ( 'NONE',  ( 2.566391064299998970, -0.06606707205605831523, 0.7788869154141762063 ) ) ;
#5388 = CARTESIAN_POINT ( 'NONE',  ( -7.163948215430758992, 1.006245529243340098, 1.730992972585864820 ) ) ;
#5389 = CARTESIAN_POINT ( 'NONE',  ( -13.70284689982779369, 0.6875403759788835112, 0.9794648980774743885 ) ) ;
#5390 = CARTESIAN_POINT ( 'NONE',  ( -2.566391064299997637, -0.04701475687437355749, -0.7543255955115507616 ) ) ;
#5391 = CARTESIAN_POINT ( 'NONE',  ( 7.343311241169898196, -0.2471821493858343821, 1.404644738945164839 ) ) ;
#5392 = CIRCLE ( 'NONE', #2917, 1.225982992500000091 ) ;
#5393 = CARTESIAN_POINT ( 'NONE',  ( -11.07416661699805260, 0.5841972749858103109, 0.4893186195310574305 ) ) ;
#5394 = CARTESIAN_POINT ( 'NONE',  ( -7.386177172611645858, -0.7144428378780595112, -2.262029740003955069 ) ) ;
#5395 = CARTESIAN_POINT ( 'NONE',  ( -2.566391064299998970, 0.05154002468850326507, -0.6233977467133846595 ) ) ;
#5396 = CARTESIAN_POINT ( 'NONE',  ( 14.33582779230001591, 0.6061097214875292849, -0.3854216273270247295 ) ) ;
#5397 = CARTESIAN_POINT ( 'NONE',  ( 2.105360893873348793, 0.4127257791956098210, -0.3391000175556368457 ) ) ;
#5398 = CARTESIAN_POINT ( 'NONE',  ( 14.16861115905767043, 0.5168855814864483644, -0.2803084302309055698 ) ) ;
#5399 = CARTESIAN_POINT ( 'NONE',  ( -2.209637592077039248, 0.4175194245278999183, -0.2785198775893347189 ) ) ;
#5400 = CARTESIAN_POINT ( 'NONE',  ( 1.258675872299999776, 0.03214602407514444149, 0.7366824306606825079 ) ) ;
#5401 = PRODUCT_DEFINITION_CONTEXT ( 'detailed design', #4370, 'design' ) ;
#5402 = ORIENTED_EDGE ( 'NONE', *, *, #360, .T. ) ;
#5403 = DIRECTION ( 'NONE',  ( 0.000000000000000000, 0.000000000000000000, 1.000000000000000000 ) ) ;
#5404 = CARTESIAN_POINT ( 'NONE',  ( 2.566391064300002078, -0.07872964003956271772, 0.7950992470544103741 ) ) ;
#5405 = ADVANCED_FACE ( 'NONE', ( #4644 ), #2378, .T. ) ;
#5406 = CARTESIAN_POINT ( 'NONE',  ( -2.566391064300006963, -0.05389726286873660482, -0.7716259736014375870 ) ) ;
#5407 = CARTESIAN_POINT ( 'NONE',  ( 2.566391064300003855, -0.04339823812138667025, 0.7496372599688214677 ) ) ;
#5408 = CARTESIAN_POINT ( 'NONE',  ( -13.85261156466810561, 0.6559469416109113826, 0.9177879731520919293 ) ) ;
#5409 = CARTESIAN_POINT ( 'NONE',  ( -1.636474542561120460, 0.3179545627613125647, 0.7561697518278028829 ) ) ;
#5410 = CARTESIAN_POINT ( 'NONE',  ( 14.33582779230001591, 0.4987806165016757109, -0.3532845186840471996 ) ) ;
#5411 = CARTESIAN_POINT ( 'NONE',  ( -11.10153887103843573, 0.9909018061908596575, 1.576523671868898191 ) ) ;
#5412 = CARTESIAN_POINT ( 'NONE',  ( 2.262839896863197975, -0.04033818029232546370, 0.7330498765344999335 ) ) ;
#5413 = CARTESIAN_POINT ( 'NONE',  ( -0.9602134677142701857, -0.06107153888123450364, -0.7646775874324664990 ) ) ;
#5414 = CARTESIAN_POINT ( 'NONE',  ( -7.383678121734852162, -0.6467238091279102763, -2.160068196610716473 ) ) ;
#5415 = CARTESIAN_POINT ( 'NONE',  ( 14.33582779230001591, 0.6874900684653041383, -0.7412459757884437561 ) ) ;
#5416 = CARTESIAN_POINT ( 'NONE',  ( 11.07035880134547412, 0.3806480469921966203, -0.2681366834387297060 ) ) ;
#5417 = CARTESIAN_POINT ( 'NONE',  ( -11.10159409607604175, 0.9348423946044074340, 1.565028117463134860 ) ) ;
#5418 = CARTESIAN_POINT ( 'NONE',  ( -1.258675872299999776, -0.01294613271398843517, -0.7620610634319866517 ) ) ;
#5419 = CARTESIAN_POINT ( 'NONE',  ( -1.720307970086417892, 0.02363570593115099996, -0.6454421590859455993 ) ) ;
#5420 = CARTESIAN_POINT ( 'NONE',  ( 3.217875189050350748, 0.01365021210878425255, 0.7141588902839017816 ) ) ;
#5421 = CARTESIAN_POINT ( 'NONE',  ( -7.371595214463406265, -0.4600953466870572606, -1.907717333409712168 ) ) ;
#5422 = CARTESIAN_POINT ( 'NONE',  ( -3.213511581603802014, -0.1333813242999122850, -0.9151358473950220729 ) ) ;
#5423 = CARTESIAN_POINT ( 'NONE',  ( -3.214931735183702344, -0.05315949004824525176, -0.8088043214628952704 ) ) ;
#5424 = CARTESIAN_POINT ( 'NONE',  ( -11.08356108920006378, 0.8161857084590580236, 0.7988845939330180279 ) ) ;
#5425 = CARTESIAN_POINT ( 'NONE',  ( 3.258804152211473681, 0.5953591385424407134, 0.02844413906839005426 ) ) ;
#5426 = CARTESIAN_POINT ( 'NONE',  ( 2.068145361642087288, 0.5233253417451421141, -0.7760349709731969581 ) ) ;
#5427 = CARTESIAN_POINT ( 'NONE',  ( 1.720941935209724827, -0.01357195767690490447, 0.7218314119861617417 ) ) ;
#5428 = CARTESIAN_POINT ( 'NONE',  ( 0.000000000000000000, -0.7170990083023013328, 0.000000000000000000 ) ) ;
#5429 = VERTEX_POINT ( 'NONE', #813 ) ;
#5430 = CARTESIAN_POINT ( 'NONE',  ( -13.81083527857681936, 0.7054811932007368780, 0.9388779015324643096 ) ) ;
#5431 = CARTESIAN_POINT ( 'NONE',  ( 14.33582779229998039, 0.2712769596784009862, -0.02043883388584239943 ) ) ;
#5432 = CARTESIAN_POINT ( 'NONE',  ( -2.262870921883747499, -0.04631486678247298538, -0.7431198634469107223 ) ) ;
#5433 = B_SPLINE_SURFACE_WITH_KNOTS ( 'NONE', 3, 3, ( 
 ( #1599, #3322, #5062, #3031 ),
 ( #4310, #3061, #5226, #2171 ),
 ( #850, #3459, #4371, #5627 ),
 ( #5197, #1313, #2599, #4339 ),
 ( #3912, #29, #391, #454 ),
 ( #3882, #4797, #420, #5657 ),
 ( #2630, #4766, #1282, #2570 ),
 ( #2204, #1739, #2142, #883 ),
 ( #3489, #3945, #1774, #3520 ),
 ( #1709, #4382, #4720, #463 ),
 ( #4837, #3441, #5179, #861 ),
 ( #4776, #4320, #803, #1323 ),
 ( #3499, #3986, #3922, #430 ),
 ( #2609, #1692, #1292, #2213 ),
 ( #2182, #4349, #1235, #3529 ),
 ( #2152, #4806, #3070, #2580 ),
 ( #892, #6, #2639, #925 ),
 ( #3954, #38, #1783, #1749 ),
 ( #3892, #5268, #401, #1719 ),
 ( #5637, #2984, #2553, #2247 ),
 ( #373, #3864, #1354, #3469 ),
 ( #3101, #2672, #5237, #4413 ),
 ( #1263, #495, #5610, #1816 ),
 ( #70, #5207, #3041, #5151 ),
 ( #4292, #2125, #3013, #4747 ),
 ( #831, #1877, #3623, #3163 ),
 ( #4931, #5329, #2703, #1569 ),
 ( #2732, #4959, #1417, #5361 ),
 ( #1016, #4199, #4627, #2459 ),
 ( #2790, #3132, #4532, #156 ),
 ( #1043, #987, #5057, #4017 ),
 ( #525, #586, #957, #4900 ),
 ( #2338, #614, #2365, #4473 ),
 ( #4078, #558, #2309, #99 ),
 ( #3592, #128, #4047, #1445 ),
 ( #3191, #4105, #3317, #2760 ),
 ( #4503, #2278, #1140, #5390 ),
 ( #1905, #1385, #278, #4869 ),
 ( #3561, #3650, #3676, #5298 ),
 ( #183, #1475, #3220, #1845 ),
 ( #1934, #5419, #2887, #708 ),
 ( #4444, #4335, #1191, #3427 ),
 ( #3822, #2912, #3397, #2595 ),
 ( #846, #817, #1248, #1594 ),
 ( #4278, #2027, #5164, #5110 ),
 ( #2485, #331, #5515, #4733 ),
 ( #1677, #2998, #5595, #4306 ),
 ( #2968, #4705, #3027, #2566 ),
 ( #386, #1278, #5623, #5541 ),
 ( #3850, #5081, #3455, #1705 ),
 ( #304, #5136, #2138, #3877 ),
 ( #3343, #5193, #1620, #4762 ),
 ( #4679, #5568, #1650, #1165 ),
 ( #1220, #3768, #4652, #789 ),
 ( #735, #4225, #2056, #762 ),
 ( #3796, #2939, #3370, #2512 ),
 ( #4252, #2082, #2539, #358 ),
 ( #2111, #4856, #2720, #3089 ),
 ( #1341, #2659, #449, #5255 ),
 ( #3908, #3179, #4886, #1308 ),
 ( #4824, #2296, #4918, #3973 ),
 ( #1833, #911, #4400, #2200 ),
 ( #2167, #5653, #1003, #974 ),
 ( #4792, #4460, #481, #1404 ),
 ( #2233, #2748, #3941, #3057 ),
 ( #2265, #4035, #5285, #1735 ),
 ( #3484, #879, #416, #943 ),
 ( #5222, #116, #5349, #2626 ),
 ( #57, #1802, #24, #544 ),
 ( #1769, #4366, #2690, #3150 ),
 ( #1433, #4431, #1863, #3516 ),
 ( #3547, #1372, #3119, #3611 ),
 ( #512, #5315, #4004, #87 ),
 ( #3579, #248, #4948, #2806 ),
 ( #1540, #2833, #4144, #5461 ),
 ( #1111, #4976, #5436, #1515 ),
 ( #3288, #5028, #2858, #3740 ),
 ( #2354, #1922, #656, #1893 ),
 ( #4171, #2777, #4520, #199 ),
 ( #224, #1032, #3691, #603 ),
 ( #4548, #4574, #3313, #3262 ),
 ( #1950, #4094, #630, #4598 ),
 ( #5001, #1086, #574, #681 ),
 ( #1490, #1975, #2406, #3665 ),
 ( #3716, #2431, #1999, #5486 ),
 ( #1565, #5052, #173, #2381 ),
 ( #1136, #4491, #2326, #4065 ),
 ( #144, #3639, #5378, #1461 ),
 ( #3209, #5409, #3236, #1060 ),
 ( #4120, #5590, #1215, #2534 ),
 ( #785, #5159, #3365, #3818 ),
 ( #3393, #4221, #2481, #3339 ),
 ( #2908, #5105, #3792, #758 ),
 ( #4274, #5077, #1590, #353 ),
 ( #2106, #1160, #2078, #4647 ),
 ( #2935, #2963, #1700, #1646 ),
 ( #1243, #327, #730, #4675 ),
 ( #4701, #5563, #4248, #4623 ),
 ( #5509, #5537, #3845, #1672 ),
 ( #381, #3422, #5132, #2993 ),
 ( #2561, #4728, #812, #4301 ),
 ( #300, #5618, #2133, #3872 ),
 ( #3449, #2051, #1616, #704 ),
 ( #1187, #4194, #2507, #5187 ),
 ( #2455, #2883, #274, #2023 ),
 ( #3764, #3049, #1394, #1728 ),
 ( #4784, #3109, #1760, #3080 ),
 ( #2649, #533, #2588, #4877 ),
 ( #4846, #5646, #1272, #3963 ),
 ( #2222, #4391, #870, #409 ),
 ( #3600, #439, #502, #839 ),
 ( #2617, #47, #1792, #5306 ),
 ( #4815, #3569, #3900, #3537 ),
 ( #4357, #4755, #5275, #4420 ),
 ( #2191, #933, #1362, #3931 ),
 ( #3477, #15, #1300, #3507 ),
 ( #901, #471, #2680, #5215 ),
 ( #2255, #5246, #1332, #3994 ),
 ( #4328, #78, #1824, #3141 ),
 ( #965, #2711, #4451, #2160 ),
 ( #3021, #2286, #4026, #107 ),
 ( #1853, #3171, #5399, #1453 ),
 ( #1483, #3228, #595, #3631 ),
 ( #995, #2346, #4512, #136 ),
 ( #2798, #3199, #566, #4540 ),
 ( #4968, #4939, #165, #2317 ),
 ( #5338, #5369, #4055, #4909 ),
 ( #1885, #1053, #2740, #1914 ),
 ( #1023, #4086, #2768, #3658 ),
 ( #4482, #1425, #623, #1512 ),
 ( #4517, #1947, #3284, #5483 ),
 ( #2428, #141, #1083, #1487 ),
 ( #2774, #3713, #1919, #600 ),
 ( #3688, #221, #1458, #4168 ),
 ( #5025, #2351, #2803, #4998 ),
 ( #1996, #1972, #4091, #1057 ),
 ( #2829, #3636, #1890, #4571 ),
 ( #4945, #4545, #170, #2745 ),
 ( #3662, #653, #3259, #5406 ),
 ( #627, #4488, #245, #3176 ),
 ( #4915, #1000, #5375, #5458 ),
 ( #3206, #3233, #2403, #4141 ),
 ( #678, #1537, #2377, #1108 ),
 ( #2855, #4595, #3737, #571 ),
 ( #2323, #4973, #4061, #4117 ),
 ( #1029, #196, #5432, #5049 ),
 ( #350, #2452, #271, #5587 ),
 ( #2531, #5156, #297, #3869 ),
 ( #4191, #1240, #3390, #3419 ),
 ( #727, #2020, #5074, #5560 ) ),
 .UNSPECIFIED., .T., .F., .F.,
 ( 4, 1, 1, 1, 1, 1, 1, 1, 1, 1, 1, 1, 1, 1, 1, 1, 1, 1, 1, 1, 1, 1, 1, 1, 1, 1, 1, 1, 1, 1, 1, 1, 1, 1, 1, 1, 1, 1, 1, 1, 1, 1, 1, 1, 1, 1, 1, 1, 1, 1, 1, 1, 1, 1, 1, 1, 1, 1, 1, 1, 1, 1, 1, 1, 1, 1, 1, 1, 1, 1, 1, 1, 1, 1, 1, 1, 1, 1, 1, 1, 1, 1, 1, 1, 1, 1, 1, 1, 1, 1, 1, 2, 1, 1, 1, 1, 1, 1, 1, 1, 1, 1, 1, 1, 1, 1, 1, 1, 1, 1, 1, 1, 1, 1, 1, 1, 1, 1, 1, 1, 1, 1, 1, 1, 1, 1, 1, 1, 1, 1, 1, 1, 1, 1, 1, 1, 1, 1, 1, 1, 1, 1, 1, 1, 1, 1, 4 ),
 ( 4, 4 ),
 ( 0.000000000000000000, 0.0004614560975047514598, 0.0006921841462571271626, 0.0009229121950095029196, 0.001153640243761878568, 0.001384368292514254325, 0.001615096341266629865, 0.001845824390019005839, 0.002076552438771381813, 0.002307280487523757136, 0.002538008536276132893, 0.002768736585028508650, 0.002999464633780883974, 0.003230192682533259731, 0.003460920731285635488, 0.003691648780038011678, 0.003922376828790387002, 0.004153104877542763626, 0.004383832926295138516, 0.004614560975047514273, 0.004845289023799890030, 0.005076017072552265787, 0.005537473170057017301, 0.006460385365066519461, 0.007383297560076023357, 0.008306209755085527252, 0.008767665852590277031, 0.009229121950095028545, 0.01015203414510453157, 0.01107494634011403460, 0.01199785853512353589, 0.01292077073013303892, 0.01384368292514254195, 0.01476659512015204671, 0.01568950731516154801, 0.01661241951017105450, 0.01845824390019005709, 0.02030406829020906315, 0.02214989268022806920, 0.02399571707024707179, 0.02584154146026607785, 0.02768736585028508390, 0.02953319024030409343, 0.03137901463032309601, 0.03322483902034210901, 0.03691648780038011418, 0.04060813658041812629, 0.04429978536045613841, 0.04799143414049414358, 0.05168308292053215569, 0.05537473170057016780, 0.05906638048060818685, 0.06275802926064619203, 0.06644967804068421802, 0.07014132682072221625, 0.07383297560076022836, 0.08121627316083625259, 0.08859957072091227681, 0.09598286828098828716, 0.1033661658410643114, 0.1107494634011403495, 0.1181327609612163737, 0.1328993560813684360, 0.1476659512015204567, 0.1624325463216725052, 0.1771991414418245536, 0.1919657365619766021, 0.2067323316821286228, 0.2362655219224327474, 0.2510321170425848236, 0.2657987121627368721, 0.2805653072828888650, 0.2953319024030409135, 0.3100984975231929619, 0.3248650926433450103, 0.3396316877634970588, 0.3543982828836491072, 0.3691648780038011557, 0.3839314731239531486, 0.3913147706840292006, 0.3986980682441051971, 0.4060813658041812491, 0.4134646633642572455, 0.4208479609243332420, 0.4282312584844092940, 0.4356145560444853460, 0.4429978536045613424, 0.4503811511646373944, 0.4577644487247134464, 0.4651477462847894428, 0.4688393950648274133, 0.4725310438448654948, 0.4766518950648274133, 0.4807727462847894428, 0.4848935975047514169, 0.4890144487247134464, 0.4931352999446754204, 0.4972561511646373944, 0.5013770023845994794, 0.5054978536045613424, 0.5137395560444852904, 0.5219812584844093495, 0.5302229609243332975, 0.5384646633642572455, 0.5467063658041813046, 0.5549480682441051416, 0.5714314731239531486, 0.5879148780038011557, 0.6043982828836491628, 0.6208816877634970588, 0.6373650926433449548, 0.6538484975231928509, 0.6703319024030409690, 0.6868153072828888650, 0.7032987121627368721, 0.7362655219224327752, 0.7692323316821287893, 0.7857157365619766853, 0.8021991414418245814, 0.8186825463216724774, 0.8351659512015203735, 0.8516493560813682695, 0.8681327609612163876, 0.8846161658410642836, 0.9010995707209121797, 0.9093412731608361277, 0.9175829756007600757, 0.9258246780406840237, 0.9340663804806081938, 0.9423080829205321418, 0.9505497853604560898, 0.9587914878003800379, 0.9670331902403042079, 0.9752748926802279339, 0.9793957439001899079, 0.9835165951201518819, 0.9876374463401138559, 0.9917582975600760520, 0.9938187231700568169, 0.9958791487800380260, 0.9979395743900192350, 0.9989697871950096175, 0.9994848935975049198, 0.9997424467987523489, 0.9998712233993762855, 0.9999356116996880317, 1.000000000000000000 ),
 ( 0.000000000000000000, 1.000000000000000000 ),
 .UNSPECIFIED. ) ;
#5434 = CARTESIAN_POINT ( 'NONE',  ( 2.261187682889647999, 0.003669849360425998710, 0.6632207947288143446 ) ) ;
#5435 = CARTESIAN_POINT ( 'NONE',  ( 1.501396147574218257E-16, 0.8110768568541631973, 1.225982992500000091 ) ) ;
#5436 = CARTESIAN_POINT ( 'NONE',  ( -2.113003090248532612, 0.4110406309692629101, 0.2874882968203280598 ) ) ;
#5437 = CARTESIAN_POINT ( 'NONE',  ( 3.267296808397290420, 0.4946423422560058403, -0.1221694805735961120 ) ) ;
#5438 = CARTESIAN_POINT ( 'NONE',  ( -14.33582779230001236, 0.6538576352875453690, 0.8200293234528589492 ) ) ;
#5439 = CARTESIAN_POINT ( 'NONE',  ( 1.258675872300000442, -0.01391719226500269350, 0.7647976183567164465 ) ) ;
#5440 = CARTESIAN_POINT ( 'NONE',  ( -0.7411826345420150508, 0.3000887178040492764, 0.9765721530799813532 ) ) ;
#5441 = CARTESIAN_POINT ( 'NONE',  ( -11.07050966162478645, 0.4021333900153140628, 0.2965046104551730677 ) ) ;
#5442 = CARTESIAN_POINT ( 'NONE',  ( 14.33582779229999637, 0.4227356382105103005, -0.1705442167804936682 ) ) ;
#5444 = EDGE_CURVE ( 'NONE', #3083, #3967, #5511, .T. ) ;
#5443 = CARTESIAN_POINT ( 'NONE',  ( 3.213559985121839269, -0.1208230632298341878, 0.8991809197853506408 ) ) ;
#5445 = CARTESIAN_POINT ( 'NONE',  ( -14.33582779229999815, 0.6070191811925962355, 0.7963922913042894569 ) ) ;
#5446 = CARTESIAN_POINT ( 'NONE',  ( -1.258675872299999776, 0.2004949339628461502, -0.03690472993182254691 ) ) ;
#5447 = CARTESIAN_POINT ( 'NONE',  ( 11.07202485376920009, 0.4763720597139937118, -0.4019842546137570860 ) ) ;
#5448 = CARTESIAN_POINT ( 'NONE',  ( -11.07279531476497958, 0.5367090451841172172, 0.4333892557971262272 ) ) ;
#5449 = CARTESIAN_POINT ( 'NONE',  ( -3.213509985887135656, -0.1362876198016519935, -0.9183214324288432318 ) ) ;
#5450 = CARTESIAN_POINT ( 'NONE',  ( -11.07168651076271715, 0.4642591736579119721, 0.3840651726138317734 ) ) ;
#5451 = CARTESIAN_POINT ( 'NONE',  ( -0.7957529479449928500, 0.09504494060570266301, 0.9328873578202754313 ) ) ;
#5452 = CARTESIAN_POINT ( 'NONE',  ( -11.07889445398571127, 0.7119263600865545216, 0.6518923899779195397 ) ) ;
#5453 = CARTESIAN_POINT ( 'NONE',  ( 14.33582779229999460, 0.5078693569752390502, -0.2629382766060407994 ) ) ;
#5454 = CARTESIAN_POINT ( 'NONE',  ( 2.068388644178563496, 0.5361313066368922353, -0.7678746042823103579 ) ) ;
#5455 = CARTESIAN_POINT ( 'NONE',  ( 1.720939892747754829, -0.01275333052685295385, 0.7192029326753305307 ) ) ;
#5456 = CARTESIAN_POINT ( 'NONE',  ( -3.304098318535813483, 0.6993873528796313854, 1.016975075516608484 ) ) ;
#5457 = CARTESIAN_POINT ( 'NONE',  ( 7.386120366228747791, -0.7073382300710950865, 2.251808662590658816 ) ) ;
#5458 = CARTESIAN_POINT ( 'NONE',  ( -2.566391064299998970, -0.07066404471200436743, -0.7884164723757396409 ) ) ;
#5459 = CARTESIAN_POINT ( 'NONE',  ( 2.258807447843795391, 0.03196771392439215487, 0.6173707475766808672 ) ) ;
#5460 = CARTESIAN_POINT ( 'NONE',  ( 0.7434545231798525000, -0.1362288060422186253, 0.9748525489055744897 ) ) ;
#5461 = CARTESIAN_POINT ( 'NONE',  ( -2.566391064300002078, 0.5341326504006035369, 0.2183627322816993344 ) ) ;
#5462 = CARTESIAN_POINT ( 'NONE',  ( 7.206226278648838246, 0.7519331098393136070, -0.8485312828836539811 ) ) ;
#5463 = CARTESIAN_POINT ( 'NONE',  ( -2.566391064299998970, 0.6957495076645362486, 0.7918421656782637097 ) ) ;
#5464 = CARTESIAN_POINT ( 'NONE',  ( 1.258675872299999776, 0.5176384891878477168, 0.1893318323286347638 ) ) ;
#5465 = CARTESIAN_POINT ( 'NONE',  ( -1.258675872299999776, 0.2151684547253857882, 0.2450681791727584435 ) ) ;
#5466 = CARTESIAN_POINT ( 'NONE',  ( -11.07041039831776708, 0.3906230862810274318, 0.2811738785426399767 ) ) ;
#5467 = CARTESIAN_POINT ( 'NONE',  ( 11.07239224371111419, 0.5209980591826095520, -0.4153679837000630592 ) ) ;
#5468 = CARTESIAN_POINT ( 'NONE',  ( 14.33582779230000703, 0.2814504096408577682, -0.03348424185543179971 ) ) ;
#5469 = CARTESIAN_POINT ( 'NONE',  ( -3.302544649012232991, 0.6618955724470024782, 0.8792750732221994436 ) ) ;
#5470 = CARTESIAN_POINT ( 'NONE',  ( -1.215889019752888656, 0.7207197982964678173, 0.1801475112482807672 ) ) ;
#5471 = CARTESIAN_POINT ( 'NONE',  ( 7.374207631578687305, -0.5283069060090795910, 1.952132195384274294 ) ) ;
#5472 = CARTESIAN_POINT ( 'NONE',  ( -3.220603786594428808, 0.1133819847643865453, -0.6558115631850464089 ) ) ;
#5473 = CARTESIAN_POINT ( 'NONE',  ( -14.33582779230002302, 0.2687350757121523270, 0.01683352771487484426 ) ) ;
#5474 = CARTESIAN_POINT ( 'NONE',  ( -3.216119017226774623, -0.02212397077444645463, -0.7654710146100468515 ) ) ;
#5475 = ORIENTED_EDGE ( 'NONE', *, *, #1161, .F. ) ;
#5476 = CARTESIAN_POINT ( 'NONE',  ( -11.07416661699805260, 0.5841972749858103109, 0.4893186195310574305 ) ) ;
#5477 = CARTESIAN_POINT ( 'NONE',  ( 14.33582779229999460, 0.3787628739022578794, -0.1256732857781565071 ) ) ;
#5478 = CARTESIAN_POINT ( 'NONE',  ( 1.636324754470870779, 0.4519708649235517073, -0.7757885457391494599 ) ) ;
#5479 = CARTESIAN_POINT ( 'NONE',  ( 1.720941105591886844, -0.01330544448972494596, 0.7205731985690262409 ) ) ;
#5480 = CIRCLE ( 'NONE', #724, 0.1702754156250000095 ) ;
#5481 = CARTESIAN_POINT ( 'NONE',  ( -2.566391064299999858, 0.6212848363331429091, 0.8359788181397669327 ) ) ;
#5482 = CARTESIAN_POINT ( 'NONE',  ( 2.566391064299999858, -0.07487273928602436457, 0.7901669658921326445 ) ) ;
#5483 = CARTESIAN_POINT ( 'NONE',  ( -2.566391064299998970, 0.09269430341056102141, -0.6281020305882138999 ) ) ;
#5484 = CARTESIAN_POINT ( 'NONE',  ( 2.251263457263092072, 0.08676019666483840431, 0.5260567807453422340 ) ) ;
#5485 = CARTESIAN_POINT ( 'NONE',  ( -13.83241655963225192, 0.2763995499446237347, 0.03563609021559673018 ) ) ;
#5486 = CARTESIAN_POINT ( 'NONE',  ( -2.566391064299999414, 0.5799359178212928345, 0.6440614501116580515 ) ) ;
#5487 = CARTESIAN_POINT ( 'NONE',  ( 7.167181543787845222, 0.9790411258937056216, -1.623451510437202261 ) ) ;
#5488 = CARTESIAN_POINT ( 'NONE',  ( -2.566391064300002078, 0.7596091003275459164, 0.6159999660799205801 ) ) ;
#5489 = CARTESIAN_POINT ( 'NONE',  ( 1.258675872299999776, 0.6004959455143787928, -0.3261146625232663188 ) ) ;
#5490 = CARTESIAN_POINT ( 'NONE',  ( -1.135342538910912635, 0.03109524914022980882, 0.4678582920440295667 ) ) ;
#5491 = CARTESIAN_POINT ( 'NONE',  ( -7.383030595457529266, -0.6363764422951025956, -2.143005718966265682 ) ) ;
#5492 = CARTESIAN_POINT ( 'NONE',  ( 3.217385866086526214, 0.04360713746229422788, 0.7326726688612804628 ) ) ;
#5493 = CARTESIAN_POINT ( 'NONE',  ( 3.213849365141725922, -0.09627196106766701400, 0.8670764777856675432 ) ) ;
#5494 = CARTESIAN_POINT ( 'NONE',  ( 2.566391064299999858, -0.08618181965891211216, 0.8027442777002139485 ) ) ;
#5495 = CARTESIAN_POINT ( 'NONE',  ( -1.258675872299999776, 0.1554466679754843705, 0.7429275194805661231 ) ) ;
#5496 = CARTESIAN_POINT ( 'NONE',  ( 14.33582779229999637, 0.3406344758467942380, -0.1120552799881373851 ) ) ;
#5497 = CARTESIAN_POINT ( 'NONE',  ( -2.566391064299992308, -0.07446025683226902003, -0.7922812202756155386 ) ) ;
#5498 = CARTESIAN_POINT ( 'NONE',  ( -2.566391064299997637, -0.08355121436409808366, -0.8014011732201435922 ) ) ;
#5499 = CARTESIAN_POINT ( 'NONE',  ( -3.216519702238465950, -0.01320852673407419201, -0.7528155038259518594 ) ) ;
#5500 = CARTESIAN_POINT ( 'NONE',  ( -0.7657418752678478713, 0.4131215229147278123, 0.9574331030381428853 ) ) ;
#5501 = CARTESIAN_POINT ( 'NONE',  ( -14.33582779229999460, 0.5078693569752390502, 0.2629382766060407994 ) ) ;
#5502 = CARTESIAN_POINT ( 'NONE',  ( 7.358978094029017036, -0.3229494295795875547, 1.681437191489378646 ) ) ;
#5503 = CARTESIAN_POINT ( 'NONE',  ( 2.566391064300002967, 0.5927819783407167753, -0.7572260581112906230 ) ) ;
#5504 = CARTESIAN_POINT ( 'NONE',  ( -2.566391064299997637, 0.7148742663221566707, 0.7605851156453840023 ) ) ;
#5505 = CARTESIAN_POINT ( 'NONE',  ( 2.566391064300007407, -0.07156843832380085924, 0.7859386314247499561 ) ) ;
#5506 = CARTESIAN_POINT ( 'NONE',  ( 7.163360028463587881, 1.031654831320503174, -1.781614268935169942 ) ) ;
#5507 = CARTESIAN_POINT ( 'NONE',  ( 1.720208455839772554, 0.02655106189712567316, 0.6394518527606090075 ) ) ;
#5508 = CARTESIAN_POINT ( 'NONE',  ( -13.82783979626290360, 0.2759732025246531273, 0.03509990906362901730 ) ) ;
#5509 = CARTESIAN_POINT ( 'NONE',  ( -1.258675872299999776, 0.3640641140712234103, 0.7822107190697042967 ) ) ;
#5510 = CARTESIAN_POINT ( 'NONE',  ( 7.172771019938256387, 0.9433577847022869278, -1.486595434499124568 ) ) ;
#5511 = CIRCLE ( 'NONE', #5054, 1.225982992500000091 ) ;
#5512 = CARTESIAN_POINT ( 'NONE',  ( -11.09564843942741774, 1.017676243681971293, 1.221370683605729424 ) ) ;
#5513 = CARTESIAN_POINT ( 'NONE',  ( 14.07138396974456285, 0.6216689997945149537, -0.7208299326212700420 ) ) ;
#5514 = EDGE_CURVE ( 'NONE', #2347, #4329, #721, .T. ) ;
#5515 = CARTESIAN_POINT ( 'NONE',  ( -2.260019582622267098, 0.01907231532692735959, -0.6383666680355598588 ) ) ;
#5516 = CARTESIAN_POINT ( 'NONE',  ( -1.258675872299999776, 0.1421696552121062551, 0.5987852984419129720 ) ) ;
#5517 = CARTESIAN_POINT ( 'NONE',  ( -14.33582779229999637, 0.3150891637325661243, 0.07755715547801710075 ) ) ;
#5518 = CARTESIAN_POINT ( 'NONE',  ( 7.315731052281376989, 0.07489718086284015419, 0.9660996370391408128 ) ) ;
#5519 = CARTESIAN_POINT ( 'NONE',  ( 11.07061197586862455, 0.4108399669613256311, -0.3083023963068225459 ) ) ;
#5520 = CARTESIAN_POINT ( 'NONE',  ( 0.000000000000000000, -0.7170990083023013328, 0.000000000000000000 ) ) ;
#5521 = CARTESIAN_POINT ( 'NONE',  ( -0.9055131085599451568, 0.001771483707523935835, 0.8294124616362211766 ) ) ;
#5522 = CARTESIAN_POINT ( 'NONE',  ( 14.33582779229999460, 0.4647825336208461500, -0.2957997969054739218 ) ) ;
#5523 = CARTESIAN_POINT ( 'NONE',  ( -14.33582779229999637, 0.2835713825887986039, 0.03205759708185607765 ) ) ;
#5524 = CARTESIAN_POINT ( 'NONE',  ( -3.213530834861009211, -0.1262027458809555636, -0.9061136560667840678 ) ) ;
#5525 = CARTESIAN_POINT ( 'NONE',  ( -3.223191392776040054, 0.09499394909899559758, -0.5924771244454392072 ) ) ;
#5526 = CARTESIAN_POINT ( 'NONE',  ( -0.7729511345561485003, 0.1422322401643167089, 0.9516972718744797222 ) ) ;
#5527 = CARTESIAN_POINT ( 'NONE',  ( -14.33582779230000703, 0.4444049877457958986, 0.1932852663062803733 ) ) ;
#5528 = CARTESIAN_POINT ( 'NONE',  ( 7.364621968974071287, -0.3819972330521036463, 1.780589516671979844 ) ) ;
#5529 = CARTESIAN_POINT ( 'NONE',  ( 2.067970153576828007, 0.5096037033385591997, -0.7826321792372483710 ) ) ;
#5530 = CARTESIAN_POINT ( 'NONE',  ( -3.304038017082994383, 0.7283566282827620419, 1.016428573434339899 ) ) ;
#5531 = CARTESIAN_POINT ( 'NONE',  ( -3.267296808397290420, 0.4946423422560058403, 0.1221694805735961120 ) ) ;
#5532 = CARTESIAN_POINT ( 'NONE',  ( -3.213575308861357005, -0.1186666738178596414, -0.8963925929692235783 ) ) ;
#5533 = CARTESIAN_POINT ( 'NONE',  ( 14.33582779229999815, 0.2729295939272631810, -0.02255223518675455313 ) ) ;
#5534 = DIRECTION ( 'NONE',  ( 0.000000000000000000, 0.000000000000000000, 1.000000000000000000 ) ) ;
#5535 = CARTESIAN_POINT ( 'NONE',  ( 1.258675872299997334, 0.03020115765766422100, 0.6427768351582187067 ) ) ;
#5536 = CARTESIAN_POINT ( 'NONE',  ( 1.186706625926907455, 0.05486693573844641375, 0.3228017077643201005 ) ) ;
#5537 = CARTESIAN_POINT ( 'NONE',  ( -1.636324754470870779, 0.4519708649235517073, 0.7757885457391494599 ) ) ;
#5538 = CARTESIAN_POINT ( 'NONE',  ( 11.09131841396614071, 0.8360091263135647210, -1.060478456581021245 ) ) ;
#5539 = CARTESIAN_POINT ( 'NONE',  ( -7.198066459451006871, 0.9668458968159656663, 1.001990559362440303 ) ) ;
#5540 = CARTESIAN_POINT ( 'NONE',  ( 14.14749800356084464, 0.5983866404619835322, -0.5752907433600765730 ) ) ;
#5541 = CARTESIAN_POINT ( 'NONE',  ( -2.566391064300006963, 0.01681199788994603914, -0.6702886685728105531 ) ) ;
#5542 = CARTESIAN_POINT ( 'NONE',  ( -1.258675872299999776, 0.2181947196588319426, 0.1518102932182696929 ) ) ;
#5543 = CARTESIAN_POINT ( 'NONE',  ( -11.07083330186155123, 0.4254835865613705859, 0.3285127843921087365 ) ) ;
#5544 = CARTESIAN_POINT ( 'NONE',  ( 3.251726938723298321, 0.5228800273101196217, 0.1366624116269646583 ) ) ;
#5545 = CARTESIAN_POINT ( 'NONE',  ( 14.33582779230003545, 0.2891099744501472446, -0.04338701621664670105 ) ) ;
#5546 = CARTESIAN_POINT ( 'NONE',  ( -2.566391064299999858, -0.08694497503564364849, -0.8057091551671229368 ) ) ;
#5547 = CARTESIAN_POINT ( 'NONE',  ( -14.11890027165700623, 0.7284478141877915869, 0.06231167250834651616 ) ) ;
#5548 = CARTESIAN_POINT ( 'NONE',  ( 3.242150584222105003, 0.2940083833343757336, 0.2656511293464282053 ) ) ;
#5549 = CARTESIAN_POINT ( 'NONE',  ( -2.566391064299992752, -0.01671232471186683347, -0.7352717851263881332 ) ) ;
#5550 = CARTESIAN_POINT ( 'NONE',  ( -2.566391064299995861, -0.07652544891066652422, -0.7922807719545676974 ) ) ;
#5551 = CARTESIAN_POINT ( 'NONE',  ( -11.07636988083693375, 0.5878047916772607406, 0.5778493833193660834 ) ) ;
#5552 = FACE_OUTER_BOUND ( 'NONE', #1886, .T. ) ;
#5553 = CARTESIAN_POINT ( 'NONE',  ( 1.720942056790966346, -0.01480742630697448083, 0.7237456014546790328 ) ) ;
#5554 = CARTESIAN_POINT ( 'NONE',  ( 3.215063655410704158, -0.02529249362723735503, 0.8054972759231889823 ) ) ;
#5555 = CARTESIAN_POINT ( 'NONE',  ( 2.165355706538494296, 0.5758643468185647984, 0.04348432292101315350 ) ) ;
#5556 = CARTESIAN_POINT ( 'NONE',  ( -7.163708520741811192, 1.060852397611697029, 1.767382100584342197 ) ) ;
#5557 = CARTESIAN_POINT ( 'NONE',  ( -14.33582779230000526, 0.4496541037318765310, 0.2715018007673507539 ) ) ;
#5558 = CARTESIAN_POINT ( 'NONE',  ( -11.07036410196291598, 0.3820670573426424577, 0.2699772425152886512 ) ) ;
#5559 = CARTESIAN_POINT ( 'NONE',  ( 3.213602307638175226, -0.1154278706066500793, 0.8921929001781432333 ) ) ;
#5560 = CARTESIAN_POINT ( 'NONE',  ( -2.566391064299999858, -0.08690273035916852573, -0.8057291524243924696 ) ) ;
#5561 = CARTESIAN_POINT ( 'NONE',  ( 2.231302385539274624, 0.1748530082323091761, 0.3705944238572488336 ) ) ;
#5562 = CARTESIAN_POINT ( 'NONE',  ( 1.258675872299999776, 0.2004949339628461502, 0.03690472993182254691 ) ) ;
#5563 = CARTESIAN_POINT ( 'NONE',  ( -1.636189556129681089, 0.4385943206958344276, 0.7821939385844525194 ) ) ;
#5564 = EDGE_CURVE ( 'NONE', #3202, #5429, #3387, .T. ) ;
#5565 = CARTESIAN_POINT ( 'NONE',  ( 2.566391064299997637, 0.5926789436670042432, -0.7565781265997153504 ) ) ;
#5566 = CARTESIAN_POINT ( 'NONE',  ( -2.566391064299997637, 0.6887142327348920734, 0.09622378694140842903 ) ) ;
#5567 = PLANE ( 'NONE',  #2288 ) ;
#5568 = CARTESIAN_POINT ( 'NONE',  ( -1.717293971095262828, 0.07736267371700945861, -0.5321086424858900710 ) ) ;
#5569 = CARTESIAN_POINT ( 'NONE',  ( -0.7374473134651955419, -0.1380869617704688079, -0.9793905479893176835 ) ) ;
#5570 = CARTESIAN_POINT ( 'NONE',  ( -7.375440529260582245, -0.5415697873040671295, -1.976489476786213784 ) ) ;
#5571 = CARTESIAN_POINT ( 'NONE',  ( 3.213651668383725291, -0.1038069686510117023, 0.8852147023199614662 ) ) ;
#5572 = CARTESIAN_POINT ( 'NONE',  ( 2.566391064300006963, -0.04961530160187875571, 0.7576914311768707666 ) ) ;
#5573 = CARTESIAN_POINT ( 'NONE',  ( -2.566391064299999858, 0.6951435426784081661, -0.04883064263411547590 ) ) ;
#5574 = CARTESIAN_POINT ( 'NONE',  ( -1.258675872299999776, 0.5787196340063335276, 0.06479956625366060929 ) ) ;
#5575 = CARTESIAN_POINT ( 'NONE',  ( 14.33582779230001591, 0.5903222713583228254, -0.5825520958730489030 ) ) ;
#5576 = CARTESIAN_POINT ( 'NONE',  ( -14.33582779230000703, 0.2734122955926004961, 0.02185709819379478419 ) ) ;
#5577 = CARTESIAN_POINT ( 'NONE',  ( -3.213520868381201101, -0.1288874195384940857, -0.9095627769929605089 ) ) ;
#5578 = CARTESIAN_POINT ( 'NONE',  ( -7.368729077970540331, -0.4725576341989871088, -1.847870897146709490 ) ) ;
#5579 = CARTESIAN_POINT ( 'NONE',  ( 2.566391064300002967, 0.7044045885559632181, -0.7787421838138853802 ) ) ;
#5580 = CARTESIAN_POINT ( 'NONE',  ( 2.262870433962573813, -0.04557172598877334835, 0.7422568733846153233 ) ) ;
#5581 = CARTESIAN_POINT ( 'NONE',  ( 14.33582779230001591, 0.3022915394296518676, -0.05035883818326016698 ) ) ;
#5582 = CARTESIAN_POINT ( 'NONE',  ( 1.652301502329893479, 0.6415351422210151533, -0.3784827830046666453 ) ) ;
#5583 = CARTESIAN_POINT ( 'NONE',  ( -11.10167298898695165, 0.9597866712645070075, 1.601643713615258147 ) ) ;
#5584 = CARTESIAN_POINT ( 'NONE',  ( -2.566391064300008740, 0.5593307585968139151, 0.3288267500949073052 ) ) ;
#5585 = CARTESIAN_POINT ( 'NONE',  ( -7.386100959950991474, -0.7059114850436161159, -2.249877287636487644 ) ) ;
#5586 = CARTESIAN_POINT ( 'NONE',  ( 2.566391064300004743, -0.05399413604152392826, 0.7633499486789759869 ) ) ;
#5587 = CARTESIAN_POINT ( 'NONE',  ( -2.566391064299998970, -0.08648926746635852980, -0.8053514513803344821 ) ) ;
#5588 = CARTESIAN_POINT ( 'NONE',  ( 2.238983269045666802, 0.1455638386742729717, 0.4236706278307596496 ) ) ;
#5589 = CARTESIAN_POINT ( 'NONE',  ( 0.9055131085599451568, 0.001771483707523935835, -0.8294124616362211766 ) ) ;
#5590 = CARTESIAN_POINT ( 'NONE',  ( -1.636174966380635754, 0.3365699553153447821, 0.7710350185979344406 ) ) ;
#5591 = CARTESIAN_POINT ( 'NONE',  ( 14.33582779230000526, 0.6095538910904499952, -0.8106134454375096832 ) ) ;
#5592 = CARTESIAN_POINT ( 'NONE',  ( 3.215130954596592261, -0.04726965782316011611, 0.8006703144817938211 ) ) ;
#5593 = CARTESIAN_POINT ( 'NONE',  ( 2.566391064299998970, 0.09269430341056102141, 0.6281020305882138999 ) ) ;
#5594 = CARTESIAN_POINT ( 'NONE',  ( 13.82930390905863582, 0.2759661023143126224, -0.03526832973085243517 ) ) ;
#5595 = CARTESIAN_POINT ( 'NONE',  ( -2.259496004380538547, 0.02495094424447870732, -0.6288189555542772480 ) ) ;
#5596 = CARTESIAN_POINT ( 'NONE',  ( 0.7657418752678477603, 0.4131215229147275347, -0.9574331030381429963 ) ) ;
#5597 = CARTESIAN_POINT ( 'NONE',  ( 7.382355976030335221, -0.6064477243860152411, 2.127873238111445353 ) ) ;
#5598 = CARTESIAN_POINT ( 'NONE',  ( 7.382680456340787956, -0.6310707909706334551, 2.134146131596983853 ) ) ;
#5599 = CARTESIAN_POINT ( 'NONE',  ( -2.566391064300000302, 0.7031777748311255349, 0.7804091085095147262 ) ) ;
#5600 = CARTESIAN_POINT ( 'NONE',  ( -1.258675872299999554, 0.08405757782056083594, -0.6924701376168294065 ) ) ;
#5601 = AXIS2_PLACEMENT_3D ( 'NONE', #1225, #3854, #2918 ) ;
#5602 = CARTESIAN_POINT ( 'NONE',  ( 14.33582779230000703, 0.5958004181323931503, -0.6395260424056491422 ) ) ;
#5603 = CARTESIAN_POINT ( 'NONE',  ( -14.33582779229998039, 0.2702850537845378764, 0.01849238691113245028 ) ) ;
#5604 = CARTESIAN_POINT ( 'NONE',  ( -7.386167370851304703, -0.7124091975472874871, -2.258585964424995929 ) ) ;
#5605 = CARTESIAN_POINT ( 'NONE',  ( -7.343311241169898196, -0.2471821493858343821, -1.404644738945164839 ) ) ;
#5606 = CARTESIAN_POINT ( 'NONE',  ( 14.33582779230002302, 0.6486247302640406609, -0.8258933660296913226 ) ) ;
#5607 = CARTESIAN_POINT ( 'NONE',  ( 1.186706625926907677, 0.05486693573844645538, 0.3228017077643209887 ) ) ;
#5608 = CARTESIAN_POINT ( 'NONE',  ( 14.33582779229998039, 0.2679807126043483034, -0.01591498008967347916 ) ) ;
#5609 = CARTESIAN_POINT ( 'NONE',  ( 1.655631855712902389, 0.6421813520125367880, -0.3205371685865079923 ) ) ;
#5610 = CARTESIAN_POINT ( 'NONE',  ( -2.262802118641284110, -0.03697365593302275738, -0.7277495474487712945 ) ) ;
#5611 = CARTESIAN_POINT ( 'NONE',  ( -3.299243792408767639, 0.8253184467384202527, 0.7853844006150949575 ) ) ;
#5612 = CARTESIAN_POINT ( 'NONE',  ( -3.289988124143751413, 0.6227703495628940100, 0.5272084256164872862 ) ) ;
#5613 = CARTESIAN_POINT ( 'NONE',  ( -14.33582779229999815, 0.2776070247042315975, 0.02854348996036445291 ) ) ;
#5614 = CARTESIAN_POINT ( 'NONE',  ( 3.214087212473088151, -0.08391291373009442112, 0.8506140591146932328 ) ) ;
#5615 = CARTESIAN_POINT ( 'NONE',  ( 11.09679597267687612, 1.026462599629720751, -1.272099149661737316 ) ) ;
#5616 = CARTESIAN_POINT ( 'NONE',  ( 1.674462358485953484, 0.2942426519469494850, -0.08879195609887695351 ) ) ;
#5617 = CARTESIAN_POINT ( 'NONE',  ( 1.258675872299999776, 0.1645230057966818316, -0.5110726767305835416 ) ) ;
#5618 = CARTESIAN_POINT ( 'NONE',  ( -1.636973836195244836, 0.4929899397279634554, 0.7486444878972057237 ) ) ;
#5619 = CARTESIAN_POINT ( 'NONE',  ( -14.01211697851517179, 0.3300902500134311190, 0.08739867018975408519 ) ) ;
#5620 = CARTESIAN_POINT ( 'NONE',  ( 3.214526125841332682, -0.06637632060739134809, 0.8269164474279337984 ) ) ;
#5621 = CARTESIAN_POINT ( 'NONE',  ( 2.252419607298970394, 0.1538640720181721488, 0.5548214717164365872 ) ) ;
#5622 = CARTESIAN_POINT ( 'NONE',  ( 14.18098359866777258, 0.5042402304080438880, -0.3661051172563837830 ) ) ;
#5623 = CARTESIAN_POINT ( 'NONE',  ( -2.258059744635360744, 0.03894702743538431405, -0.6059311615632188008 ) ) ;
#5624 = CARTESIAN_POINT ( 'NONE',  ( 1.258675872299999776, 0.1762500095929560862, 0.1689588619714898210 ) ) ;
#5625 = CARTESIAN_POINT ( 'NONE',  ( 2.566391064300002522, -0.03171164776116909556, 0.7498864790970671823 ) ) ;
#5626 = CARTESIAN_POINT ( 'NONE',  ( 2.566391064300005187, 0.1184886313697069149, 0.5305539313109606248 ) ) ;
#5627 = CARTESIAN_POINT ( 'NONE',  ( -2.566391064299998970, -0.08506386158594983482, -0.8041912826228975186 ) ) ;
#5628 = CARTESIAN_POINT ( 'NONE',  ( -2.566391064299999858, 0.6032863961049004242, 0.8225976170261386500 ) ) ;
#5629 = CARTESIAN_POINT ( 'NONE',  ( 7.206226278648838246, 0.7519331098393136070, -0.8485312828836539811 ) ) ;
#5630 = CARTESIAN_POINT ( 'NONE',  ( -14.33582779230003545, 0.2693676482534038685, 0.01797790243984773509 ) ) ;
#5631 = CARTESIAN_POINT ( 'NONE',  ( -2.566391064299999414, -0.07762742065533111135, -0.7936899432210974270 ) ) ;
#5632 = CARTESIAN_POINT ( 'NONE',  ( -2.566391064299997637, 0.07682925332667388252, -0.5887130562777596055 ) ) ;
#5633 = CARTESIAN_POINT ( 'NONE',  ( 7.163508350177135497, 1.051582405414573929, -1.776954250172381622 ) ) ;
#5634 = CARTESIAN_POINT ( 'NONE',  ( 1.501396147574218257E-16, 0.7456910972541630489, 1.225982992500000091 ) ) ;
#5635 = CARTESIAN_POINT ( 'NONE',  ( 14.33582779230000703, 0.2734122955926004961, -0.02185709819379478419 ) ) ;
#5636 = CARTESIAN_POINT ( 'NONE',  ( 1.258675872299999776, 0.4770232283005703677, -0.7086714246752203739 ) ) ;
#5637 = CARTESIAN_POINT ( 'NONE',  ( -1.258675872299999554, -0.01488602610117629489, -0.7674457401963945546 ) ) ;
#5638 = CARTESIAN_POINT ( 'NONE',  ( -3.251726938723298321, 0.5228800273101196217, -0.1366624116269646583 ) ) ;
#5639 = CARTESIAN_POINT ( 'NONE',  ( -2.566391064299997637, 0.2471349405917736275, -0.3412206610928471551 ) ) ;
#5640 = CARTESIAN_POINT ( 'NONE',  ( -11.07035040557855687, 0.3778172718300149002, 0.2644782566023957115 ) ) ;
#5641 = B_SPLINE_CURVE_WITH_KNOTS ( 'NONE', 3,
 ( #1052, #1852, #565, #135, #77, #164, #994, #2679, #5274, #1393, #3140, #2797, #1913, #5368, #3599, #5398, #2739, #4112, #1482, #4481, #2373, #2285, #532, #1452, #1361, #3170, #2710, #3227, #4450, #3108, #4845, #191, #4539, #4025, #2254, #5337, #1424, #593, #1942, #1884, #932, #2345, #1823, #4876, #3993, #3568 ),
 .UNSPECIFIED., .F., .F.,
 ( 4, 2, 2, 2, 2, 2, 2, 2, 2, 2, 2, 2, 2, 2, 2, 2, 2, 2, 2, 2, 2, 2, 4 ),
 ( 0.04158306184264627670, 0.04268470828134030698, 0.04378635472003433726, 0.04488800115872837448, 0.04598964759742240477, 0.04819294047481046533, 0.04929458691350450256, 0.05039623335219853284, 0.05259952622958659341, 0.05480281910697466091, 0.05700611198436272148, 0.05810775842305675176, 0.05920940486175078898, 0.06141269773913881486, 0.06361599061652684073, 0.06581928349391485966, 0.06692092993260886913, 0.06802257637130287860, 0.07022586924869091141, 0.07242916212607894422, 0.07463245500346696315, 0.07573410144216088935, 0.07683574788085482943 ),
 .UNSPECIFIED. ) ;
#5642 = CARTESIAN_POINT ( 'NONE',  ( 7.385615760051284617, -0.6866202062458071076, 2.222448773969356584 ) ) ;
#5643 = CARTESIAN_POINT ( 'NONE',  ( 7.170731065138808979, 1.089618891384139809, -1.561492431981556850 ) ) ;
#5644 = CARTESIAN_POINT ( 'NONE',  ( 1.258675872300000442, 0.09429770199556893051, 0.4513966669775287266 ) ) ;
#5645 = CARTESIAN_POINT ( 'NONE',  ( 1.258675872299999776, 0.2788876371925312903, 0.5183818891684500718 ) ) ;
#5646 = CARTESIAN_POINT ( 'NONE',  ( -1.643742182887578007, 0.6110232493803304799, 0.5515918334408030921 ) ) ;
#5647 = ORIENTED_EDGE ( 'NONE', *, *, #319, .F. ) ;
#5648 = CARTESIAN_POINT ( 'NONE',  ( -13.96320036115661978, 0.3074701578104513389, 0.06591264872922351914 ) ) ;
#5649 = CARTESIAN_POINT ( 'NONE',  ( 3.214291896165190732, -0.07515718441279953255, 0.8388307074689158593 ) ) ;
#5650 = CARTESIAN_POINT ( 'NONE',  ( 2.566391064299999858, -0.07487273928602436457, 0.7901669658921326445 ) ) ;
#5651 = CARTESIAN_POINT ( 'NONE',  ( 1.718857992193419504, 0.1205731293215029226, 0.6011652826906265235 ) ) ;
#5652 = CARTESIAN_POINT ( 'NONE',  ( 13.96320036115661978, 0.3074701578104513389, -0.06591264872922351914 ) ) ;
#5653 = CARTESIAN_POINT ( 'NONE',  ( -1.707184896087222903, 0.1630075093214100601, -0.3348104434935004203 ) ) ;
#5654 = CARTESIAN_POINT ( 'NONE',  ( 0.7585626797280795586, -0.1327911289726526889, 0.9632620328663564768 ) ) ;
#5655 = CARTESIAN_POINT ( 'NONE',  ( 14.33582779230002302, 0.2687350757121523270, -0.01683352771487484426 ) ) ;
#5656 = CARTESIAN_POINT ( 'NONE',  ( 3.219632743142198272, 0.04366231369196243994, 0.6700668538369307647 ) ) ;
#5657 = CARTESIAN_POINT ( 'NONE',  ( -2.566391064300002522, -0.08446914228189716933, -0.8022557553465990976 ) ) ;
#5658 = CARTESIAN_POINT ( 'NONE',  ( -13.96320036115661978, 0.3074701578104513389, 0.06591264872922351914 ) ) ;
#5659 = CARTESIAN_POINT ( 'NONE',  ( 3.302544649012232991, 0.6618955724470024782, -0.8792750732221994436 ) ) ;
#5660 = CARTESIAN_POINT ( 'NONE',  ( -3.213510115474784268, -0.1339051168269554115, -0.9170117566069296844 ) ) ;
#5661 = CARTESIAN_POINT ( 'NONE',  ( -7.386054509704601756, -0.7030185401998576555, -2.245920445980187363 ) ) ;
ENDSEC;
END-ISO-10303-21;
